sale_id,date_id,product_id,customer_id,salesperson_id,location_id,units_sold,unit_price,revenue,discount_type,payment_method,delivery_status,return_status,return_amount
1,1,P001,C1996,SP02,L04,24,112.11,2835.162,No Discount,Credit Card,Cancelled,No Returns,40.31
2,1,P003,C1442,SP06,L11,37,52.51,2423.6288,Promotional,Installment,Pending,Partially Returned,163.59
3,1,P004,C1180,SP01,L01,21,492.87,1252.692,Promotional,Credit Card,Cancelled,Partially Returned,358.63
4,1,P004,C0836,SP04,L05,2,343.14,680.0830400000001,Seasonal,Installment,Delivered,No Returns,310.1
5,1,P004,C0258,SP05,L07,37,352.86,1210.7592,Promotional,Installment,Pending,Returned,269.05
6,1,P006,C1211,SP02,L04,9,233.18,2026.4688,Seasonal,Online Payment,Delivered,Partially Returned,166.66
7,1,P006,C1501,SP02,L03,35,389.27,641.2089599999999,No Discount,Installment,Cancelled,No Returns,272.43
8,1,P006,C0376,SP02,L05,43,142.9,889.3247999999999,No Discount,Installment,Cancelled,Partially Returned,243.05
9,1,P006,C0809,SP04,L02,4,93.93,993.18912,No Discount,Cash,Cancelled,Returned,65.51
10,2,P001,C1405,SP01,L05,27,269.79,2100.2709,Seasonal,Credit Card,Cancelled,No Returns,279.13
11,2,P002,C0946,SP03,L11,11,108.99,1674.5856,Seasonal,Cash,Delivered,No Returns,252.51
12,2,P005,C1742,SP01,L03,9,142.51,3422.9952,Seasonal,Cash,Cancelled,No Returns,322.0
13,2,P005,C2051,SP04,L09,33,281.8,2632.27008,No Discount,Cash,Delivered,Returned,35.02
14,2,P006,C0344,SP04,L04,45,407.66,657.1756799999999,Promotional,Cash,Cancelled,Partially Returned,108.75
15,3,P001,C0351,SP05,L07,12,221.72,2259.2115,Promotional,Credit Card,Cancelled,Returned,407.88
16,3,P004,C2104,SP05,L11,13,159.14,1047.696,Promotional,Credit Card,Pending,Returned,11.31
17,3,P006,C1034,SP02,L08,23,23.16,2030.13,Promotional,Credit Card,Cancelled,Partially Returned,110.14
18,4,P002,C0181,SP01,L05,49,74.45,266.86296,Seasonal,Cash,Delivered,Partially Returned,59.03
19,4,P003,C1979,SP02,L10,19,11.31,7802.367999999999,No Discount,Online Payment,Cancelled,Partially Returned,20.12
20,4,P004,C0387,SP04,L09,20,18.29,951.44192,No Discount,Installment,Delivered,No Returns,442.0
21,4,P005,C1717,SP01,L02,34,213.23,1330.26432,Seasonal,Cash,Cancelled,Partially Returned,1.34
22,4,P006,C0711,SP01,L01,10,15.5,812.154,Seasonal,Credit Card,Pending,Returned,110.28
23,5,P001,C1837,SP05,L04,45,318.84,1478.9088,Seasonal,Online Payment,Delivered,Returned,313.91
24,5,P002,C1925,SP04,L03,40,382.72,1109.66112,Promotional,Installment,Cancelled,Returned,308.61
25,6,P001,C0252,SP02,L01,27,169.61,723.1979999999999,Seasonal,Credit Card,Delivered,Partially Returned,201.06
26,6,P001,C0216,SP04,L07,9,348.5,619.6428,Bulk Purchase,Cash,Pending,Returned,43.33
27,6,P002,C1096,SP02,L01,31,61.13,755.9776,Promotional,Installment,Cancelled,Partially Returned,446.14
28,6,P002,C1515,SP04,L01,39,105.37,3469.829999999999,Seasonal,Credit Card,Delivered,No Returns,370.38
29,6,P003,C0774,SP02,L03,25,459.27,4172.8608,No Discount,Online Payment,Cancelled,Returned,394.46
30,6,P003,C0672,SP06,L03,2,496.91,2423.7792,Bulk Purchase,Cash,Cancelled,No Returns,140.53
31,6,P004,C0228,SP01,L01,39,227.43,1378.272,No Discount,Online Payment,Cancelled,No Returns,346.42
32,6,P006,C1044,SP04,L06,29,435.15,3426.696,Promotional,Credit Card,Cancelled,Returned,471.1
33,6,P006,C1438,SP05,L05,20,229.21,1354.60416,Bulk Purchase,Cash,Delivered,No Returns,10.58
34,7,P001,C0904,SP03,L03,29,155.34,1603.0872,Promotional,Online Payment,Pending,No Returns,490.62
35,7,P002,C1876,SP05,L02,32,203.23,1287.98208,Promotional,Installment,Cancelled,Partially Returned,89.19
36,7,P003,C2124,SP01,L08,15,322.61,3829.41,Bulk Purchase,Cash,Pending,No Returns,114.92
37,7,P003,C0994,SP01,L01,36,226.51,1626.1728,Seasonal,Cash,Cancelled,Returned,381.35
38,7,P004,C0133,SP03,L06,5,78.47,3752.928,Promotional,Online Payment,Cancelled,Returned,499.26
39,7,P005,C0926,SP03,L02,47,51.91,254.9568,Promotional,Online Payment,Pending,No Returns,444.87
40,7,P006,C1381,SP02,L10,42,320.17,3984.4672,Seasonal,Installment,Delivered,Partially Returned,446.88
41,8,P001,C0046,SP02,L03,4,286.25,3197.6856,Seasonal,Credit Card,Pending,Returned,151.15
42,8,P002,C0965,SP06,L08,44,97.01,2566.188,Bulk Purchase,Installment,Cancelled,Partially Returned,246.72
43,8,P004,C0271,SP01,L05,43,322.11,2673.7893,Promotional,Credit Card,Pending,Partially Returned,67.62
44,8,P004,C1457,SP02,L08,37,60.77,5171.1075,Seasonal,Credit Card,Delivered,No Returns,334.28
45,9,P001,C0139,SP03,L05,26,207.6,710.97936,Bulk Purchase,Cash,Cancelled,Returned,294.3
46,9,P002,C2137,SP05,L06,44,238.66,3685.1328,No Discount,Cash,Cancelled,Partially Returned,103.65
47,9,P002,C1172,SP06,L11,23,133.7,1385.3696,Bulk Purchase,Installment,Cancelled,No Returns,253.73
48,9,P003,C0742,SP06,L08,10,326.66,1418.67,Seasonal,Online Payment,Pending,Partially Returned,7.4
49,9,P004,C1814,SP01,L06,12,413.39,4866.528,Seasonal,Online Payment,Delivered,Partially Returned,316.56
50,9,P004,C1790,SP06,L09,42,91.49,1301.8368,Seasonal,Cash,Delivered,Returned,142.34
51,10,P001,C0203,SP01,L09,14,222.65,889.4688000000001,Seasonal,Credit Card,Delivered,Returned,444.21
52,10,P002,C1295,SP04,L05,2,240.41,1940.484,Seasonal,Online Payment,Delivered,Partially Returned,273.14
53,10,P002,C0056,SP06,L04,46,67.25,1389.636,Promotional,Credit Card,Delivered,Returned,417.43
54,10,P004,C1413,SP06,L06,3,326.45,2870.208,No Discount,Credit Card,Cancelled,Returned,335.05
55,10,P005,C1986,SP05,L01,45,354.66,3150.882,Bulk Purchase,Credit Card,Delivered,Partially Returned,336.96
56,10,P006,C2160,SP03,L08,3,104.76,4722.678,No Discount,Cash,Cancelled,Returned,87.7
57,10,P006,C0166,SP04,L06,13,117.85,2841.1392,Promotional,Installment,Pending,No Returns,287.08
58,11,P001,C1094,SP03,L04,47,191.27,2647.0152,Seasonal,Credit Card,Pending,Returned,409.19
59,11,P002,C2102,SP02,L06,24,24.2,2634.8544,Promotional,Cash,Pending,No Returns,286.66
60,11,P002,C0139,SP04,L06,36,73.58,2200.128,Seasonal,Installment,Pending,No Returns,229.4
61,11,P002,C1938,SP06,L07,19,107.83,1128.9432,Promotional,Installment,Pending,No Returns,299.43
62,11,P003,C0303,SP04,L06,19,468.34,3956.256,Promotional,Credit Card,Delivered,No Returns,420.09
63,11,P005,C0864,SP01,L07,5,114.08,2555.742,Seasonal,Online Payment,Pending,No Returns,303.93
64,11,P006,C1726,SP01,L08,27,44.99,2735.532000000001,Promotional,Installment,Delivered,Returned,307.01
65,11,P006,C0686,SP04,L10,11,56.4,4036.1664,Bulk Purchase,Cash,Cancelled,Returned,485.54
66,11,P006,C1974,SP05,L05,29,321.99,2103.1647,No Discount,Credit Card,Pending,Returned,428.89
67,12,P004,C2080,SP01,L11,36,315.34,2006.784,No Discount,Credit Card,Delivered,No Returns,271.87
68,12,P006,C0006,SP03,L11,2,473.03,5484.8,No Discount,Online Payment,Pending,Returned,346.28
69,13,P001,C1302,SP02,L03,1,324.95,4293.7776,Promotional,Online Payment,Delivered,Partially Returned,251.06
70,13,P003,C0882,SP05,L08,11,417.87,3155.148,Promotional,Installment,Cancelled,No Returns,169.75
71,13,P004,C0728,SP06,L08,8,422.8,2453.166,Bulk Purchase,Cash,Delivered,Returned,3.04
72,13,P005,C0091,SP05,L01,47,43.45,845.3199999999999,Seasonal,Online Payment,Delivered,Partially Returned,210.27
73,13,P006,C0104,SP01,L01,46,455.66,1412.4992,Promotional,Installment,Pending,No Returns,484.8
74,13,P006,C1390,SP04,L06,28,300.42,1802.688,Promotional,Online Payment,Delivered,Partially Returned,446.35
75,14,P002,C1488,SP01,L12,5,158.07,1169.77408,Seasonal,Installment,Delivered,No Returns,157.72
76,14,P002,C0536,SP02,L01,18,79.52,1737.792,No Discount,Credit Card,Cancelled,Partially Returned,129.04
77,14,P005,C0551,SP01,L05,39,178.03,1361.13432,Promotional,Cash,Cancelled,Returned,213.67
78,14,P005,C1226,SP03,L08,22,147.26,453.096,Promotional,Installment,Cancelled,Returned,139.64
79,15,P003,C2100,SP02,L03,1,107.49,3571.98336,No Discount,Cash,Delivered,No Returns,86.57
80,16,P001,C0596,SP01,L01,46,439.61,372.5568,No Discount,Cash,Delivered,Returned,36.19
81,16,P001,C0060,SP06,L06,17,88.91,2085.8688,Seasonal,Cash,Delivered,Returned,202.47
82,16,P005,C1059,SP04,L02,22,364.34,2099.9104,Promotional,Online Payment,Pending,Returned,101.31
83,16,P005,C0219,SP05,L09,20,156.99,823.2048000000001,Seasonal,Credit Card,Cancelled,Partially Returned,344.84
84,16,P006,C1609,SP05,L01,14,80.28,2605.4112,Seasonal,Cash,Pending,Partially Returned,33.12
85,17,P001,C1840,SP01,L03,3,47.88,2094.8544,Seasonal,Cash,Pending,Returned,331.47
86,17,P005,C0846,SP04,L11,39,44.63,914.6112,Promotional,Installment,Pending,No Returns,398.33
87,17,P005,C0567,SP05,L03,26,157.11,1626.38928,Promotional,Cash,Delivered,Returned,459.02
88,17,P006,C0260,SP06,L09,38,446.0,453.9110400000001,Bulk Purchase,Installment,Delivered,Partially Returned,323.98
89,18,P001,C0033,SP06,L12,45,356.93,2018.6752,Seasonal,Online Payment,Cancelled,Returned,47.63
90,18,P004,C1325,SP02,L06,8,168.53,5611.392,No Discount,Cash,Delivered,Returned,203.14
91,18,P004,C1303,SP05,L03,17,128.79,4060.8216,No Discount,Credit Card,Delivered,No Returns,393.53
92,18,P004,C0275,SP05,L08,40,485.18,4309.559999999999,Seasonal,Online Payment,Cancelled,Returned,71.76
93,19,P001,C0284,SP02,L01,49,461.03,839.7983999999999,Bulk Purchase,Cash,Delivered,Returned,460.31
94,19,P002,C1495,SP03,L01,37,121.76,574.448,Seasonal,Online Payment,Pending,No Returns,339.9
95,19,P004,C0188,SP04,L11,46,320.93,1431.2064,Bulk Purchase,Cash,Cancelled,Partially Returned,433.84
96,19,P006,C0190,SP01,L06,42,393.2,741.024,No Discount,Credit Card,Delivered,Partially Returned,356.27
97,20,P003,C0477,SP01,L01,7,430.56,415.52,Seasonal,Online Payment,Cancelled,Partially Returned,20.94
98,20,P004,C0521,SP01,L09,38,467.04,3707.880000000001,No Discount,Credit Card,Cancelled,Returned,366.69
99,20,P004,C1252,SP03,L01,37,410.56,3400.936,Bulk Purchase,Online Payment,Pending,No Returns,198.78
100,20,P004,C1512,SP04,L10,1,80.48,2642.136,Seasonal,Credit Card,Delivered,No Returns,422.24
101,20,P004,C0917,SP05,L08,26,470.66,2722.536,Bulk Purchase,Installment,Delivered,No Returns,434.76
102,20,P005,C1726,SP03,L12,27,380.48,1065.5736,Promotional,Credit Card,Pending,Partially Returned,490.33
103,20,P006,C1813,SP05,L04,31,267.1,2715.4656,Bulk Purchase,Online Payment,Cancelled,No Returns,413.68
104,21,P002,C0896,SP03,L09,44,73.21,232.86912,Seasonal,Cash,Delivered,Partially Returned,447.78
105,21,P003,C0560,SP01,L03,7,450.24,2321.136,Bulk Purchase,Cash,Cancelled,No Returns,289.05
106,21,P004,C0593,SP04,L03,45,340.14,1625.98752,Bulk Purchase,Installment,Pending,Partially Returned,249.28
107,21,P005,C0272,SP02,L12,49,97.77,246.9216,Promotional,Credit Card,Cancelled,No Returns,428.15
108,21,P005,C1991,SP03,L09,20,222.64,1671.12,Promotional,Credit Card,Pending,Partially Returned,315.21
109,21,P006,C0026,SP04,L11,28,353.91,4229.712,No Discount,Credit Card,Pending,No Returns,304.35
110,22,P004,C0352,SP01,L02,43,170.1,1638.52416,No Discount,Cash,Pending,Partially Returned,287.46
111,22,P004,C0840,SP06,L06,43,67.04,600.84,Seasonal,Credit Card,Delivered,Returned,278.94
112,22,P005,C0952,SP03,L12,12,144.45,4059.0288,No Discount,Credit Card,Cancelled,No Returns,261.62
113,23,P001,C0231,SP01,L03,6,286.92,6291.367200000001,Bulk Purchase,Online Payment,Cancelled,Returned,356.19
114,23,P002,C1048,SP04,L07,30,374.64,1942.3215,Promotional,Credit Card,Cancelled,Returned,34.72
115,23,P005,C0392,SP01,L02,26,461.71,1993.152,Promotional,Online Payment,Delivered,Partially Returned,475.19
116,23,P005,C1673,SP01,L01,40,200.88,963.2672,Bulk Purchase,Installment,Cancelled,Returned,447.72
117,24,P002,C0703,SP01,L01,8,265.28,3328.92,Bulk Purchase,Credit Card,Pending,Partially Returned,253.38
118,24,P005,C0435,SP05,L03,21,255.77,153.67968,Seasonal,Installment,Cancelled,No Returns,363.94
119,24,P005,C1190,SP05,L05,36,247.28,1391.44096,Bulk Purchase,Installment,Delivered,Partially Returned,111.61
120,24,P005,C2086,SP06,L06,10,497.72,1417.6128,No Discount,Installment,Pending,No Returns,193.67
121,24,P006,C2023,SP01,L04,42,429.72,2787.9228,Promotional,Credit Card,Pending,Returned,397.69
122,25,P001,C1858,SP03,L04,1,95.94,153.04896,No Discount,Installment,Cancelled,Returned,467.6
123,25,P002,C1500,SP06,L03,17,349.75,379.08,Seasonal,Credit Card,Delivered,Returned,18.68
124,25,P003,C0401,SP02,L10,35,321.58,818.5408,No Discount,Installment,Delivered,Returned,99.33
125,25,P004,C0306,SP01,L10,33,332.21,2479.5456,Seasonal,Installment,Pending,Returned,195.68
126,26,P003,C0049,SP03,L11,28,311.17,381.248,Promotional,Online Payment,Pending,No Returns,26.82
127,26,P004,C2028,SP05,L12,23,197.71,2759.32032,Seasonal,Cash,Pending,Returned,393.44
128,26,P005,C1973,SP03,L01,39,208.06,3180.954,Bulk Purchase,Credit Card,Delivered,Partially Returned,40.91
129,26,P006,C0732,SP05,L09,15,130.66,2441.13408,No Discount,Cash,Delivered,Partially Returned,201.09
130,26,P006,C1674,SP06,L07,15,340.23,1177.596,No Discount,Credit Card,Cancelled,Partially Returned,492.95
131,27,P001,C0394,SP03,L02,29,288.88,489.64608,Bulk Purchase,Installment,Pending,Returned,366.82
132,27,P002,C0843,SP02,L08,36,149.94,6492.42,Bulk Purchase,Online Payment,Delivered,No Returns,464.27
133,27,P003,C1169,SP03,L03,47,313.78,1307.88432,Seasonal,Cash,Delivered,No Returns,151.3
134,27,P006,C1389,SP04,L09,3,362.33,935.57376,Seasonal,Cash,Pending,No Returns,486.16
135,27,P006,C0838,SP06,L01,23,366.6,1956.6288,Seasonal,Cash,Pending,Partially Returned,485.46
136,28,P001,C1579,SP02,L06,37,417.61,3468.192,Promotional,Online Payment,Cancelled,No Returns,304.19
137,28,P001,C0407,SP04,L12,19,406.7,794.39232,Bulk Purchase,Installment,Pending,No Returns,255.9
138,28,P001,C2157,SP05,L11,2,400.39,2908.8,Seasonal,Cash,Cancelled,No Returns,472.2
139,28,P001,C1973,SP06,L12,34,184.08,3045.86688,Promotional,Cash,Cancelled,Returned,180.53
140,28,P003,C0856,SP05,L01,21,417.84,1601.544,Promotional,Credit Card,Delivered,Partially Returned,462.8
141,28,P004,C0555,SP01,L12,1,284.95,1497.2784,Bulk Purchase,Credit Card,Delivered,Returned,87.97
142,28,P006,C0927,SP02,L05,42,227.42,1003.35872,Promotional,Installment,Delivered,Returned,456.52
143,29,P001,C1567,SP02,L05,12,171.0,280.0616,Promotional,Installment,Delivered,No Returns,270.8
144,29,P001,C1869,SP02,L11,45,23.96,3343.168,Promotional,Online Payment,Delivered,Partially Returned,465.01
145,29,P001,C0931,SP05,L06,36,395.47,568.32,Seasonal,Online Payment,Delivered,Partially Returned,41.19
146,29,P002,C1270,SP03,L04,33,406.53,698.0601600000001,Bulk Purchase,Installment,Pending,No Returns,233.79
147,29,P004,C0598,SP03,L08,36,441.47,4912.11,No Discount,Online Payment,Pending,Partially Returned,494.85
148,29,P005,C0189,SP02,L03,23,10.5,2002.4496,Seasonal,Online Payment,Pending,Returned,491.71
149,29,P006,C0314,SP06,L07,44,16.48,2097.7992,Promotional,Cash,Pending,Returned,370.18
150,30,P003,C2151,SP03,L11,10,385.4,4758.4000000000015,Promotional,Online Payment,Delivered,Partially Returned,152.56
151,30,P004,C1701,SP06,L10,26,67.46,11115.664,Seasonal,Online Payment,Cancelled,Partially Returned,272.32
152,31,P001,C0820,SP01,L12,2,345.58,2336.89344,Seasonal,Cash,Cancelled,Returned,71.07
153,31,P001,C0030,SP01,L06,48,412.42,1699.872,Promotional,Online Payment,Cancelled,Partially Returned,40.72
154,31,P001,C0836,SP02,L11,27,324.32,2911.872,Promotional,Online Payment,Pending,No Returns,74.04
155,31,P002,C2003,SP03,L04,45,175.45,1538.50752,Seasonal,Cash,Cancelled,Partially Returned,183.28
156,31,P002,C0266,SP04,L10,2,233.08,6482.616,Seasonal,Credit Card,Delivered,Returned,325.69
157,31,P003,C1093,SP04,L06,17,480.19,6047.712,Bulk Purchase,Credit Card,Pending,No Returns,254.41
158,31,P006,C1465,SP04,L12,44,476.22,734.6175999999999,No Discount,Online Payment,Delivered,Returned,310.44
159,31,P006,C1463,SP06,L12,26,315.48,4045.8912,Promotional,Online Payment,Cancelled,Returned,135.35
160,32,P003,C0153,SP06,L08,11,402.79,3350.052000000001,Bulk Purchase,Installment,Pending,Partially Returned,326.96
161,32,P003,C0133,SP06,L05,46,224.83,302.1291,Bulk Purchase,Credit Card,Pending,No Returns,241.16
162,32,P006,C1030,SP02,L09,1,348.2,912.97536,Promotional,Cash,Cancelled,Partially Returned,229.97
163,32,P006,C0044,SP02,L12,49,95.23,2630.7296,Bulk Purchase,Online Payment,Cancelled,Partially Returned,470.21
164,32,P006,C1107,SP05,L05,13,193.67,520.5018,Promotional,Credit Card,Delivered,Returned,124.25
165,33,P002,C0787,SP06,L04,37,17.73,1726.7256,Seasonal,Credit Card,Pending,No Returns,375.49
166,33,P004,C1540,SP05,L04,2,119.42,2910.654,Bulk Purchase,Credit Card,Delivered,Partially Returned,278.54
167,33,P005,C0785,SP03,L02,19,291.22,2582.3616,Promotional,Online Payment,Pending,No Returns,352.32
168,33,P005,C1380,SP05,L12,33,61.57,4007.0496,Bulk Purchase,Credit Card,Delivered,Partially Returned,227.05
169,33,P005,C0357,SP06,L03,20,485.79,2223.70272,Bulk Purchase,Installment,Pending,Returned,362.39
170,34,P002,C2046,SP06,L01,40,99.57,3755.528,No Discount,Online Payment,Cancelled,Returned,181.43
171,34,P003,C1375,SP06,L04,44,487.6,1885.0644,Promotional,Credit Card,Pending,No Returns,177.58
172,34,P004,C1736,SP03,L02,25,148.29,114.52672,Bulk Purchase,Installment,Delivered,No Returns,327.63
173,34,P004,C0821,SP05,L05,35,352.01,2546.908,Seasonal,Online Payment,Pending,Partially Returned,278.43
174,34,P005,C1955,SP06,L05,48,479.38,591.2815999999999,No Discount,Online Payment,Cancelled,No Returns,230.86
175,34,P005,C2077,SP06,L06,33,226.56,5042.937599999999,Promotional,Cash,Delivered,No Returns,351.03
176,35,P001,C1757,SP02,L06,1,198.92,1841.8944,Promotional,Installment,Pending,Partially Returned,71.5
177,35,P002,C0966,SP04,L07,38,421.03,2417.0265,Bulk Purchase,Credit Card,Pending,Returned,310.48
178,35,P003,C0884,SP05,L04,29,214.25,978.68736,Promotional,Cash,Cancelled,Partially Returned,476.41
179,35,P003,C1843,SP06,L10,45,45.69,4460.82,No Discount,Credit Card,Cancelled,No Returns,239.24
180,35,P005,C1309,SP05,L05,24,456.77,2154.47232,Seasonal,Cash,Delivered,Returned,459.34
181,35,P006,C1495,SP02,L12,44,185.88,1120.13952,Promotional,Installment,Cancelled,Partially Returned,107.83
182,36,P002,C0632,SP05,L08,38,236.49,2855.655000000001,No Discount,Credit Card,Cancelled,No Returns,499.07
183,36,P005,C0110,SP03,L10,47,418.28,4002.7456,Promotional,Installment,Pending,Partially Returned,154.06
184,36,P005,C1500,SP06,L04,47,263.82,376.95456,Bulk Purchase,Cash,Cancelled,Returned,208.43
185,36,P005,C0853,SP06,L10,1,156.87,1626.1056,Promotional,Cash,Cancelled,Partially Returned,295.84
186,36,P006,C0387,SP06,L05,40,411.91,1225.72632,Promotional,Cash,Pending,Returned,201.16
187,37,P001,C1183,SP01,L12,14,266.36,1594.4232,Seasonal,Credit Card,Cancelled,Partially Returned,119.55
188,37,P005,C0739,SP03,L07,31,300.46,2084.544,No Discount,Cash,Cancelled,Returned,122.56
189,38,P001,C1754,SP04,L01,26,123.53,1840.608,Seasonal,Online Payment,Delivered,Returned,37.99
190,38,P001,C1817,SP04,L11,31,221.07,4712.256,No Discount,Online Payment,Cancelled,Partially Returned,227.74
191,38,P004,C1898,SP06,L07,43,366.01,2227.4532,No Discount,Cash,Cancelled,Returned,69.48
192,38,P006,C1204,SP03,L04,20,274.43,2431.45152,Seasonal,Cash,Pending,No Returns,338.34
193,39,P003,C1629,SP03,L02,17,325.95,1431.0464,Seasonal,Online Payment,Cancelled,No Returns,275.82
194,39,P004,C0585,SP04,L09,38,320.94,2629.5984,No Discount,Credit Card,Pending,Partially Returned,327.81
195,40,P003,C1872,SP01,L01,42,180.5,2080.96,No Discount,Online Payment,Delivered,Partially Returned,186.24
196,40,P004,C0825,SP05,L03,19,121.58,142.89696,Seasonal,Installment,Cancelled,No Returns,111.89
197,40,P004,C0937,SP06,L05,49,274.76,1432.22352,No Discount,Cash,Cancelled,No Returns,256.7
198,40,P005,C0093,SP06,L09,21,142.3,6398.867200000001,Promotional,Online Payment,Cancelled,Partially Returned,261.52
199,40,P005,C1255,SP06,L05,30,298.78,2679.1947,No Discount,Credit Card,Cancelled,No Returns,193.79
200,41,P003,C1356,SP01,L06,3,381.96,1561.608,Bulk Purchase,Credit Card,Cancelled,Returned,419.95
201,41,P003,C0273,SP04,L10,21,426.59,793.968,Bulk Purchase,Cash,Cancelled,Returned,309.04
202,41,P006,C1984,SP01,L06,11,69.39,433.152,Bulk Purchase,Credit Card,Pending,Returned,44.66
203,41,P006,C1414,SP02,L12,21,349.43,4791.008000000001,Bulk Purchase,Online Payment,Pending,No Returns,200.61
204,41,P006,C1195,SP03,L05,41,66.7,707.1573599999999,Promotional,Cash,Cancelled,No Returns,321.55
205,41,P006,C2057,SP06,L10,6,237.1,8822.576,Bulk Purchase,Online Payment,Delivered,Partially Returned,141.14
206,42,P001,C0438,SP02,L09,19,21.22,5123.6064,No Discount,Credit Card,Delivered,No Returns,412.13
207,42,P004,C1508,SP02,L11,34,263.0,1258.3296,Bulk Purchase,Cash,Cancelled,No Returns,150.12
208,42,P005,C1058,SP03,L08,2,442.5,1753.416,Bulk Purchase,Installment,Delivered,No Returns,54.87
209,43,P001,C1120,SP04,L09,9,395.07,1407.2256,Promotional,Cash,Pending,Returned,482.94
210,43,P005,C1619,SP04,L05,20,309.38,1158.5392,Bulk Purchase,Online Payment,Cancelled,Returned,347.15
211,43,P006,C0180,SP01,L01,11,217.12,3144.489599999999,Seasonal,Cash,Cancelled,Returned,304.7
212,43,P006,C1166,SP02,L02,16,336.82,1287.5072,Bulk Purchase,Online Payment,Delivered,Returned,162.66
213,43,P006,C2035,SP04,L09,22,263.34,291.34336,Bulk Purchase,Installment,Delivered,Partially Returned,132.53
214,43,P006,C1594,SP04,L06,46,336.82,4167.72,Seasonal,Credit Card,Delivered,No Returns,488.91
215,44,P003,C0660,SP03,L09,40,341.81,1547.80032,No Discount,Cash,Pending,Partially Returned,498.77
216,44,P004,C1589,SP01,L07,18,338.78,682.9200000000001,No Discount,Credit Card,Cancelled,Partially Returned,376.91
217,44,P004,C0473,SP04,L06,42,336.23,1160.1792,Seasonal,Cash,Cancelled,Returned,126.64
218,44,P006,C0857,SP02,L01,36,355.59,657.2719999999999,Seasonal,Online Payment,Pending,No Returns,187.23
219,44,P006,C0804,SP06,L10,31,230.83,3664.836,Promotional,Credit Card,Pending,Returned,263.81
220,45,P001,C1193,SP01,L10,27,322.44,6774.347999999999,No Discount,Credit Card,Pending,No Returns,61.37
221,45,P001,C1376,SP06,L08,48,162.54,438.4125000000001,Bulk Purchase,Credit Card,Cancelled,Partially Returned,393.69
222,45,P002,C0215,SP02,L04,26,332.33,100.63872,No Discount,Installment,Pending,No Returns,62.82
223,45,P004,C0626,SP02,L10,35,485.57,1412.88,No Discount,Credit Card,Cancelled,No Returns,437.49
224,45,P006,C0518,SP05,L02,35,312.28,666.69568,No Discount,Installment,Pending,Returned,279.53
225,46,P001,C0808,SP01,L05,38,88.54,649.6671999999999,Bulk Purchase,Online Payment,Delivered,No Returns,343.39
226,46,P001,C0226,SP05,L09,48,129.39,2537.90592,Bulk Purchase,Cash,Delivered,Returned,274.49
227,46,P002,C0504,SP06,L06,23,388.91,7180.991999999999,Seasonal,Online Payment,Delivered,No Returns,209.52
228,46,P004,C2067,SP03,L01,12,475.0,3060.691199999999,Bulk Purchase,Cash,Pending,Returned,499.95
229,46,P004,C2046,SP03,L01,38,172.82,3935.848,Seasonal,Online Payment,Pending,Partially Returned,419.22
230,46,P004,C2039,SP04,L05,16,378.3,767.5668,Seasonal,Online Payment,Pending,Partially Returned,347.87
231,46,P005,C1652,SP03,L05,22,304.33,550.4408,Bulk Purchase,Online Payment,Cancelled,Partially Returned,498.46
232,46,P005,C0600,SP04,L06,20,149.97,3358.5984,Bulk Purchase,Cash,Delivered,Partially Returned,498.98
233,46,P005,C2144,SP05,L10,49,176.76,5632.636799999999,Seasonal,Cash,Delivered,No Returns,152.54
234,46,P006,C0165,SP01,L11,22,158.79,2247.36,Bulk Purchase,Online Payment,Pending,Returned,244.86
235,46,P006,C1097,SP04,L10,45,199.67,2214.7776,No Discount,Cash,Pending,Returned,20.59
236,47,P002,C2059,SP01,L12,18,362.99,2516.7072,No Discount,Cash,Delivered,Returned,377.26
237,47,P002,C0774,SP03,L08,41,196.39,948.3480000000002,No Discount,Installment,Cancelled,No Returns,480.96
238,47,P002,C1695,SP04,L12,5,326.44,1399.30944,Seasonal,Cash,Pending,No Returns,183.56
239,47,P002,C1869,SP06,L12,10,187.84,919.99104,Seasonal,Cash,Pending,Returned,131.62
240,47,P003,C0840,SP02,L10,44,263.74,9520.0,Promotional,Online Payment,Pending,Partially Returned,216.81
241,47,P003,C2095,SP03,L07,36,112.5,1352.7864,No Discount,Cash,Pending,No Returns,196.24
242,47,P006,C1008,SP05,L12,28,331.79,1240.2112,Promotional,Online Payment,Delivered,No Returns,405.43
243,48,P001,C2107,SP02,L04,34,246.09,1612.27584,Seasonal,Installment,Pending,Partially Returned,265.68
244,48,P002,C0252,SP05,L05,49,471.52,666.07632,Promotional,Installment,Cancelled,Returned,276.42
245,48,P003,C1286,SP02,L09,39,229.82,2543.4816,No Discount,Cash,Pending,Partially Returned,409.7
246,48,P005,C1797,SP05,L05,35,420.5,991.8272,Promotional,Installment,Delivered,Returned,170.19
247,48,P005,C0022,SP06,L04,46,163.53,1392.47424,Promotional,Cash,Delivered,Partially Returned,165.13
248,49,P001,C0118,SP03,L04,14,250.27,4042.3536,Bulk Purchase,Online Payment,Pending,No Returns,364.44
249,49,P002,C1241,SP05,L10,24,444.43,2149.4592,Bulk Purchase,Cash,Cancelled,No Returns,220.14
250,49,P005,C1882,SP02,L03,46,353.0,500.2884,No Discount,Credit Card,Delivered,No Returns,60.81
251,49,P006,C1326,SP01,L04,31,217.48,2338.632,Bulk Purchase,Online Payment,Pending,No Returns,423.11
252,49,P006,C1289,SP04,L07,6,193.94,1434.6108,Bulk Purchase,Cash,Pending,Partially Returned,146.49
253,50,P001,C1694,SP01,L02,11,135.51,845.6112,No Discount,Credit Card,Delivered,Partially Returned,104.73
254,50,P001,C1770,SP05,L03,44,231.07,2448.2736,No Discount,Installment,Cancelled,Partially Returned,129.69
255,50,P002,C1157,SP05,L12,31,378.97,1770.1216,No Discount,Online Payment,Pending,No Returns,164.82
256,50,P004,C0298,SP06,L07,23,354.08,391.9944,No Discount,Installment,Cancelled,Partially Returned,315.5
257,50,P005,C1152,SP02,L06,28,347.41,1524.6,Promotional,Credit Card,Cancelled,No Returns,409.95
258,50,P005,C0207,SP06,L06,9,49.02,2325.311999999999,Promotional,Credit Card,Pending,Returned,108.57
259,50,P006,C0418,SP02,L12,1,470.83,1521.58976,No Discount,Installment,Pending,No Returns,209.28
260,50,P006,C1451,SP05,L09,30,283.65,461.6832,Seasonal,Credit Card,Cancelled,Partially Returned,283.23
261,51,P001,C0940,SP02,L03,45,179.26,3362.2776,Seasonal,Online Payment,Pending,Returned,260.13
262,51,P004,C1852,SP05,L01,15,311.17,1961.12,Promotional,Installment,Cancelled,Returned,306.23
263,51,P005,C0108,SP01,L10,25,387.3,1721.2608,Seasonal,Installment,Cancelled,Returned,241.04
264,52,P001,C0754,SP01,L05,34,364.98,1662.59184,Bulk Purchase,Cash,Pending,Partially Returned,62.15
265,53,P003,C2000,SP06,L12,28,483.46,2483.70816,Bulk Purchase,Cash,Delivered,No Returns,53.71
266,53,P004,C0762,SP05,L11,30,384.12,1223.0912,Seasonal,Installment,Pending,No Returns,410.78
267,53,P005,C0381,SP01,L03,34,145.89,1010.88,Seasonal,Online Payment,Cancelled,Partially Returned,237.73
268,53,P005,C0358,SP02,L12,18,22.42,639.6216000000001,Seasonal,Credit Card,Cancelled,No Returns,205.83
269,53,P005,C1818,SP03,L11,20,346.18,2095.44,No Discount,Credit Card,Delivered,No Returns,147.81
270,53,P006,C1239,SP02,L03,19,224.28,637.3598400000001,Bulk Purchase,Cash,Cancelled,Partially Returned,69.41
271,53,P006,C0908,SP04,L05,10,460.43,1203.07824,No Discount,Cash,Pending,Returned,447.0
272,54,P005,C0492,SP04,L12,40,184.62,1005.5296,Promotional,Online Payment,Cancelled,No Returns,447.7
273,54,P005,C1357,SP04,L08,36,41.98,4961.7225,No Discount,Credit Card,Pending,No Returns,326.87
274,54,P005,C1058,SP05,L04,49,399.2,2513.25504,Seasonal,Cash,Cancelled,Partially Returned,62.73
275,54,P006,C0694,SP03,L02,47,103.32,368.14848,Bulk Purchase,Installment,Pending,Partially Returned,480.92
276,54,P006,C1230,SP05,L04,38,248.0,1465.6464,Bulk Purchase,Credit Card,Pending,Partially Returned,406.02
277,55,P001,C0004,SP02,L09,43,327.32,1242.648,Bulk Purchase,Credit Card,Pending,Partially Returned,363.55
278,55,P001,C0570,SP02,L05,49,60.18,186.6956,Promotional,Online Payment,Cancelled,Partially Returned,183.0
279,55,P002,C2030,SP01,L11,3,276.21,4265.472000000001,Bulk Purchase,Credit Card,Pending,No Returns,216.98
280,55,P002,C2156,SP02,L05,24,448.11,961.9155,No Discount,Credit Card,Cancelled,Returned,114.6
281,55,P003,C1166,SP04,L09,44,179.75,7003.744000000002,Promotional,Online Payment,Cancelled,Returned,162.98
282,55,P004,C1780,SP01,L08,17,417.21,4049.946,Promotional,Cash,Delivered,No Returns,99.26
283,55,P006,C1894,SP05,L07,19,80.98,1504.6584,Promotional,Installment,Delivered,Partially Returned,255.9
284,56,P004,C0639,SP05,L05,19,286.26,1195.17216,No Discount,Cash,Cancelled,Partially Returned,89.48
285,56,P005,C1286,SP04,L09,31,202.33,2607.897600000001,Bulk Purchase,Credit Card,Cancelled,No Returns,289.75
286,57,P001,C0090,SP02,L08,22,27.98,6025.657500000001,Bulk Purchase,Credit Card,Cancelled,Returned,170.84
287,57,P004,C1094,SP04,L05,31,15.41,397.2969,Seasonal,Credit Card,Pending,Partially Returned,21.54
288,57,P004,C1402,SP05,L05,36,289.97,1130.74416,Seasonal,Cash,Cancelled,Partially Returned,111.02
289,57,P004,C0611,SP06,L09,43,459.17,1392.1248,No Discount,Credit Card,Pending,No Returns,241.33
290,58,P001,C0584,SP06,L09,14,14.7,4662.240000000001,No Discount,Credit Card,Delivered,No Returns,237.45
291,58,P002,C1812,SP02,L05,9,281.92,1341.50016,No Discount,Cash,Delivered,Returned,22.46
292,58,P003,C1393,SP04,L03,15,306.78,1593.84672,Promotional,Cash,Delivered,Partially Returned,46.19
293,58,P004,C1414,SP02,L06,49,231.57,5656.550399999999,No Discount,Cash,Pending,No Returns,234.21
294,58,P004,C0957,SP05,L04,35,345.39,1875.4416,Bulk Purchase,Cash,Delivered,No Returns,399.66
295,58,P005,C1421,SP05,L03,7,481.8,903.96,Promotional,Credit Card,Pending,Partially Returned,455.54
296,58,P006,C2114,SP03,L08,24,288.29,2253.852,Promotional,Installment,Cancelled,No Returns,241.25
297,59,P001,C2007,SP03,L01,44,320.01,1133.664,Seasonal,Installment,Pending,Partially Returned,240.43
298,59,P003,C0789,SP03,L03,25,265.21,2811.996,Promotional,Cash,Cancelled,No Returns,473.83
299,59,P003,C1175,SP04,L05,19,156.42,1460.26608,No Discount,Cash,Cancelled,No Returns,293.18
300,59,P004,C0866,SP01,L11,24,140.37,2388.544,Seasonal,Online Payment,Delivered,Returned,102.54
301,59,P004,C2101,SP02,L01,19,149.73,900.76,Seasonal,Online Payment,Delivered,No Returns,215.33
302,59,P005,C0237,SP01,L01,6,230.89,242.9952,No Discount,Installment,Cancelled,Returned,120.4
303,59,P006,C1643,SP03,L03,13,103.25,2232.15264,No Discount,Installment,Cancelled,No Returns,60.48
304,59,P006,C1958,SP05,L10,48,203.03,10261.776,Promotional,Online Payment,Cancelled,Partially Returned,182.39
305,60,P001,C1149,SP06,L05,44,210.84,1504.7487,Bulk Purchase,Credit Card,Pending,No Returns,180.21
306,60,P004,C0183,SP03,L12,40,27.04,1447.67104,No Discount,Installment,Pending,Partially Returned,237.37
307,60,P005,C0498,SP04,L05,30,56.67,824.0777999999999,Seasonal,Credit Card,Pending,Returned,34.52
308,61,P001,C1141,SP03,L07,27,345.99,1920.282,Seasonal,Online Payment,Pending,No Returns,318.94
309,61,P003,C1763,SP02,L05,21,275.96,994.9212,Bulk Purchase,Credit Card,Pending,Returned,348.57
310,61,P003,C1412,SP05,L07,34,33.48,419.5799999999999,Bulk Purchase,Credit Card,Pending,No Returns,402.76
311,61,P004,C1166,SP05,L11,20,68.15,3983.376,Promotional,Credit Card,Delivered,No Returns,352.78
312,61,P005,C1811,SP02,L10,3,446.3,7319.2,No Discount,Online Payment,Cancelled,No Returns,264.73
313,61,P005,C0519,SP04,L09,10,109.32,1059.7488,Promotional,Credit Card,Delivered,Returned,3.54
314,61,P005,C1129,SP04,L12,39,29.74,5438.4768,Promotional,Online Payment,Pending,Partially Returned,358.06
315,61,P006,C2094,SP03,L11,28,355.75,1590.048,Promotional,Credit Card,Pending,Partially Returned,322.39
316,62,P004,C0729,SP04,L12,44,243.05,945.45024,Bulk Purchase,Installment,Cancelled,No Returns,398.08
317,62,P006,C0746,SP03,L08,43,40.81,8347.320000000002,Promotional,Online Payment,Pending,No Returns,291.92
318,63,P002,C1455,SP01,L04,41,239.25,200.17152,Promotional,Installment,Pending,No Returns,472.68
319,63,P005,C2004,SP04,L09,27,356.0,2911.09632,No Discount,Cash,Pending,Partially Returned,374.65
320,63,P006,C0381,SP02,L02,1,455.32,1319.43168,Seasonal,Cash,Cancelled,Partially Returned,287.29
321,64,P001,C0037,SP01,L04,3,324.05,679.8124800000002,Bulk Purchase,Installment,Pending,No Returns,214.3
322,64,P001,C0329,SP03,L08,3,217.73,8445.599999999999,No Discount,Online Payment,Delivered,Returned,236.68
323,64,P001,C0459,SP03,L08,41,64.75,4563.918,Bulk Purchase,Cash,Cancelled,No Returns,383.14
324,64,P002,C0404,SP05,L08,2,136.25,742.446,Seasonal,Cash,Delivered,No Returns,146.71
325,64,P003,C1592,SP04,L05,4,211.23,734.5228800000001,Bulk Purchase,Cash,Delivered,Returned,27.79
326,65,P001,C0538,SP02,L08,40,34.45,900.09,Promotional,Online Payment,Cancelled,Partially Returned,219.96
327,65,P002,C0963,SP01,L02,45,275.77,2637.1968,Seasonal,Online Payment,Pending,Partially Returned,318.18
328,65,P003,C1222,SP02,L09,24,105.24,6460.8896,Promotional,Online Payment,Cancelled,Returned,77.92
329,65,P004,C1014,SP01,L11,30,308.83,3762.192,No Discount,Credit Card,Cancelled,Returned,205.51
330,65,P005,C1175,SP02,L04,30,323.8,1512.2052,Bulk Purchase,Credit Card,Cancelled,No Returns,120.22
331,65,P006,C0382,SP01,L07,5,282.65,702.0384,Promotional,Installment,Delivered,Returned,79.19
332,65,P006,C1907,SP06,L07,37,28.02,2231.1072,Bulk Purchase,Cash,Cancelled,Returned,447.31
333,66,P002,C1359,SP06,L07,36,67.6,1268.2656,Seasonal,Installment,Cancelled,No Returns,463.24
334,66,P004,C1430,SP01,L07,32,61.59,281.988,Promotional,Online Payment,Delivered,No Returns,73.27
335,66,P005,C0234,SP03,L02,33,124.51,696.08448,Seasonal,Installment,Delivered,Partially Returned,210.85
336,66,P005,C1912,SP03,L01,1,118.95,1035.888,Promotional,Credit Card,Delivered,Partially Returned,248.13
337,66,P006,C1738,SP04,L05,22,59.29,148.20624,No Discount,Installment,Pending,No Returns,271.71
338,67,P001,C1922,SP01,L11,17,499.0,4824.512000000001,Bulk Purchase,Online Payment,Cancelled,Returned,205.58
339,67,P003,C1412,SP01,L11,6,115.76,414.208,No Discount,Online Payment,Cancelled,Partially Returned,449.44
340,67,P004,C1382,SP02,L08,31,487.41,4354.83,Bulk Purchase,Credit Card,Cancelled,No Returns,398.71
341,67,P006,C1272,SP05,L08,17,286.53,4760.775,Promotional,Credit Card,Pending,No Returns,387.36
342,68,P002,C0971,SP01,L06,5,180.01,4008.456,Bulk Purchase,Credit Card,Delivered,No Returns,211.94
343,68,P002,C0325,SP06,L10,18,54.79,2042.208,Seasonal,Cash,Pending,No Returns,354.54
344,68,P004,C1109,SP06,L03,29,74.01,4958.560800000001,No Discount,Online Payment,Cancelled,No Returns,165.7
345,68,P005,C1739,SP04,L06,42,211.65,4865.5872,Seasonal,Cash,Cancelled,No Returns,117.77
346,68,P006,C1236,SP01,L04,10,92.36,3957.335999999999,Seasonal,Online Payment,Delivered,No Returns,244.83
347,69,P002,C0921,SP01,L11,7,425.14,4438.080000000001,Seasonal,Credit Card,Pending,No Returns,261.11
348,69,P002,C1089,SP05,L09,15,240.94,3785.654400000001,Seasonal,Credit Card,Delivered,Returned,418.0
349,69,P003,C2138,SP04,L02,22,151.61,497.9856,Bulk Purchase,Credit Card,Cancelled,Partially Returned,447.57
350,69,P003,C0887,SP05,L02,45,156.8,1397.06112,Bulk Purchase,Installment,Delivered,No Returns,302.89
351,69,P003,C0596,SP06,L10,1,475.1,4766.607999999999,Seasonal,Online Payment,Cancelled,Partially Returned,240.86
352,69,P005,C0686,SP01,L09,11,435.3,1843.036800000001,No Discount,Credit Card,Cancelled,Returned,450.66
353,69,P005,C0909,SP01,L11,8,56.29,275.472,No Discount,Credit Card,Delivered,No Returns,481.03
354,69,P005,C0010,SP04,L03,40,237.91,208.5912,No Discount,Cash,Delivered,No Returns,440.55
355,69,P006,C1329,SP03,L05,40,320.72,985.69744,No Discount,Installment,Cancelled,Returned,399.84
356,69,P006,C1723,SP04,L07,45,108.95,2001.846,Seasonal,Online Payment,Cancelled,Returned,87.57
357,70,P003,C0810,SP01,L11,46,348.76,3031.3728,Bulk Purchase,Cash,Pending,Partially Returned,38.15
358,70,P005,C1130,SP04,L08,1,87.06,3243.456,No Discount,Cash,Cancelled,Partially Returned,297.77
359,70,P006,C0465,SP01,L07,18,252.01,1909.8828,Promotional,Cash,Pending,Returned,154.15
360,70,P006,C2146,SP06,L06,26,360.2,1677.0048,Bulk Purchase,Installment,Pending,Partially Returned,195.24
361,71,P002,C0060,SP04,L07,17,336.04,1992.312,Promotional,Cash,Delivered,Returned,148.43
362,71,P003,C1323,SP02,L05,30,484.4,669.2504,No Discount,Installment,Cancelled,Returned,47.16
363,71,P005,C1198,SP04,L01,11,248.42,2463.0144,Seasonal,Cash,Pending,Returned,174.03
364,71,P005,C0252,SP05,L06,35,203.67,939.744,Seasonal,Cash,Cancelled,Partially Returned,161.16
365,72,P001,C1772,SP01,L04,4,371.25,1389.93408,Promotional,Installment,Delivered,No Returns,208.52
366,72,P003,C1404,SP01,L09,37,84.48,1243.9152,No Discount,Credit Card,Cancelled,Partially Returned,228.23
367,72,P004,C0168,SP04,L12,10,207.19,3515.2192,Bulk Purchase,Online Payment,Pending,Returned,375.91
368,72,P005,C0758,SP03,L02,49,321.87,176.95104,Seasonal,Cash,Pending,No Returns,10.26
369,73,P002,C1013,SP02,L08,21,327.58,384.885,Bulk Purchase,Credit Card,Delivered,No Returns,168.52
370,73,P002,C1833,SP06,L02,30,33.4,619.61984,Promotional,Installment,Pending,Partially Returned,422.16
371,73,P003,C0286,SP01,L09,21,286.85,2376.352,Promotional,Online Payment,Cancelled,No Returns,294.86
372,73,P003,C1474,SP06,L03,28,123.96,2110.056480000001,No Discount,Cash,Cancelled,Returned,222.01
373,73,P003,C0467,SP06,L10,19,484.53,740.7232,Promotional,Installment,Cancelled,Partially Returned,487.67
374,73,P005,C1678,SP05,L02,38,127.73,1662.18752,No Discount,Installment,Cancelled,Returned,111.52
375,73,P005,C2114,SP05,L07,17,427.42,367.9956,No Discount,Cash,Pending,Partially Returned,289.22
376,74,P001,C0972,SP02,L09,15,184.1,4633.5872,No Discount,Online Payment,Cancelled,Partially Returned,255.39
377,74,P002,C1940,SP06,L11,12,165.21,1492.3776,Promotional,Installment,Pending,No Returns,459.26
378,74,P004,C0702,SP02,L05,49,132.05,1439.1468,No Discount,Credit Card,Cancelled,Returned,350.45
379,74,P005,C0394,SP01,L12,7,345.35,3987.9008,No Discount,Online Payment,Delivered,Partially Returned,487.83
380,74,P005,C0924,SP03,L03,38,169.66,3065.1048,No Discount,Online Payment,Delivered,Returned,5.0
381,74,P006,C1344,SP01,L03,42,134.4,4175.955,Promotional,Credit Card,Pending,No Returns,103.77
382,74,P006,C0007,SP02,L06,10,211.3,1382.2848,Seasonal,Installment,Delivered,No Returns,127.7
383,74,P006,C1222,SP06,L01,20,189.69,217.0112,Bulk Purchase,Installment,Pending,No Returns,424.71
384,75,P001,C1385,SP01,L05,47,81.88,986.5674,Seasonal,Credit Card,Cancelled,Returned,107.32
385,75,P001,C0062,SP02,L01,45,442.75,1972.88,Promotional,Installment,Cancelled,Returned,115.58
386,75,P004,C2041,SP04,L04,8,457.29,2396.6928,Promotional,Online Payment,Delivered,Partially Returned,152.02
387,75,P004,C1625,SP04,L07,3,213.9,1211.826,No Discount,Online Payment,Cancelled,Partially Returned,438.52
388,75,P005,C0329,SP01,L03,17,444.3,2954.6856,Seasonal,Cash,Delivered,Partially Returned,33.0
389,75,P006,C0433,SP05,L05,28,479.64,380.32176,Promotional,Cash,Pending,Returned,15.82
390,76,P001,C0759,SP03,L03,25,395.41,931.5648,No Discount,Credit Card,Delivered,Partially Returned,140.82
391,76,P004,C1682,SP01,L05,43,242.93,1424.2956,No Discount,Credit Card,Pending,No Returns,184.49
392,77,P001,C1297,SP01,L12,18,449.15,5232.1376,Seasonal,Online Payment,Delivered,Partially Returned,141.23
393,77,P003,C0773,SP04,L01,8,15.85,2412.48,Seasonal,Online Payment,Pending,Returned,376.55
394,77,P004,C0347,SP05,L01,7,316.26,2848.7088,Bulk Purchase,Cash,Delivered,Partially Returned,265.4
395,77,P005,C1607,SP04,L07,14,474.47,1911.924,Seasonal,Online Payment,Pending,Returned,488.14
396,77,P005,C0241,SP05,L10,43,320.32,5144.327999999999,Seasonal,Credit Card,Pending,Partially Returned,120.86
397,77,P006,C1316,SP04,L04,45,284.66,1670.22,Bulk Purchase,Credit Card,Delivered,Partially Returned,352.81
398,78,P002,C2065,SP05,L02,46,434.4,494.76,Seasonal,Credit Card,Pending,No Returns,289.24
399,78,P002,C1024,SP06,L04,17,164.39,1160.0496,No Discount,Credit Card,Delivered,Partially Returned,112.63
400,78,P003,C1626,SP02,L10,15,237.78,6985.440000000001,Seasonal,Credit Card,Cancelled,Partially Returned,56.44
401,78,P003,C0833,SP05,L01,19,166.12,4038.3,No Discount,Credit Card,Pending,Partially Returned,270.66
402,78,P005,C0392,SP03,L08,11,269.33,7115.22,No Discount,Online Payment,Pending,Partially Returned,224.93
403,78,P005,C0459,SP05,L04,46,435.05,2086.4304,Seasonal,Cash,Delivered,Partially Returned,457.9
404,78,P006,C0930,SP03,L01,28,307.76,1653.456,Seasonal,Credit Card,Pending,Partially Returned,240.17
405,78,P006,C0805,SP04,L09,19,37.74,5700.7808,Bulk Purchase,Online Payment,Cancelled,Returned,218.13
406,79,P001,C2137,SP03,L06,2,175.76,444.384,Bulk Purchase,Credit Card,Pending,No Returns,421.63
407,79,P002,C1523,SP01,L10,13,335.36,4878.468,No Discount,Credit Card,Cancelled,Partially Returned,303.65
408,79,P004,C0985,SP05,L07,12,189.5,1756.2132,Bulk Purchase,Cash,Delivered,No Returns,358.86
409,79,P004,C0102,SP05,L10,19,302.99,1820.5152,Promotional,Cash,Cancelled,Partially Returned,415.37
410,79,P005,C1353,SP01,L01,12,205.48,863.24,Promotional,Online Payment,Pending,Returned,272.42
411,79,P005,C1454,SP03,L07,47,10.12,612.612,No Discount,Installment,Cancelled,Partially Returned,97.12
412,80,P001,C0347,SP01,L04,3,237.39,1427.4144,Bulk Purchase,Cash,Pending,Returned,232.24
413,80,P002,C0037,SP06,L08,15,55.13,7526.61,Bulk Purchase,Online Payment,Pending,Partially Returned,471.1
414,80,P004,C0316,SP01,L10,22,402.0,7246.288,Seasonal,Online Payment,Delivered,Partially Returned,279.14
415,80,P004,C0124,SP02,L04,43,162.83,598.1039999999999,Promotional,Online Payment,Cancelled,Partially Returned,151.52
416,80,P006,C1879,SP06,L01,41,481.37,1336.23,No Discount,Credit Card,Cancelled,Returned,293.97
417,81,P001,C1370,SP01,L12,39,97.05,220.99456,Bulk Purchase,Installment,Pending,Returned,51.76
418,81,P001,C1984,SP06,L12,22,462.46,1945.0176,No Discount,Online Payment,Delivered,No Returns,204.96
419,81,P002,C0410,SP05,L02,25,13.83,286.41536,No Discount,Installment,Cancelled,Partially Returned,100.95
420,81,P003,C1090,SP01,L05,16,378.94,1750.4396,Seasonal,Online Payment,Cancelled,Returned,264.4
421,81,P003,C2153,SP02,L02,21,475.93,2403.36768,Promotional,Cash,Cancelled,Returned,331.95
422,81,P005,C1387,SP04,L03,17,289.16,1275.92496,Seasonal,Cash,Cancelled,Partially Returned,413.15
423,82,P001,C0394,SP04,L09,9,369.84,5612.640000000001,No Discount,Online Payment,Delivered,Returned,372.98
424,82,P004,C0598,SP01,L11,3,208.53,530.4,No Discount,Credit Card,Delivered,No Returns,482.37
425,82,P004,C1695,SP05,L08,49,316.68,3060.900000000001,Seasonal,Installment,Delivered,Returned,5.69
426,82,P004,C1830,SP06,L09,17,281.55,325.1916800000001,No Discount,Installment,Delivered,Returned,74.5
427,82,P005,C1928,SP06,L03,15,162.87,1916.6868,Bulk Purchase,Credit Card,Cancelled,No Returns,283.32
428,82,P006,C1111,SP02,L01,38,377.53,1793.1424,Bulk Purchase,Installment,Delivered,Returned,306.8
429,83,P002,C0849,SP04,L03,23,151.8,1183.29984,Promotional,Installment,Delivered,Returned,386.14
430,83,P004,C0147,SP04,L01,1,426.38,1089.8272,No Discount,Installment,Pending,No Returns,163.38
431,83,P006,C0795,SP01,L02,29,236.66,944.67072,Promotional,Cash,Delivered,Returned,353.19
432,84,P002,C1733,SP01,L12,1,96.61,742.9952000000001,Seasonal,Online Payment,Delivered,Returned,492.45
433,84,P003,C0043,SP05,L11,48,143.68,1592.0128,Bulk Purchase,Installment,Pending,Returned,371.54
434,84,P004,C1380,SP01,L11,24,102.45,387.984,No Discount,Credit Card,Delivered,Returned,67.55
435,84,P004,C0583,SP06,L07,3,300.96,1089.3015,Promotional,Credit Card,Cancelled,Partially Returned,362.78
436,84,P005,C0894,SP02,L12,10,233.47,2255.424,Promotional,Online Payment,Delivered,Partially Returned,221.99
437,84,P005,C0344,SP06,L02,47,111.38,2727.0656,No Discount,Online Payment,Cancelled,No Returns,292.56
438,84,P006,C1205,SP03,L09,29,256.26,360.4480000000001,No Discount,Online Payment,Pending,No Returns,465.12
439,85,P002,C0439,SP06,L04,8,117.03,1021.2156,Bulk Purchase,Credit Card,Cancelled,Partially Returned,296.0
440,85,P004,C0366,SP04,L01,22,250.12,772.5311999999999,Seasonal,Installment,Cancelled,Partially Returned,139.33
441,85,P004,C1731,SP05,L08,17,399.63,2377.755,No Discount,Credit Card,Delivered,Returned,361.85
442,85,P004,C1566,SP06,L05,11,397.22,1369.4044,Seasonal,Online Payment,Pending,Partially Returned,489.08
443,85,P005,C0368,SP04,L11,20,420.74,1398.7584,Seasonal,Cash,Cancelled,Partially Returned,202.86
444,86,P002,C1479,SP05,L05,39,426.89,2568.2748,Seasonal,Credit Card,Pending,Partially Returned,3.01
445,86,P003,C1808,SP01,L01,18,97.99,856.8335999999999,No Discount,Cash,Pending,No Returns,298.7
446,86,P005,C1333,SP03,L11,40,209.92,5660.8,Seasonal,Online Payment,Delivered,Returned,235.94
447,86,P006,C1069,SP04,L05,25,301.33,1439.19048,Bulk Purchase,Cash,Pending,Partially Returned,343.04
448,86,P006,C0623,SP06,L05,32,443.36,1389.11136,Promotional,Cash,Pending,Partially Returned,59.57
449,87,P001,C1677,SP03,L09,17,493.03,2007.3152,Seasonal,Online Payment,Pending,Returned,86.72
450,87,P001,C0968,SP05,L08,24,271.55,878.508,No Discount,Installment,Cancelled,No Returns,10.03
451,87,P001,C0371,SP05,L06,15,456.78,690.816,Seasonal,Installment,Delivered,No Returns,68.7
452,87,P002,C1217,SP06,L08,28,90.35,541.26,Promotional,Online Payment,Delivered,No Returns,204.78
453,87,P003,C0159,SP04,L06,11,225.43,2895.2064,Promotional,Cash,Cancelled,Partially Returned,249.78
454,87,P004,C0868,SP02,L03,43,46.29,1049.3712,No Discount,Credit Card,Delivered,Returned,415.79
455,87,P005,C0184,SP02,L02,39,171.68,1383.816,No Discount,Credit Card,Pending,Returned,316.27
456,87,P006,C0226,SP04,L08,4,247.69,3670.164,Seasonal,Cash,Pending,Partially Returned,31.11
457,88,P001,C1095,SP04,L07,4,455.5,1195.1604,Seasonal,Cash,Pending,Returned,295.25
458,88,P002,C1315,SP03,L08,24,127.93,6775.83,Seasonal,Online Payment,Pending,Partially Returned,348.33
459,88,P003,C1481,SP02,L08,48,236.13,2834.892,Promotional,Cash,Cancelled,Partially Returned,365.48
460,88,P006,C1478,SP01,L10,23,358.94,11000.416,Seasonal,Online Payment,Delivered,Returned,471.19
461,89,P002,C1924,SP01,L07,2,270.63,733.0994999999999,Seasonal,Credit Card,Pending,Partially Returned,263.1
462,89,P003,C1176,SP03,L09,44,468.11,4759.7616,Bulk Purchase,Credit Card,Cancelled,Partially Returned,404.63
463,89,P006,C1140,SP02,L09,2,471.65,5250.326400000001,Seasonal,Credit Card,Pending,Partially Returned,290.85
464,89,P006,C1710,SP05,L12,33,130.8,3033.1944,Seasonal,Credit Card,Delivered,Partially Returned,1.73
465,90,P001,C1762,SP02,L05,39,242.11,113.08752,Bulk Purchase,Installment,Pending,Returned,390.91
466,90,P003,C0073,SP01,L03,12,41.93,260.26272,Bulk Purchase,Cash,Delivered,Partially Returned,168.03
467,90,P004,C1623,SP05,L12,40,231.35,1623.79648,Seasonal,Installment,Pending,No Returns,79.62
468,90,P005,C1606,SP03,L08,24,265.83,2166.264,Promotional,Cash,Pending,No Returns,403.16
469,91,P001,C0532,SP05,L04,37,451.65,2169.5904,Promotional,Online Payment,Pending,Partially Returned,193.22
470,92,P001,C2109,SP04,L02,36,165.5,693.504,Bulk Purchase,Credit Card,Delivered,Partially Returned,56.61
471,92,P001,C0158,SP04,L04,17,217.3,532.3968,Bulk Purchase,Credit Card,Cancelled,Partially Returned,60.14
472,92,P003,C0851,SP02,L07,7,278.06,321.5016,Bulk Purchase,Installment,Delivered,Partially Returned,7.61
473,92,P004,C1906,SP01,L11,28,495.94,1419.696,Promotional,Credit Card,Pending,No Returns,482.01
474,92,P004,C0900,SP04,L08,45,323.18,2117.286,Promotional,Cash,Cancelled,Returned,305.41
475,92,P006,C0360,SP06,L05,20,24.5,1159.66032,Promotional,Installment,Cancelled,Returned,387.35
476,93,P001,C1028,SP01,L08,26,117.63,4901.742,Bulk Purchase,Cash,Cancelled,No Returns,473.52
477,93,P001,C2010,SP04,L09,45,27.71,2037.85472,No Discount,Installment,Delivered,Returned,160.12
478,93,P001,C1148,SP05,L02,41,113.52,1153.6896,Seasonal,Credit Card,Cancelled,Partially Returned,221.27
479,93,P001,C0356,SP05,L02,46,92.62,2924.476799999999,Bulk Purchase,Credit Card,Cancelled,Returned,23.75
480,93,P003,C1669,SP02,L10,31,94.5,7513.044,No Discount,Credit Card,Cancelled,Partially Returned,492.75
481,93,P003,C1590,SP05,L03,13,298.38,1868.508,Seasonal,Online Payment,Pending,Partially Returned,37.38
482,93,P003,C0124,SP06,L05,47,362.31,1851.1584,Bulk Purchase,Credit Card,Cancelled,Returned,246.33
483,93,P004,C0477,SP02,L11,28,420.88,2620.3008,Bulk Purchase,Cash,Cancelled,Partially Returned,80.61
484,93,P006,C0016,SP04,L12,13,100.25,2004.68352,Promotional,Cash,Delivered,No Returns,210.45
485,93,P006,C0657,SP05,L12,12,52.85,1489.6896,Promotional,Installment,Delivered,No Returns,274.36
486,93,P006,C1334,SP05,L08,18,467.73,5952.6,No Discount,Online Payment,Delivered,Partially Returned,489.71
487,94,P001,C1691,SP01,L08,13,428.21,5407.83,Bulk Purchase,Credit Card,Delivered,Partially Returned,141.16
488,94,P001,C0481,SP05,L09,5,363.17,5084.0064,Promotional,Online Payment,Pending,Returned,121.23
489,94,P001,C1937,SP05,L08,42,178.04,1375.38,Bulk Purchase,Cash,Pending,Partially Returned,402.69
490,94,P003,C1846,SP02,L02,23,323.66,4425.3888,No Discount,Online Payment,Pending,Returned,369.55
491,94,P004,C2119,SP01,L03,23,11.73,863.2915200000001,No Discount,Installment,Pending,No Returns,100.63
492,94,P005,C1596,SP04,L08,21,493.32,3738.825,No Discount,Credit Card,Cancelled,Partially Returned,36.49
493,95,P001,C1418,SP06,L03,12,94.46,1593.9828,Seasonal,Credit Card,Cancelled,No Returns,339.73
494,95,P002,C0223,SP01,L03,29,225.11,3768.768,No Discount,Online Payment,Pending,No Returns,108.75
495,95,P003,C1083,SP05,L06,34,157.09,5246.207999999999,Promotional,Cash,Delivered,No Returns,165.76
496,95,P005,C0139,SP04,L08,19,166.05,1129.788,Seasonal,Installment,Pending,Partially Returned,180.55
497,95,P005,C0052,SP06,L11,22,381.16,3868.8,No Discount,Credit Card,Pending,Returned,457.66
498,95,P006,C1965,SP05,L07,34,213.42,3087.945,Seasonal,Credit Card,Cancelled,No Returns,294.49
499,96,P001,C1290,SP06,L12,3,493.35,2575.0784,Promotional,Online Payment,Pending,No Returns,231.49
500,96,P002,C0520,SP02,L10,8,132.34,1253.196,No Discount,Credit Card,Delivered,Partially Returned,7.18
501,96,P002,C1749,SP06,L03,5,16.97,1900.63584,Seasonal,Installment,Cancelled,No Returns,423.12
502,96,P002,C1254,SP06,L08,41,269.79,1749.8025,No Discount,Credit Card,Delivered,Returned,296.36
503,96,P003,C0154,SP04,L08,42,183.17,4264.056,Bulk Purchase,Cash,Pending,Partially Returned,411.25
504,96,P003,C0266,SP06,L07,29,165.53,3263.694,Seasonal,Online Payment,Pending,No Returns,441.28
505,96,P004,C1672,SP03,L11,11,179.31,3435.456,Bulk Purchase,Credit Card,Pending,Partially Returned,192.21
506,97,P002,C2155,SP02,L07,21,470.01,578.7264,Bulk Purchase,Installment,Pending,Partially Returned,211.38
507,97,P002,C0687,SP02,L05,21,168.09,1239.08512,Bulk Purchase,Installment,Pending,Partially Returned,15.88
508,97,P003,C0065,SP06,L03,47,169.25,4768.5024,Promotional,Online Payment,Delivered,Partially Returned,49.16
509,97,P006,C0287,SP06,L02,30,132.75,1985.76,Bulk Purchase,Credit Card,Pending,Returned,197.6
510,98,P002,C1331,SP03,L11,32,447.58,5644.16,Promotional,Online Payment,Delivered,Partially Returned,387.78
511,98,P002,C1452,SP04,L02,38,221.92,2306.94912,No Discount,Cash,Cancelled,No Returns,323.09
512,98,P002,C1231,SP05,L12,26,208.5,1794.48192,Promotional,Cash,Delivered,No Returns,109.39
513,98,P004,C1134,SP02,L09,19,416.02,1370.5472,No Discount,Online Payment,Pending,No Returns,353.99
514,98,P004,C1013,SP06,L01,38,422.05,3641.694,Bulk Purchase,Credit Card,Pending,Returned,494.79
515,98,P006,C0708,SP02,L04,46,244.56,793.5407999999999,Bulk Purchase,Cash,Cancelled,Partially Returned,29.12
516,98,P006,C1826,SP04,L03,2,163.9,2400.2568,Seasonal,Credit Card,Cancelled,No Returns,182.2
517,99,P001,C1693,SP01,L10,35,311.79,7596.735999999999,Seasonal,Online Payment,Delivered,No Returns,168.66
518,99,P001,C1061,SP03,L10,47,89.6,10289.664,Seasonal,Online Payment,Pending,Partially Returned,266.51
519,99,P001,C0851,SP05,L08,20,354.39,439.4160000000001,Bulk Purchase,Installment,Pending,Partially Returned,289.76
520,99,P002,C2013,SP04,L04,26,162.48,682.3764,Promotional,Credit Card,Delivered,Partially Returned,81.53
521,99,P002,C0168,SP04,L07,32,394.95,963.0495,Seasonal,Credit Card,Pending,No Returns,261.53
522,99,P002,C0052,SP06,L02,21,228.35,3775.3408,No Discount,Online Payment,Pending,Returned,383.39
523,99,P003,C1083,SP06,L01,40,261.88,2754.92,Seasonal,Online Payment,Cancelled,Returned,173.4
524,99,P006,C1526,SP04,L09,19,246.41,554.6112,Seasonal,Online Payment,Pending,No Returns,353.6
525,99,P006,C0587,SP04,L09,24,291.74,809.2057600000003,Promotional,Installment,Cancelled,Returned,146.15
526,100,P002,C1686,SP05,L05,39,101.65,716.5704,Bulk Purchase,Cash,Cancelled,Returned,220.44
527,100,P006,C0977,SP01,L12,47,48.58,369.3216,Seasonal,Cash,Pending,No Returns,46.32
528,100,P006,C1757,SP01,L03,15,356.57,1066.041,Promotional,Credit Card,Cancelled,No Returns,118.53
529,100,P006,C1153,SP01,L04,17,199.98,2607.12,Promotional,Online Payment,Pending,No Returns,202.19
530,100,P006,C0017,SP02,L01,16,212.6,3025.47,Promotional,Credit Card,Delivered,No Returns,359.2
531,100,P006,C0888,SP06,L02,37,484.44,2654.6016,Promotional,Credit Card,Delivered,Partially Returned,493.68
532,101,P001,C1294,SP06,L07,22,423.05,1924.9776,Bulk Purchase,Cash,Pending,Partially Returned,264.86
533,101,P002,C0582,SP03,L05,7,252.07,1984.77552,Promotional,Cash,Pending,Partially Returned,301.62
534,101,P002,C0819,SP04,L07,28,206.74,2215.5,Bulk Purchase,Online Payment,Cancelled,Returned,330.14
535,101,P002,C1126,SP04,L10,11,178.47,4285.9264,Seasonal,Installment,Pending,No Returns,440.39
536,101,P003,C0805,SP06,L05,34,424.86,775.11616,Seasonal,Installment,Cancelled,No Returns,394.63
537,101,P004,C0123,SP05,L06,10,458.82,237.888,Seasonal,Installment,Pending,Returned,252.31
538,101,P004,C1266,SP05,L06,48,51.08,3563.136,No Discount,Installment,Cancelled,Returned,462.41
539,101,P006,C0476,SP06,L04,46,439.57,2916.4212,No Discount,Credit Card,Pending,Returned,1.49
540,101,P006,C0203,SP06,L01,19,357.91,2995.8432,Seasonal,Cash,Cancelled,Partially Returned,445.65
541,102,P002,C0127,SP05,L02,14,450.98,3706.7072,No Discount,Online Payment,Cancelled,Returned,283.19
542,102,P004,C1800,SP06,L08,22,367.66,1451.952,Promotional,Cash,Delivered,Returned,441.96
543,102,P005,C0045,SP01,L04,26,327.28,3789.2448,No Discount,Online Payment,Delivered,No Returns,364.48
544,102,P005,C0583,SP05,L10,7,340.17,1735.552,Bulk Purchase,Online Payment,Delivered,Returned,12.12
545,102,P006,C0935,SP03,L03,35,141.24,5630.9256,Promotional,Online Payment,Pending,No Returns,67.18
546,102,P006,C0856,SP06,L01,26,137.02,1257.76,Seasonal,Online Payment,Cancelled,Partially Returned,397.45
547,103,P002,C0693,SP01,L03,45,203.0,964.2240000000002,Promotional,Installment,Cancelled,No Returns,391.63
548,104,P001,C1007,SP04,L12,42,109.9,1388.9408,No Discount,Online Payment,Cancelled,Partially Returned,286.99
549,104,P001,C1475,SP04,L11,14,51.96,828.9024,Promotional,Cash,Cancelled,Returned,367.67
550,104,P002,C0923,SP02,L03,47,484.43,434.18592,Seasonal,Installment,Cancelled,No Returns,135.9
551,104,P002,C1586,SP02,L01,16,489.88,4018.14,Seasonal,Credit Card,Delivered,No Returns,141.0
552,104,P003,C1502,SP01,L09,8,20.16,4004.616000000001,No Discount,Credit Card,Cancelled,No Returns,468.25
553,104,P004,C1067,SP06,L08,19,246.32,1348.785,Bulk Purchase,Credit Card,Cancelled,Partially Returned,230.05
554,104,P005,C1347,SP06,L03,24,97.86,2557.2024,Promotional,Online Payment,Pending,Returned,233.66
555,105,P002,C1336,SP01,L04,4,69.95,938.22624,No Discount,Cash,Delivered,No Returns,314.53
556,105,P005,C0485,SP05,L01,18,185.01,1046.052,No Discount,Credit Card,Delivered,Returned,499.4
557,105,P005,C1493,SP06,L03,6,297.26,3347.2764,No Discount,Credit Card,Pending,Returned,191.15
558,106,P001,C1340,SP02,L12,46,481.12,2328.6464,No Discount,Online Payment,Pending,Partially Returned,65.08
559,106,P003,C0160,SP02,L07,34,122.74,557.55,Promotional,Online Payment,Pending,Partially Returned,292.13
560,106,P003,C0707,SP02,L01,44,240.35,736.554,No Discount,Credit Card,Pending,Returned,491.23
561,106,P003,C2159,SP04,L08,20,432.0,3082.41,Bulk Purchase,Online Payment,Pending,Returned,406.37
562,106,P004,C1657,SP06,L08,9,351.15,2056.32,No Discount,Installment,Pending,No Returns,419.8
563,106,P006,C0555,SP05,L08,4,172.04,3112.668,No Discount,Cash,Cancelled,Returned,149.64
564,107,P001,C0502,SP03,L02,44,345.74,3155.1072,Promotional,Credit Card,Delivered,Returned,309.55
565,107,P001,C1924,SP04,L06,3,138.96,1545.5232,Bulk Purchase,Cash,Pending,Returned,138.25
566,107,P002,C1536,SP01,L02,35,380.04,1189.776,No Discount,Credit Card,Delivered,No Returns,148.35
567,107,P002,C0932,SP04,L04,46,261.34,2424.3948,No Discount,Credit Card,Pending,No Returns,311.56
568,107,P004,C2009,SP06,L05,47,490.42,1248.884,No Discount,Installment,Pending,Returned,30.72
569,107,P005,C2071,SP01,L08,1,62.71,5011.578,No Discount,Cash,Cancelled,No Returns,354.69
570,107,P006,C1795,SP03,L08,13,420.19,2840.724,Seasonal,Installment,Delivered,Partially Returned,3.0
571,107,P006,C1238,SP06,L02,6,91.34,573.2966399999999,Promotional,Cash,Pending,No Returns,202.46
572,108,P001,C1250,SP02,L10,34,336.27,1527.456,Seasonal,Installment,Cancelled,No Returns,316.91
573,108,P002,C1493,SP05,L06,44,139.48,3922.848,Bulk Purchase,Credit Card,Delivered,Partially Returned,451.38
574,108,P002,C0080,SP06,L01,30,11.45,776.3392,No Discount,Installment,Pending,Partially Returned,129.84
575,108,P004,C2135,SP03,L09,6,34.3,434.90304,No Discount,Cash,Pending,Partially Returned,233.18
576,108,P006,C0074,SP05,L04,37,491.03,288.3924,Promotional,Credit Card,Pending,Returned,344.3
577,109,P001,C0848,SP01,L01,15,416.23,596.0975999999999,No Discount,Cash,Delivered,No Returns,156.08
578,109,P001,C0696,SP03,L09,25,87.32,515.7504000000001,No Discount,Online Payment,Delivered,Partially Returned,246.07
579,109,P001,C0779,SP03,L06,42,266.25,5820.672,Promotional,Online Payment,Pending,Partially Returned,385.6
580,109,P002,C1514,SP06,L01,16,115.69,2733.57,No Discount,Credit Card,Delivered,No Returns,99.68
581,109,P003,C1559,SP04,L06,11,191.97,529.2864,No Discount,Cash,Delivered,No Returns,17.74
582,109,P006,C0250,SP03,L08,33,298.36,2553.732,Promotional,Installment,Cancelled,Partially Returned,124.74
583,109,P006,C0301,SP04,L12,6,289.47,1659.6352,No Discount,Online Payment,Delivered,Partially Returned,445.16
584,110,P001,C0759,SP01,L05,20,300.87,965.41536,No Discount,Cash,Pending,Partially Returned,244.29
585,110,P001,C0489,SP05,L10,36,73.25,7397.599999999999,No Discount,Online Payment,Delivered,Returned,433.96
586,110,P002,C1641,SP01,L09,12,448.25,2139.72,No Discount,Credit Card,Cancelled,No Returns,34.25
587,110,P002,C1642,SP03,L02,23,168.69,1418.21568,Seasonal,Cash,Pending,Returned,351.89
588,110,P002,C0169,SP05,L03,17,285.22,2080.6632,Seasonal,Cash,Pending,No Returns,402.49
589,110,P002,C0067,SP05,L01,14,295.72,1935.8976,Seasonal,Installment,Delivered,No Returns,29.45
590,110,P003,C1668,SP06,L06,17,141.69,3143.0016,Seasonal,Cash,Pending,Partially Returned,364.87
591,110,P004,C0040,SP01,L09,4,401.65,5009.2416,Promotional,Online Payment,Cancelled,Partially Returned,137.48
592,110,P005,C0329,SP06,L05,14,419.16,2806.9132,Bulk Purchase,Online Payment,Delivered,Partially Returned,216.0
593,111,P001,C0719,SP05,L09,5,25.76,1653.1328,Promotional,Online Payment,Cancelled,No Returns,66.08
594,111,P002,C1143,SP01,L01,19,97.33,1891.848,Promotional,Credit Card,Cancelled,No Returns,392.63
595,111,P002,C0029,SP02,L10,26,350.8,1593.144,Promotional,Credit Card,Cancelled,No Returns,117.2
596,111,P004,C1698,SP02,L01,26,115.46,3972.192,No Discount,Online Payment,Pending,Returned,361.78
597,112,P002,C1615,SP05,L06,41,262.1,9470.592,Seasonal,Online Payment,Cancelled,Partially Returned,22.71
598,112,P002,C0254,SP06,L10,38,101.57,2448.6336,Bulk Purchase,Installment,Cancelled,Partially Returned,361.14
599,112,P003,C0176,SP05,L01,29,156.85,4184.376,Promotional,Credit Card,Cancelled,No Returns,43.42
600,112,P004,C0074,SP01,L11,11,241.98,5845.888,Seasonal,Online Payment,Pending,Returned,435.83
601,112,P004,C0444,SP02,L12,41,453.73,1064.7984,Promotional,Credit Card,Pending,Partially Returned,267.0
602,112,P004,C0449,SP04,L08,12,483.53,6257.52,Bulk Purchase,Online Payment,Pending,No Returns,8.85
603,112,P005,C0557,SP06,L05,40,357.82,89.9808,No Discount,Installment,Delivered,Returned,410.32
604,112,P006,C1001,SP01,L02,2,415.96,3329.8944,Promotional,Online Payment,Pending,No Returns,362.61
605,112,P006,C1009,SP03,L09,49,369.6,248.1459200000001,Seasonal,Installment,Pending,Returned,355.35
606,112,P006,C1044,SP04,L04,38,429.1,2908.3212,Bulk Purchase,Credit Card,Pending,No Returns,228.31
607,112,P006,C0469,SP05,L11,37,397.24,1865.136,Bulk Purchase,Credit Card,Pending,Returned,288.56
608,113,P001,C0870,SP01,L12,28,34.49,1535.7664,No Discount,Online Payment,Cancelled,Returned,333.23
609,113,P002,C1108,SP01,L02,20,98.49,1013.26848,Bulk Purchase,Installment,Cancelled,Partially Returned,117.17
610,113,P002,C1125,SP06,L10,25,325.63,5805.856,Bulk Purchase,Online Payment,Cancelled,Returned,107.82
611,113,P003,C0696,SP04,L09,24,289.89,3185.318400000001,Bulk Purchase,Credit Card,Pending,Returned,72.53
612,113,P006,C0720,SP05,L07,25,47.53,2698.29,Seasonal,Online Payment,Pending,Partially Returned,356.58
613,114,P002,C0393,SP01,L03,13,316.12,6261.040800000001,Seasonal,Online Payment,Cancelled,No Returns,62.98
614,114,P002,C1346,SP02,L11,11,461.41,1129.44,Seasonal,Credit Card,Cancelled,Returned,454.33
615,115,P003,C0576,SP01,L01,9,171.75,881.5744,Bulk Purchase,Installment,Delivered,Returned,268.01
616,115,P005,C0012,SP02,L09,5,423.05,4698.5136,Bulk Purchase,Credit Card,Cancelled,Returned,402.43
617,116,P001,C1346,SP03,L06,43,399.78,1922.7264,Promotional,Installment,Pending,Returned,417.3
618,116,P001,C0959,SP04,L05,16,307.59,315.9156,Seasonal,Credit Card,Pending,No Returns,327.53
619,116,P002,C0733,SP05,L09,30,37.12,4425.7488,No Discount,Credit Card,Cancelled,Partially Returned,451.34
620,116,P003,C0003,SP01,L10,26,489.9,1663.1104,Bulk Purchase,Installment,Cancelled,Returned,327.45
621,116,P004,C0689,SP01,L06,11,260.23,8946.431999999999,Bulk Purchase,Online Payment,Pending,Returned,183.27
622,116,P004,C2077,SP01,L06,39,289.25,342.9504,Seasonal,Installment,Delivered,Returned,475.92
623,116,P005,C0601,SP01,L08,13,145.59,4502.722500000001,No Discount,Credit Card,Pending,No Returns,168.95
624,116,P005,C0409,SP04,L09,23,152.12,1354.7424,Bulk Purchase,Credit Card,Pending,No Returns,310.4
625,117,P001,C1806,SP03,L03,2,319.18,869.4540000000001,Seasonal,Credit Card,Pending,Partially Returned,37.39
626,117,P001,C0470,SP04,L01,46,409.28,1957.1552,Seasonal,Installment,Pending,Partially Returned,159.69
627,117,P003,C0420,SP02,L02,15,25.86,896.63616,No Discount,Cash,Delivered,Partially Returned,331.5
628,117,P005,C1284,SP03,L02,37,489.15,2736.6528,Seasonal,Online Payment,Pending,No Returns,213.74
629,117,P005,C1109,SP04,L09,35,467.57,3586.9504,Seasonal,Online Payment,Delivered,Returned,158.7
630,117,P005,C1073,SP05,L12,2,372.28,1188.5312,Promotional,Online Payment,Cancelled,No Returns,448.03
631,118,P001,C2032,SP01,L06,47,363.13,3105.504,No Discount,Online Payment,Pending,Returned,454.84
632,118,P001,C1072,SP03,L02,6,32.81,3592.2432,No Discount,Online Payment,Delivered,Partially Returned,219.72
633,118,P001,C0909,SP03,L01,46,22.53,1223.1408,Promotional,Cash,Cancelled,Returned,174.55
634,118,P003,C0217,SP02,L05,20,336.75,1903.8747,No Discount,Credit Card,Cancelled,Partially Returned,427.01
635,118,P004,C0911,SP03,L09,12,290.65,501.2761600000001,Bulk Purchase,Installment,Pending,Returned,232.25
636,118,P004,C0845,SP04,L06,9,313.65,2763.432,Bulk Purchase,Credit Card,Cancelled,No Returns,405.7
637,118,P005,C0760,SP04,L12,47,41.81,899.97184,Bulk Purchase,Installment,Pending,No Returns,206.67
638,118,P005,C1668,SP05,L01,47,154.02,3707.676,Promotional,Credit Card,Cancelled,Returned,255.68
639,118,P006,C1177,SP04,L05,38,233.37,1744.3881,No Discount,Credit Card,Pending,No Returns,321.03
640,119,P001,C1639,SP01,L04,35,378.0,811.6848,Promotional,Cash,Pending,Returned,492.83
641,119,P005,C1255,SP03,L08,15,329.46,1711.53,Seasonal,Online Payment,Delivered,Returned,176.57
642,119,P006,C1328,SP04,L09,5,419.49,3677.625600000001,Seasonal,Online Payment,Delivered,Partially Returned,467.78
643,119,P006,C1336,SP04,L11,14,350.3,2412.288,No Discount,Installment,Delivered,Returned,267.85
644,120,P003,C0519,SP03,L06,36,68.01,7036.416,Bulk Purchase,Credit Card,Delivered,Returned,425.18
645,120,P006,C1823,SP06,L07,45,434.71,1299.6312,Seasonal,Installment,Delivered,Returned,231.75
646,121,P003,C0231,SP01,L12,44,26.83,217.25184,No Discount,Cash,Pending,Partially Returned,395.95
647,121,P004,C0913,SP03,L02,26,224.59,244.7424,No Discount,Credit Card,Delivered,Returned,137.1
648,121,P005,C1610,SP01,L04,21,21.32,2922.9336,Seasonal,Credit Card,Delivered,Returned,489.91
649,121,P005,C0556,SP04,L11,6,330.28,1319.424,Bulk Purchase,Credit Card,Cancelled,Returned,197.14
650,121,P005,C2117,SP05,L10,23,496.58,7356.047999999999,Promotional,Online Payment,Pending,No Returns,464.84
651,122,P002,C1418,SP04,L04,8,77.09,1076.59584,No Discount,Installment,Cancelled,Partially Returned,43.16
652,122,P004,C1517,SP05,L11,11,88.58,1411.392,No Discount,Online Payment,Cancelled,Returned,53.82
653,123,P001,C0365,SP01,L01,10,15.15,4250.064,Promotional,Online Payment,Delivered,No Returns,0.55
654,123,P001,C1276,SP01,L10,28,43.28,4431.0336,No Discount,Installment,Cancelled,No Returns,153.63
655,123,P001,C0685,SP02,L06,1,365.88,3343.7184,Bulk Purchase,Installment,Delivered,No Returns,408.85
656,123,P001,C1791,SP06,L03,20,191.74,174.85632,Promotional,Installment,Delivered,Returned,238.03
657,123,P002,C0448,SP01,L10,34,278.34,2563.8144,No Discount,Installment,Pending,No Returns,197.05
658,123,P002,C0015,SP03,L07,28,326.46,1007.1936,Seasonal,Cash,Cancelled,Returned,85.02
659,123,P003,C1458,SP04,L11,1,212.86,2799.04,No Discount,Online Payment,Pending,No Returns,239.83
660,123,P005,C0169,SP06,L07,31,165.87,1074.528,Bulk Purchase,Credit Card,Pending,Partially Returned,181.37
661,124,P002,C0533,SP06,L07,47,21.81,1822.926,No Discount,Online Payment,Delivered,No Returns,62.1
662,124,P003,C0061,SP03,L02,2,309.2,1144.5952,No Discount,Online Payment,Pending,Returned,359.49
663,124,P003,C2102,SP04,L02,14,198.31,956.26496,Promotional,Installment,Cancelled,Partially Returned,48.54
664,124,P004,C2121,SP02,L06,26,206.8,6357.696,Promotional,Online Payment,Pending,No Returns,84.48
665,124,P004,C1092,SP03,L10,41,479.97,2088.156,Promotional,Credit Card,Pending,Partially Returned,305.81
666,124,P004,C1958,SP06,L09,8,294.02,2057.45408,Seasonal,Installment,Delivered,Partially Returned,392.13
667,124,P004,C0957,SP06,L04,21,380.18,2492.4672,Bulk Purchase,Online Payment,Delivered,No Returns,451.86
668,124,P005,C1360,SP02,L05,34,168.06,1915.004,Seasonal,Online Payment,Cancelled,Returned,415.07
669,124,P005,C1650,SP03,L01,5,466.05,1376.844,Promotional,Credit Card,Pending,Returned,381.41
670,124,P005,C0477,SP04,L08,4,296.89,3937.7475,Seasonal,Credit Card,Delivered,No Returns,420.68
671,125,P002,C1374,SP02,L10,47,256.07,2099.9104,No Discount,Installment,Delivered,No Returns,435.3
672,125,P003,C0789,SP03,L12,13,409.13,2716.6272,Promotional,Online Payment,Cancelled,No Returns,419.43
673,125,P005,C0159,SP06,L04,13,371.17,1480.18752,Promotional,Installment,Cancelled,Returned,17.65
674,126,P001,C0419,SP03,L09,37,296.24,325.8393600000001,Promotional,Cash,Pending,Partially Returned,319.51
675,126,P002,C0111,SP04,L08,28,245.95,1194.48,Promotional,Online Payment,Cancelled,Returned,269.14
676,126,P003,C1942,SP02,L06,22,217.21,1515.7248,Bulk Purchase,Installment,Delivered,Partially Returned,363.25
677,126,P004,C0225,SP05,L10,44,146.84,2966.628,Seasonal,Credit Card,Delivered,Returned,120.36
678,126,P005,C0949,SP04,L10,49,435.3,2542.5344,Seasonal,Installment,Pending,No Returns,31.55
679,126,P006,C1630,SP04,L02,40,69.56,1695.9936,No Discount,Online Payment,Cancelled,Returned,109.0
680,127,P001,C0657,SP01,L05,47,296.46,1105.2496,No Discount,Installment,Pending,No Returns,6.06
681,127,P001,C1939,SP02,L07,39,103.45,2869.8705,Bulk Purchase,Credit Card,Cancelled,Returned,84.01
682,127,P001,C0346,SP05,L02,49,491.12,1278.44864,Bulk Purchase,Installment,Cancelled,Partially Returned,32.26
683,127,P001,C1679,SP05,L07,33,272.56,983.7324,No Discount,Cash,Pending,Partially Returned,92.72
684,127,P002,C1666,SP01,L02,7,280.34,903.2688,No Discount,Credit Card,Cancelled,No Returns,27.85
685,128,P001,C1809,SP03,L06,36,17.0,8824.127999999999,Bulk Purchase,Online Payment,Delivered,Partially Returned,183.7
686,128,P001,C0196,SP06,L02,48,102.99,3047.8784,No Discount,Online Payment,Delivered,No Returns,106.76
687,128,P002,C2019,SP04,L04,3,343.19,2247.10848,Seasonal,Cash,Pending,No Returns,408.92
688,128,P003,C2154,SP05,L07,6,266.98,999.558,Promotional,Credit Card,Pending,Returned,433.91
689,128,P004,C1613,SP06,L06,44,421.15,2174.572799999999,No Discount,Cash,Cancelled,No Returns,146.37
690,128,P005,C2047,SP04,L12,17,480.25,2093.3664,Bulk Purchase,Online Payment,Pending,Returned,467.37
691,128,P006,C0032,SP02,L05,49,188.96,865.75944,Bulk Purchase,Cash,Delivered,No Returns,245.62
692,129,P001,C1930,SP02,L09,11,253.39,1336.02304,No Discount,Installment,Pending,No Returns,275.07
693,129,P002,C1660,SP01,L12,8,128.7,1713.69792,No Discount,Cash,Pending,Partially Returned,328.78
694,129,P003,C1146,SP01,L07,2,314.03,1411.8552,Promotional,Installment,Delivered,No Returns,353.6
695,129,P004,C2007,SP01,L07,6,135.64,2860.4835,Seasonal,Credit Card,Delivered,No Returns,66.23
696,129,P004,C1562,SP02,L08,39,210.82,6844.77,Bulk Purchase,Online Payment,Cancelled,Returned,489.53
697,129,P004,C0520,SP04,L03,11,272.86,1129.6098,Bulk Purchase,Credit Card,Cancelled,No Returns,413.04
698,129,P005,C0472,SP02,L01,12,204.41,2665.824,Seasonal,Credit Card,Cancelled,Partially Returned,215.39
699,129,P006,C0271,SP03,L09,41,131.38,979.5456,Promotional,Credit Card,Cancelled,Returned,483.83
700,129,P006,C2064,SP04,L02,28,364.88,217.62048,No Discount,Installment,Pending,Returned,297.39
701,130,P001,C1633,SP02,L08,34,352.6,827.892,Promotional,Installment,Pending,Partially Returned,454.97
702,130,P004,C0444,SP02,L04,5,286.91,2168.4348,Bulk Purchase,Credit Card,Cancelled,Returned,470.57
703,130,P005,C0556,SP06,L04,9,301.46,3228.5952,Seasonal,Credit Card,Pending,Partially Returned,10.92
704,130,P006,C2137,SP01,L06,5,491.68,2552.8704,Promotional,Installment,Pending,Partially Returned,223.87
705,131,P001,C0932,SP03,L06,10,287.34,925.9199999999998,No Discount,Credit Card,Pending,Partially Returned,486.17
706,131,P002,C1315,SP01,L06,42,378.87,8842.655999999999,Promotional,Online Payment,Cancelled,Partially Returned,316.94
707,131,P003,C0860,SP04,L11,34,446.62,4543.488,No Discount,Online Payment,Delivered,No Returns,315.84
708,131,P004,C0898,SP04,L11,11,407.81,760.656,No Discount,Credit Card,Delivered,Returned,257.31
709,131,P004,C1054,SP06,L04,14,235.33,1679.3568,Bulk Purchase,Online Payment,Cancelled,Returned,428.97
710,131,P005,C1937,SP06,L05,32,25.96,2480.8784,Bulk Purchase,Online Payment,Delivered,Returned,167.08
711,131,P006,C0546,SP03,L12,21,491.93,678.23744,No Discount,Installment,Pending,Returned,373.41
712,132,P001,C0483,SP01,L04,44,29.01,2126.19168,Promotional,Cash,Delivered,Returned,151.66
713,132,P002,C0927,SP01,L08,4,385.61,4928.094,Bulk Purchase,Cash,Cancelled,Partially Returned,104.14
714,132,P002,C2154,SP04,L08,30,209.92,4981.77,No Discount,Credit Card,Delivered,Partially Returned,159.89
715,132,P004,C1363,SP02,L05,8,277.86,1875.9741,Seasonal,Credit Card,Pending,Returned,354.11
716,132,P005,C0834,SP03,L02,42,133.26,669.2582399999999,Promotional,Cash,Cancelled,Partially Returned,422.62
717,133,P001,C1105,SP06,L09,24,498.8,3325.696,Bulk Purchase,Online Payment,Pending,Partially Returned,162.62
718,133,P003,C0055,SP01,L09,8,386.07,3132.56064,Seasonal,Cash,Delivered,Partially Returned,427.36
719,133,P003,C1954,SP05,L07,28,463.61,1546.6185,Seasonal,Credit Card,Cancelled,No Returns,440.31
720,133,P003,C0460,SP06,L11,22,475.59,2214.336,Promotional,Online Payment,Delivered,No Returns,474.56
721,133,P004,C0657,SP04,L08,19,104.76,5041.98,No Discount,Credit Card,Cancelled,Partially Returned,4.34
722,133,P005,C1644,SP03,L02,37,389.87,3896.7936,Bulk Purchase,Online Payment,Cancelled,Returned,125.96
723,134,P002,C0263,SP02,L07,14,138.9,3466.218,Seasonal,Online Payment,Delivered,Returned,415.78
724,134,P006,C0712,SP02,L06,15,355.41,3120.710399999999,Bulk Purchase,Cash,Cancelled,Returned,441.25
725,135,P003,C1110,SP03,L06,46,447.41,3549.1584,No Discount,Installment,Pending,No Returns,357.02
726,135,P003,C0169,SP05,L04,43,194.55,1582.86528,Promotional,Installment,Cancelled,Returned,101.18
727,135,P005,C0508,SP01,L07,15,74.05,2331.882,Seasonal,Cash,Cancelled,Returned,264.04
728,136,P001,C1689,SP02,L09,43,413.15,756.9408000000002,Seasonal,Installment,Delivered,Partially Returned,482.61
729,136,P002,C0117,SP06,L11,43,295.07,526.0544000000001,Bulk Purchase,Installment,Pending,No Returns,312.2
730,136,P006,C1358,SP01,L07,14,144.58,1648.6848,No Discount,Cash,Pending,Returned,180.98
731,136,P006,C0562,SP02,L08,13,68.51,4143.690000000001,Promotional,Online Payment,Cancelled,Returned,350.64
732,137,P003,C0608,SP04,L04,27,50.57,913.1097599999998,No Discount,Cash,Delivered,Partially Returned,29.96
733,137,P005,C1413,SP02,L01,16,236.51,2537.404799999999,Bulk Purchase,Cash,Pending,Returned,341.09
734,138,P001,C0852,SP03,L05,18,488.17,772.3788800000001,Promotional,Installment,Delivered,Partially Returned,324.47
735,138,P001,C2011,SP04,L02,40,368.87,3038.8288,Promotional,Online Payment,Delivered,No Returns,98.27
736,138,P003,C1102,SP04,L10,12,479.7,4282.432,No Discount,Online Payment,Cancelled,Returned,23.2
737,138,P004,C0009,SP02,L07,15,195.64,1728.132,Promotional,Online Payment,Cancelled,No Returns,162.49
738,138,P006,C2159,SP06,L03,42,300.91,4793.9688,Seasonal,Online Payment,Cancelled,No Returns,32.26
739,139,P001,C1065,SP04,L02,19,65.23,1261.49632,Promotional,Installment,Cancelled,No Returns,327.44
740,139,P001,C1795,SP05,L02,30,473.07,421.17376,No Discount,Installment,Pending,No Returns,211.55
741,139,P003,C0421,SP05,L01,30,311.98,1334.48,Seasonal,Online Payment,Delivered,No Returns,369.8
742,139,P004,C1084,SP05,L11,20,449.86,2707.6992,Bulk Purchase,Cash,Pending,Partially Returned,263.46
743,139,P005,C0144,SP01,L08,42,285.84,2019.168,No Discount,Installment,Cancelled,Returned,291.23
744,139,P005,C1315,SP01,L05,25,461.99,302.484,Seasonal,Installment,Pending,No Returns,183.41
745,139,P005,C1002,SP04,L07,45,167.8,2604.735,No Discount,Credit Card,Pending,Returned,109.31
746,139,P006,C1915,SP02,L10,2,82.01,1349.376,No Discount,Credit Card,Cancelled,No Returns,121.34
747,139,P006,C0246,SP05,L06,46,338.04,2939.904,No Discount,Credit Card,Delivered,Returned,453.39
748,140,P001,C0515,SP05,L08,26,40.92,1119.8925,No Discount,Credit Card,Delivered,Returned,221.66
749,140,P003,C1524,SP01,L12,21,127.08,3181.48608,Bulk Purchase,Cash,Cancelled,Returned,126.34
750,140,P004,C0308,SP01,L01,2,438.41,695.1615999999999,Promotional,Installment,Delivered,Returned,162.91
751,140,P006,C2039,SP01,L12,46,111.63,2532.2112,No Discount,Online Payment,Cancelled,No Returns,359.24
752,141,P001,C0243,SP06,L04,18,20.84,3017.3796,Seasonal,Credit Card,Delivered,Partially Returned,364.27
753,141,P003,C1782,SP02,L07,44,348.63,1846.1205,No Discount,Credit Card,Delivered,Returned,460.81
754,142,P001,C1296,SP01,L05,1,308.56,514.0317,Promotional,Credit Card,Pending,Partially Returned,498.08
755,142,P001,C1747,SP06,L02,27,488.69,2590.8288,Seasonal,Credit Card,Cancelled,Returned,19.86
756,142,P005,C1911,SP03,L04,41,461.94,2725.0128,Promotional,Online Payment,Pending,No Returns,7.69
757,142,P005,C1476,SP04,L04,44,215.19,2501.4528,Promotional,Online Payment,Cancelled,Returned,317.2
758,142,P005,C0272,SP04,L06,20,165.31,1756.1472,Bulk Purchase,Installment,Cancelled,Partially Returned,442.12
759,142,P005,C2031,SP05,L08,37,354.42,1436.6025,No Discount,Credit Card,Delivered,No Returns,362.35
760,142,P005,C1510,SP06,L08,40,319.63,631.692,Seasonal,Cash,Cancelled,No Returns,280.56
761,142,P006,C1030,SP03,L01,7,281.8,3605.168,Promotional,Online Payment,Cancelled,Returned,363.48
762,143,P001,C1090,SP06,L09,25,372.53,3236.9568,No Discount,Credit Card,Pending,No Returns,369.07
763,143,P002,C2031,SP01,L06,38,116.0,8776.704,No Discount,Online Payment,Pending,Partially Returned,55.17
764,143,P002,C0680,SP04,L02,2,199.08,1477.88032,Seasonal,Installment,Delivered,No Returns,319.79
765,143,P003,C0794,SP04,L01,47,130.46,3274.656,Promotional,Cash,Pending,Partially Returned,153.19
766,143,P003,C0564,SP04,L10,24,281.24,2259.5776,No Discount,Installment,Delivered,Returned,318.86
767,143,P004,C0163,SP01,L02,27,110.73,912.8448000000002,No Discount,Cash,Delivered,No Returns,64.79
768,143,P004,C1728,SP05,L03,14,237.49,3279.0096,Seasonal,Online Payment,Delivered,Returned,2.3
769,143,P006,C0189,SP01,L04,41,368.98,111.05856,Promotional,Installment,Pending,No Returns,98.53
770,143,P006,C0565,SP06,L01,48,434.85,364.7615999999999,Promotional,Cash,Cancelled,Partially Returned,451.01
771,144,P001,C1258,SP03,L08,22,267.83,3362.4,No Discount,Installment,Cancelled,Partially Returned,443.65
772,144,P002,C0940,SP01,L07,4,135.49,128.6964,No Discount,Cash,Cancelled,Returned,377.56
773,144,P002,C1180,SP05,L02,9,290.2,1095.14496,No Discount,Cash,Delivered,Returned,398.15
774,144,P002,C1791,SP05,L06,2,293.65,1418.904,Seasonal,Credit Card,Delivered,No Returns,470.82
775,144,P003,C1079,SP05,L07,49,156.57,3766.349999999999,No Discount,Online Payment,Delivered,Returned,325.09
776,144,P005,C0058,SP01,L02,13,50.89,901.376,Bulk Purchase,Installment,Delivered,No Returns,223.33
777,144,P005,C0307,SP05,L03,47,282.36,3225.3552,Seasonal,Online Payment,Pending,Partially Returned,307.91
778,144,P006,C1812,SP03,L05,34,368.94,768.3676,Promotional,Online Payment,Delivered,Partially Returned,81.25
779,144,P006,C1562,SP05,L08,20,237.61,1793.196,Seasonal,Installment,Cancelled,Partially Returned,9.71
780,145,P001,C0944,SP02,L11,34,420.38,967.4880000000002,Seasonal,Credit Card,Cancelled,Partially Returned,121.86
781,145,P001,C1313,SP04,L12,21,186.6,556.2264,Bulk Purchase,Credit Card,Cancelled,No Returns,10.48
782,145,P002,C1968,SP03,L11,1,173.21,766.704,Bulk Purchase,Credit Card,Pending,Partially Returned,111.29
783,145,P002,C1719,SP04,L06,11,42.28,4947.264,Seasonal,Online Payment,Cancelled,Returned,333.76
784,145,P003,C1381,SP02,L04,43,11.65,931.61664,Promotional,Cash,Pending,Returned,455.8
785,145,P004,C1137,SP06,L11,42,458.8,927.12,No Discount,Credit Card,Pending,No Returns,109.42
786,145,P006,C0197,SP01,L04,30,166.03,3463.0848,Bulk Purchase,Online Payment,Delivered,No Returns,3.64
787,146,P002,C0676,SP01,L03,40,25.47,405.324,Seasonal,Credit Card,Pending,No Returns,178.1
788,146,P003,C2155,SP04,L03,11,23.22,1058.74128,Seasonal,Cash,Cancelled,Partially Returned,308.98
789,146,P004,C1567,SP04,L08,21,350.69,2204.064,Promotional,Cash,Pending,Returned,431.54
790,146,P004,C1224,SP05,L08,3,31.91,2950.11,Bulk Purchase,Online Payment,Cancelled,No Returns,28.11
791,146,P005,C0641,SP01,L03,32,477.96,3825.208800000001,Seasonal,Credit Card,Delivered,No Returns,350.4
792,146,P005,C2071,SP02,L11,15,137.95,1832.704,Promotional,Online Payment,Pending,No Returns,130.31
793,147,P001,C1966,SP01,L12,48,438.81,5321.299199999999,Seasonal,Online Payment,Cancelled,No Returns,155.17
794,147,P001,C0280,SP03,L01,39,122.3,3591.168,No Discount,Credit Card,Pending,Partially Returned,286.21
795,147,P001,C1463,SP05,L10,1,486.05,3660.384,No Discount,Online Payment,Delivered,Partially Returned,333.78
796,147,P002,C1800,SP01,L03,37,259.33,2497.5054,Seasonal,Credit Card,Delivered,Partially Returned,446.19
797,147,P003,C1792,SP02,L05,8,178.93,1038.22992,Promotional,Installment,Pending,No Returns,222.32
798,147,P003,C0221,SP02,L01,29,42.66,1800.6576,Seasonal,Cash,Delivered,Returned,73.6
799,147,P003,C1851,SP03,L07,47,489.06,954.45,Bulk Purchase,Online Payment,Delivered,No Returns,109.28
800,147,P005,C1482,SP02,L05,32,488.92,977.73312,No Discount,Installment,Delivered,No Returns,214.56
801,148,P003,C1746,SP03,L03,31,151.97,863.75808,No Discount,Cash,Pending,Partially Returned,380.27
802,148,P005,C1589,SP01,L05,28,287.78,754.52832,Promotional,Cash,Cancelled,Partially Returned,356.85
803,148,P005,C1642,SP01,L06,35,76.78,1751.1936,No Discount,Installment,Cancelled,Returned,267.48
804,148,P005,C0100,SP04,L11,6,25.69,1809.536,No Discount,Installment,Pending,Returned,438.72
805,148,P005,C0011,SP06,L09,46,331.4,1343.4432,No Discount,Cash,Cancelled,Partially Returned,86.53
806,148,P006,C0768,SP02,L08,12,336.12,2254.5,Seasonal,Credit Card,Pending,Partially Returned,151.98
807,149,P003,C0897,SP02,L05,4,360.4,1227.6264,Seasonal,Installment,Pending,Partially Returned,342.61
808,149,P003,C1960,SP05,L08,17,76.61,5945.94,Bulk Purchase,Credit Card,Delivered,Returned,335.05
809,149,P004,C2011,SP02,L11,46,342.16,3759.68,Seasonal,Online Payment,Pending,No Returns,250.34
810,149,P005,C0669,SP05,L08,4,435.57,2635.920000000001,Bulk Purchase,Installment,Pending,No Returns,412.17
811,149,P005,C1728,SP05,L10,5,431.92,2095.1616,Bulk Purchase,Cash,Pending,No Returns,105.31
812,149,P006,C0585,SP06,L05,9,175.07,1244.2794,No Discount,Credit Card,Delivered,Partially Returned,318.52
813,150,P001,C0264,SP01,L01,36,125.52,1644.258,Seasonal,Credit Card,Pending,No Returns,439.24
814,150,P001,C0912,SP05,L03,15,21.85,3868.71552,Seasonal,Cash,Cancelled,Partially Returned,140.39
815,150,P001,C0710,SP06,L02,27,497.27,671.39072,Promotional,Installment,Cancelled,No Returns,379.22
816,150,P001,C0662,SP06,L05,22,79.99,1369.9504,Seasonal,Online Payment,Delivered,Returned,197.06
817,150,P002,C0340,SP02,L02,25,470.06,2669.184,Bulk Purchase,Credit Card,Delivered,Returned,89.38
818,150,P002,C0543,SP02,L06,30,143.59,2022.432,No Discount,Online Payment,Delivered,Returned,88.55
819,150,P003,C1808,SP05,L07,1,132.94,2095.5564,Promotional,Cash,Delivered,Partially Returned,494.54
820,150,P004,C1150,SP05,L02,37,258.55,1464.35072,Bulk Purchase,Installment,Delivered,Partially Returned,353.23
821,150,P004,C1824,SP06,L07,5,66.27,354.9336,Seasonal,Installment,Pending,Returned,154.51
822,150,P005,C0832,SP05,L01,32,465.81,3244.92,Bulk Purchase,Cash,Pending,No Returns,168.45
823,150,P006,C0874,SP01,L04,17,462.61,1514.0736,No Discount,Installment,Delivered,No Returns,176.17
824,150,P006,C0871,SP05,L06,14,198.51,1971.648,Bulk Purchase,Online Payment,Pending,Partially Returned,54.51
825,151,P001,C1035,SP01,L06,13,162.61,2286.72,Bulk Purchase,Credit Card,Pending,Partially Returned,422.02
826,151,P001,C0652,SP05,L04,2,221.53,3698.1792,Promotional,Online Payment,Cancelled,Returned,272.63
827,151,P001,C0363,SP05,L07,48,154.68,612.5111999999999,No Discount,Installment,Cancelled,No Returns,121.98
828,151,P003,C0972,SP03,L12,32,67.56,3800.9688,Promotional,Credit Card,Cancelled,No Returns,407.3
829,151,P003,C1176,SP05,L04,2,326.12,1911.6324,No Discount,Credit Card,Pending,Returned,305.27
830,151,P006,C0321,SP06,L04,22,234.62,2941.704,Seasonal,Online Payment,Delivered,Returned,185.35
831,152,P001,C0547,SP04,L09,31,156.21,3381.22752,Seasonal,Cash,Cancelled,No Returns,29.89
832,152,P003,C1587,SP04,L07,48,75.17,929.754,No Discount,Online Payment,Delivered,Returned,100.39
833,152,P004,C1340,SP04,L07,15,483.05,164.0205,Bulk Purchase,Credit Card,Cancelled,Partially Returned,41.16
834,152,P005,C0283,SP03,L08,44,261.9,1716.48,Bulk Purchase,Installment,Pending,Partially Returned,368.21
835,152,P005,C1433,SP03,L07,32,358.61,1636.2675,Promotional,Credit Card,Pending,Partially Returned,410.94
836,152,P005,C0914,SP06,L05,22,139.89,1326.58344,Bulk Purchase,Cash,Pending,Partially Returned,490.03
837,152,P006,C1174,SP04,L11,40,87.23,1892.992,Bulk Purchase,Online Payment,Cancelled,Partially Returned,90.44
838,153,P001,C0040,SP01,L11,1,143.79,1064.6784,Bulk Purchase,Cash,Delivered,Returned,322.23
839,153,P001,C0495,SP02,L07,8,199.87,520.59,Seasonal,Online Payment,Delivered,Partially Returned,348.62
840,153,P001,C0935,SP03,L08,17,27.45,3857.867999999999,Promotional,Cash,Cancelled,Partially Returned,81.42
841,153,P001,C1758,SP03,L06,49,477.69,6625.008,Seasonal,Credit Card,Pending,Partially Returned,279.92
842,153,P002,C2149,SP05,L09,41,213.08,1471.38816,Bulk Purchase,Cash,Pending,Returned,202.8
843,153,P002,C1197,SP06,L12,30,412.08,211.87712,Promotional,Installment,Pending,Returned,127.4
844,153,P005,C1950,SP02,L05,32,267.43,1854.6892,Seasonal,Online Payment,Cancelled,Returned,406.55
845,153,P006,C0602,SP04,L03,8,26.57,1633.5432,Seasonal,Online Payment,Pending,No Returns,115.39
846,154,P002,C1851,SP01,L07,25,283.65,212.94,Promotional,Credit Card,Cancelled,Returned,199.99
847,154,P002,C0565,SP03,L02,39,158.35,1909.2192,No Discount,Credit Card,Pending,No Returns,453.93
848,154,P003,C1999,SP04,L12,30,459.87,1866.98624,Promotional,Installment,Cancelled,Returned,328.9
849,154,P004,C1033,SP02,L08,8,460.78,5601.599999999999,No Discount,Online Payment,Delivered,No Returns,2.79
850,154,P005,C1349,SP01,L05,45,109.28,465.45408,No Discount,Cash,Pending,Partially Returned,424.99
851,155,P001,C1538,SP05,L12,35,141.75,125.8816,Seasonal,Installment,Cancelled,Returned,378.26
852,155,P004,C0240,SP01,L04,18,444.16,1840.9032,Promotional,Credit Card,Pending,Partially Returned,301.58
853,155,P004,C1444,SP03,L03,47,338.77,2070.5544,Bulk Purchase,Cash,Cancelled,Returned,135.55
854,155,P004,C1382,SP05,L08,45,451.77,501.4440000000001,Seasonal,Cash,Cancelled,No Returns,423.81
855,155,P005,C0348,SP05,L07,11,187.7,1225.6335,No Discount,Credit Card,Pending,No Returns,114.56
856,155,P006,C1171,SP02,L09,42,253.1,1938.675200000001,Promotional,Installment,Pending,Partially Returned,139.29
857,155,P006,C1353,SP05,L08,37,240.42,5646.915,Bulk Purchase,Credit Card,Delivered,No Returns,411.79
858,156,P001,C2030,SP04,L04,3,178.08,1237.05792,No Discount,Installment,Cancelled,Returned,18.37
859,156,P003,C0733,SP01,L10,16,207.8,1743.3024,Seasonal,Cash,Delivered,No Returns,452.07
860,156,P004,C1520,SP06,L07,24,140.97,3064.32,Seasonal,Online Payment,Pending,No Returns,165.55
861,157,P002,C1237,SP06,L09,26,397.67,1776.896,Promotional,Online Payment,Pending,Returned,373.04
862,157,P002,C1809,SP06,L01,38,28.22,2865.2736,Promotional,Cash,Delivered,Returned,249.25
863,157,P003,C1072,SP01,L02,2,184.62,104.9216,No Discount,Installment,Pending,Partially Returned,63.28
864,157,P005,C1132,SP03,L04,22,158.24,587.574,Promotional,Credit Card,Pending,Returned,474.11
865,157,P005,C0612,SP04,L05,44,331.84,446.38776,Bulk Purchase,Cash,Cancelled,Returned,447.05
866,157,P006,C1743,SP03,L10,25,76.71,7267.932,No Discount,Credit Card,Cancelled,Partially Returned,56.06
867,158,P001,C0766,SP06,L03,3,196.66,6157.0368,No Discount,Online Payment,Cancelled,No Returns,384.07
868,158,P002,C1213,SP06,L10,18,303.38,4049.2704,Promotional,Cash,Delivered,No Returns,285.42
869,158,P003,C0105,SP04,L07,33,443.08,899.5056,Seasonal,Installment,Delivered,Partially Returned,98.15
870,158,P005,C0587,SP02,L03,34,250.21,5974.3008,Bulk Purchase,Online Payment,Cancelled,Returned,50.84
871,159,P002,C1573,SP01,L04,6,188.89,680.73696,Bulk Purchase,Cash,Pending,No Returns,225.76
872,159,P002,C0081,SP04,L01,48,141.33,1502.6592,Promotional,Cash,Cancelled,No Returns,323.2
873,159,P003,C1020,SP01,L08,42,429.06,713.1600000000001,Bulk Purchase,Online Payment,Delivered,No Returns,88.01
874,159,P003,C1412,SP02,L08,4,25.32,6007.5,No Discount,Credit Card,Delivered,No Returns,161.81
875,159,P003,C0124,SP02,L04,31,86.39,275.0112,Seasonal,Online Payment,Cancelled,Returned,115.99
876,159,P004,C0342,SP02,L04,15,408.76,4237.8768,No Discount,Online Payment,Delivered,No Returns,154.02
877,159,P004,C0063,SP04,L01,35,330.25,1119.3504,No Discount,Cash,Delivered,Returned,143.23
878,159,P005,C1146,SP06,L06,8,96.61,3548.544,Bulk Purchase,Online Payment,Pending,Returned,22.84
879,159,P006,C0641,SP01,L06,47,337.16,900.864,Seasonal,Credit Card,Pending,Returned,244.81
880,160,P001,C0048,SP04,L04,2,386.2,2431.08864,No Discount,Cash,Pending,No Returns,309.93
881,160,P005,C1028,SP01,L04,26,120.47,424.58688,Seasonal,Installment,Pending,Partially Returned,327.49
882,161,P001,C0822,SP02,L05,2,246.79,853.0267199999998,Seasonal,Cash,Delivered,No Returns,486.58
883,161,P002,C0605,SP04,L04,5,368.29,1477.28448,Seasonal,Cash,Delivered,Partially Returned,225.41
884,161,P005,C0190,SP01,L03,43,107.19,620.0064000000001,Promotional,Online Payment,Pending,No Returns,304.62
885,161,P005,C0447,SP02,L02,26,87.79,2503.648,Seasonal,Online Payment,Pending,No Returns,250.69
886,162,P001,C2115,SP06,L07,40,203.32,1506.96,No Discount,Online Payment,Cancelled,Partially Returned,27.97
887,162,P003,C0211,SP02,L05,6,454.55,2839.3092,Seasonal,Online Payment,Pending,Returned,347.76
888,162,P003,C1002,SP03,L08,35,398.57,1106.01,Promotional,Online Payment,Cancelled,Returned,391.45
889,162,P003,C1937,SP05,L03,28,487.59,4225.6728,Promotional,Online Payment,Delivered,Returned,358.52
890,162,P004,C0966,SP04,L12,32,149.59,2884.00512,No Discount,Cash,Cancelled,No Returns,483.33
891,163,P001,C0034,SP05,L09,44,281.35,1020.29312,Seasonal,Installment,Delivered,Partially Returned,207.12
892,163,P002,C1056,SP01,L01,22,378.66,3331.2384,Seasonal,Cash,Delivered,Returned,381.0
893,163,P002,C0841,SP05,L01,36,474.91,2235.8448,No Discount,Cash,Delivered,No Returns,234.39
894,163,P003,C0040,SP02,L12,11,122.62,592.9382400000001,Seasonal,Installment,Cancelled,Partially Returned,255.55
895,163,P003,C2086,SP02,L10,32,445.8,4266.0576,No Discount,Cash,Pending,No Returns,16.66
896,163,P003,C0999,SP03,L03,41,277.79,3347.2278,No Discount,Credit Card,Delivered,Partially Returned,341.06
897,163,P003,C1389,SP06,L11,30,42.82,3257.136,Promotional,Credit Card,Delivered,Returned,419.17
898,163,P004,C1245,SP01,L01,10,285.67,130.2336,Bulk Purchase,Installment,Delivered,No Returns,268.66
899,163,P004,C0241,SP02,L11,21,302.65,4209.024,Bulk Purchase,Credit Card,Cancelled,Returned,105.29
900,163,P006,C0600,SP01,L09,25,21.84,1900.32128,Bulk Purchase,Installment,Cancelled,Returned,484.5
901,163,P006,C1544,SP01,L12,38,194.04,4704.403200000001,No Discount,Online Payment,Cancelled,No Returns,287.25
902,163,P006,C1364,SP01,L07,41,67.21,189.8064,No Discount,Installment,Delivered,Partially Returned,401.7
903,164,P004,C0760,SP01,L05,30,415.69,1498.497,Bulk Purchase,Credit Card,Delivered,No Returns,492.79
904,164,P005,C1949,SP05,L06,1,131.2,2852.8896,No Discount,Installment,Cancelled,Partially Returned,218.78
905,164,P006,C2106,SP02,L08,33,384.04,6365.25,No Discount,Online Payment,Cancelled,No Returns,269.12
906,164,P006,C0892,SP06,L02,34,159.8,705.152,Bulk Purchase,Online Payment,Delivered,Partially Returned,127.19
907,165,P002,C0690,SP01,L07,13,336.08,4082.526,Promotional,Online Payment,Pending,Partially Returned,209.98
908,165,P004,C0049,SP03,L12,7,456.64,1866.96448,Bulk Purchase,Installment,Delivered,No Returns,312.84
909,165,P004,C1149,SP05,L09,44,222.83,4681.459200000001,Seasonal,Credit Card,Cancelled,Partially Returned,160.77
910,165,P005,C1564,SP03,L03,7,228.99,4963.874400000001,No Discount,Online Payment,Pending,Returned,386.16
911,165,P005,C1248,SP05,L01,23,424.19,801.64,No Discount,Online Payment,Cancelled,Partially Returned,53.47
912,165,P006,C1874,SP03,L10,11,197.47,1529.3376,Seasonal,Cash,Cancelled,No Returns,455.79
913,166,P003,C0513,SP02,L07,48,398.6,3803.646,Seasonal,Online Payment,Cancelled,Partially Returned,5.15
914,167,P001,C0827,SP01,L08,2,479.28,6498.8325,Seasonal,Credit Card,Delivered,No Returns,408.23
915,167,P003,C0071,SP01,L10,37,254.38,6328.4256,Seasonal,Cash,Pending,Partially Returned,460.01
916,167,P003,C0929,SP03,L02,25,57.87,3073.4256,No Discount,Credit Card,Delivered,Returned,24.17
917,167,P003,C0986,SP06,L11,48,272.09,3237.360000000001,Promotional,Credit Card,Delivered,Returned,436.31
918,167,P004,C1528,SP02,L12,14,329.27,1493.3888,Seasonal,Online Payment,Pending,Partially Returned,216.68
919,167,P004,C1523,SP03,L08,13,393.72,5395.14,No Discount,Cash,Cancelled,Partially Returned,259.18
920,167,P005,C1208,SP01,L11,37,269.66,3862.72,No Discount,Online Payment,Delivered,No Returns,107.25
921,167,P005,C1369,SP06,L05,34,374.03,378.4053,Seasonal,Credit Card,Delivered,Returned,45.0
922,168,P001,C1764,SP05,L01,40,247.7,965.5968,Seasonal,Cash,Cancelled,Partially Returned,397.82
923,168,P002,C1708,SP06,L07,30,468.68,2809.9575,Seasonal,Credit Card,Cancelled,Returned,479.15
924,168,P002,C1249,SP06,L07,46,47.57,838.2359999999999,Bulk Purchase,Installment,Pending,No Returns,120.19
925,168,P004,C0430,SP02,L10,35,433.93,366.7776,Bulk Purchase,Installment,Pending,No Returns,315.96
926,168,P004,C1784,SP06,L09,35,480.61,2067.3664,Bulk Purchase,Online Payment,Cancelled,Returned,208.1
927,168,P005,C0907,SP03,L04,39,287.49,2930.3856,No Discount,Credit Card,Delivered,Returned,360.12
928,169,P001,C0329,SP01,L11,15,319.97,2987.008,Seasonal,Online Payment,Cancelled,Returned,140.43
929,169,P001,C0007,SP04,L05,39,422.39,1849.89168,Bulk Purchase,Cash,Delivered,Partially Returned,328.47
930,169,P002,C0635,SP02,L09,14,461.45,3006.784000000001,Bulk Purchase,Online Payment,Pending,Returned,11.57
931,169,P002,C0762,SP02,L07,48,430.57,1052.9505,Bulk Purchase,Credit Card,Pending,Partially Returned,266.32
932,169,P002,C0484,SP03,L06,48,280.28,2799.288,Seasonal,Credit Card,Pending,Partially Returned,40.9
933,169,P003,C0566,SP04,L05,5,20.76,1203.2748,Promotional,Cash,Cancelled,Returned,181.37
934,169,P003,C1175,SP05,L04,1,419.08,1692.08352,Promotional,Cash,Delivered,No Returns,239.55
935,169,P003,C1908,SP06,L12,41,403.52,4865.0464,Promotional,Online Payment,Pending,Returned,435.41
936,169,P005,C0461,SP06,L02,37,208.26,1412.544,No Discount,Credit Card,Delivered,Partially Returned,207.34
937,169,P006,C1109,SP06,L11,4,131.85,385.4976,No Discount,Cash,Delivered,Partially Returned,399.57
938,170,P003,C1567,SP05,L05,40,286.04,1748.24832,No Discount,Cash,Cancelled,Partially Returned,258.38
939,170,P004,C0209,SP02,L04,21,417.48,281.98368,Promotional,Cash,Delivered,Returned,365.43
940,170,P004,C1316,SP04,L02,28,362.22,278.88,Promotional,Credit Card,Pending,Partially Returned,317.71
941,170,P006,C2065,SP04,L05,44,75.36,281.6996,Bulk Purchase,Online Payment,Delivered,Partially Returned,24.86
942,171,P005,C0396,SP04,L08,20,111.47,2582.118,Seasonal,Cash,Pending,No Returns,219.25
943,172,P001,C1162,SP02,L11,32,347.92,3139.968,Seasonal,Online Payment,Pending,Returned,33.53
944,172,P003,C1235,SP03,L02,22,140.02,528.0576,No Discount,Credit Card,Pending,Partially Returned,119.8
945,172,P003,C1486,SP03,L06,10,416.41,3905.279999999999,Bulk Purchase,Credit Card,Pending,No Returns,370.94
946,172,P003,C0670,SP04,L04,41,182.73,1725.59808,No Discount,Cash,Delivered,No Returns,319.89
947,172,P004,C2041,SP01,L06,5,435.39,2297.1264,Promotional,Installment,Cancelled,Returned,257.41
948,172,P004,C1420,SP02,L12,47,39.26,921.7536,No Discount,Installment,Delivered,No Returns,78.28
949,172,P004,C1919,SP02,L03,39,293.77,1367.5554,Seasonal,Credit Card,Cancelled,Partially Returned,320.35
950,172,P005,C0529,SP04,L10,11,343.65,4203.864,No Discount,Credit Card,Delivered,Partially Returned,481.53
951,172,P006,C0268,SP03,L01,36,69.8,2535.288,Seasonal,Online Payment,Cancelled,No Returns,58.01
952,172,P006,C0498,SP05,L04,29,248.64,1327.25952,Promotional,Installment,Delivered,Partially Returned,457.34
953,173,P004,C1275,SP01,L10,33,171.25,1826.0032,Seasonal,Installment,Delivered,No Returns,342.3
954,173,P004,C0072,SP05,L09,28,400.36,2277.897600000001,Promotional,Credit Card,Cancelled,No Returns,491.3
955,173,P006,C0178,SP05,L12,16,366.44,1679.91552,Seasonal,Cash,Pending,Returned,223.77
956,173,P006,C1673,SP05,L12,32,219.31,706.72128,No Discount,Installment,Cancelled,Returned,6.87
957,174,P002,C0345,SP05,L03,27,53.01,3421.3428,Promotional,Credit Card,Delivered,No Returns,110.64
958,174,P003,C1670,SP06,L10,28,308.76,1297.0944,No Discount,Cash,Pending,Returned,49.93
959,174,P005,C0781,SP01,L06,38,412.45,1082.6496,Seasonal,Cash,Pending,No Returns,38.99
960,175,P004,C1226,SP05,L10,49,84.03,5551.055999999999,No Discount,Cash,Delivered,No Returns,345.74
961,175,P006,C0345,SP01,L08,10,16.07,1267.596,No Discount,Cash,Cancelled,Partially Returned,431.65
962,176,P002,C0132,SP06,L10,30,497.63,3452.064,No Discount,Cash,Delivered,No Returns,368.17
963,176,P003,C1528,SP01,L05,45,389.51,461.916,Seasonal,Online Payment,Cancelled,Returned,391.05
964,176,P003,C1272,SP05,L02,31,230.96,248.45184,Promotional,Cash,Pending,Partially Returned,473.24
965,176,P004,C1431,SP02,L06,13,88.44,4200.576,Promotional,Online Payment,Cancelled,Returned,195.16
966,176,P005,C1856,SP05,L07,45,476.6,971.4599999999998,Bulk Purchase,Credit Card,Delivered,Partially Returned,49.88
967,177,P002,C0370,SP04,L01,11,466.5,2894.682,No Discount,Credit Card,Cancelled,Returned,10.49
968,177,P004,C1905,SP06,L09,16,429.06,2338.9696,Promotional,Online Payment,Delivered,Returned,129.87
969,177,P005,C0824,SP01,L03,43,181.43,604.5062399999999,Seasonal,Cash,Delivered,No Returns,80.89
970,177,P005,C0224,SP03,L08,34,223.78,318.978,Seasonal,Cash,Pending,Partially Returned,254.09
971,178,P002,C0197,SP04,L02,29,339.85,1689.3632,Seasonal,Online Payment,Cancelled,Returned,232.76
972,178,P003,C0899,SP03,L04,20,467.91,404.1252,Bulk Purchase,Credit Card,Cancelled,Partially Returned,342.06
973,178,P003,C0190,SP04,L06,13,68.23,8764.32,Seasonal,Online Payment,Delivered,No Returns,163.19
974,178,P003,C0300,SP06,L05,9,274.21,2339.6464,No Discount,Online Payment,Delivered,No Returns,179.21
975,178,P004,C1505,SP04,L05,37,476.06,1026.4072,No Discount,Installment,Pending,Returned,57.43
976,178,P004,C0793,SP05,L04,48,22.0,769.2192000000001,No Discount,Online Payment,Pending,Partially Returned,197.19
977,178,P005,C0918,SP02,L03,13,110.59,3237.7806,Bulk Purchase,Credit Card,Cancelled,Partially Returned,247.88
978,178,P005,C1450,SP04,L10,34,399.86,4593.926399999999,Bulk Purchase,Cash,Pending,Returned,362.6
979,178,P005,C0427,SP05,L02,30,175.09,338.016,Bulk Purchase,Cash,Pending,Returned,271.08
980,179,P003,C1397,SP03,L12,14,470.27,1427.44512,Bulk Purchase,Cash,Delivered,Partially Returned,109.12
981,179,P004,C1751,SP06,L03,28,125.56,4856.3712,Promotional,Online Payment,Pending,No Returns,464.92
982,179,P006,C1999,SP01,L10,21,57.32,8182.019999999999,Seasonal,Credit Card,Cancelled,Returned,368.22
983,179,P006,C1954,SP03,L05,5,437.07,448.62272,Seasonal,Installment,Cancelled,No Returns,258.67
984,180,P002,C1436,SP04,L06,18,181.55,1493.6256,Seasonal,Cash,Cancelled,No Returns,248.19
985,180,P003,C0902,SP01,L01,36,135.15,2122.3776,Bulk Purchase,Cash,Cancelled,No Returns,230.19
986,180,P003,C1436,SP06,L08,9,441.1,2752.164,No Discount,Cash,Pending,No Returns,27.31
987,180,P004,C2143,SP04,L11,21,473.32,1003.328,No Discount,Online Payment,Delivered,Partially Returned,346.68
988,180,P005,C0306,SP06,L07,2,383.79,2760.786,No Discount,Online Payment,Pending,Partially Returned,427.34
989,181,P002,C0442,SP03,L10,13,490.01,1846.2528,Seasonal,Cash,Pending,No Returns,91.79
990,181,P002,C0208,SP05,L02,8,336.18,1655.4944,Bulk Purchase,Online Payment,Cancelled,No Returns,385.27
991,181,P003,C0015,SP01,L01,20,448.43,575.2991999999999,No Discount,Installment,Pending,No Returns,396.98
992,181,P005,C0615,SP05,L09,14,43.88,239.83872,Promotional,Cash,Delivered,No Returns,155.26
993,181,P006,C1112,SP04,L04,10,82.34,1931.76576,Seasonal,Cash,Delivered,Partially Returned,163.07
994,181,P006,C0772,SP05,L04,30,469.13,1750.84416,Bulk Purchase,Cash,Cancelled,Returned,74.07
995,182,P001,C0438,SP04,L07,37,150.58,783.2328,Seasonal,Installment,Delivered,Partially Returned,435.06
996,182,P002,C1105,SP01,L01,48,85.44,1710.9792,No Discount,Cash,Delivered,Partially Returned,433.17
997,182,P005,C1189,SP01,L05,22,478.09,777.6132,Seasonal,Credit Card,Delivered,No Returns,271.74
998,182,P006,C1949,SP02,L04,47,129.93,464.0716799999999,Promotional,Cash,Cancelled,Partially Returned,167.79
999,182,P006,C0036,SP04,L02,49,243.97,169.2096,Bulk Purchase,Cash,Pending,Returned,372.81
1000,183,P001,C1186,SP01,L01,28,457.3,2325.162,No Discount,Credit Card,Cancelled,Returned,205.22
1001,183,P002,C1722,SP01,L09,46,149.63,2768.1984,No Discount,Credit Card,Cancelled,Partially Returned,300.82
1002,183,P002,C0690,SP03,L05,26,348.0,3555.1152,Promotional,Online Payment,Cancelled,Returned,296.39
1003,183,P002,C1759,SP05,L11,27,227.87,1795.056,Bulk Purchase,Credit Card,Delivered,Partially Returned,318.87
1004,183,P003,C0343,SP04,L03,39,67.27,2910.0708,Seasonal,Credit Card,Delivered,Partially Returned,47.1
1005,183,P005,C0041,SP02,L10,43,307.2,971.88,Bulk Purchase,Credit Card,Delivered,No Returns,218.07
1006,184,P001,C1026,SP01,L07,14,380.87,496.7171999999999,No Discount,Cash,Delivered,Returned,175.91
1007,184,P001,C0132,SP01,L11,8,480.76,4264.32,Seasonal,Online Payment,Delivered,Returned,396.49
1008,184,P001,C1703,SP04,L09,20,131.72,4000.233600000001,Seasonal,Credit Card,Cancelled,Partially Returned,156.44
1009,184,P002,C1284,SP06,L11,49,15.81,2644.032,Seasonal,Online Payment,Cancelled,Partially Returned,95.3
1010,184,P004,C1594,SP04,L08,25,105.29,1068.48,Promotional,Installment,Pending,Returned,191.29
1011,184,P006,C1410,SP01,L05,12,398.22,1045.52448,No Discount,Cash,Pending,Returned,453.88
1012,184,P006,C0564,SP02,L02,30,69.67,1159.7376,Promotional,Online Payment,Delivered,Partially Returned,331.3
1013,185,P001,C0469,SP06,L10,25,135.7,2677.472,Bulk Purchase,Online Payment,Delivered,No Returns,64.45
1014,185,P002,C0139,SP02,L12,23,342.63,1022.19776,Promotional,Installment,Delivered,Partially Returned,170.85
1015,185,P002,C1397,SP06,L06,7,240.47,8380.608,Bulk Purchase,Online Payment,Cancelled,Returned,32.37
1016,185,P002,C0247,SP06,L11,37,64.1,788.0192000000001,Bulk Purchase,Installment,Cancelled,Returned,93.05
1017,185,P005,C0614,SP01,L08,15,327.63,6551.4825,Seasonal,Credit Card,Delivered,No Returns,236.29
1018,185,P005,C1279,SP02,L10,45,309.1,2153.088,Bulk Purchase,Installment,Pending,Partially Returned,85.56
1019,186,P001,C1796,SP03,L05,4,76.01,1154.28768,Bulk Purchase,Cash,Delivered,Partially Returned,252.51
1020,186,P001,C0974,SP06,L08,17,375.5,771.0300000000001,Promotional,Online Payment,Cancelled,No Returns,23.22
1021,186,P001,C0279,SP06,L04,19,317.01,2456.3952,No Discount,Online Payment,Pending,No Returns,448.39
1022,186,P002,C1857,SP04,L12,45,271.53,1326.29376,Seasonal,Cash,Cancelled,No Returns,63.78
1023,186,P002,C0941,SP05,L01,33,293.57,1790.8352,No Discount,Installment,Cancelled,No Returns,291.85
1024,186,P004,C1046,SP02,L06,23,332.58,4544.927999999999,No Discount,Cash,Delivered,Partially Returned,285.46
1025,186,P006,C0188,SP02,L03,26,274.9,992.0232,No Discount,Credit Card,Pending,Returned,398.61
1026,187,P002,C2005,SP02,L05,16,91.13,906.8696,No Discount,Installment,Delivered,No Returns,379.7
1027,187,P003,C1595,SP02,L08,47,467.35,2689.956,Seasonal,Installment,Pending,No Returns,421.23
1028,187,P003,C1665,SP05,L05,38,358.78,1371.7704,No Discount,Installment,Delivered,No Returns,418.98
1029,187,P003,C0137,SP06,L02,10,268.74,754.84416,No Discount,Cash,Cancelled,No Returns,19.96
1030,187,P004,C0913,SP02,L11,43,65.31,587.6224000000001,Bulk Purchase,Installment,Pending,Returned,18.74
1031,187,P006,C1558,SP05,L08,30,64.68,3829.572,Bulk Purchase,Cash,Pending,Partially Returned,484.62
1032,188,P002,C0851,SP05,L11,17,61.51,3688.7808,No Discount,Cash,Pending,Returned,472.07
1033,188,P004,C1044,SP04,L03,14,278.75,3765.771000000001,Bulk Purchase,Credit Card,Pending,No Returns,21.68
1034,189,P001,C1856,SP04,L01,2,221.05,1345.8368,Promotional,Installment,Pending,No Returns,274.41
1035,189,P002,C1725,SP03,L01,15,385.14,2642.024,No Discount,Online Payment,Pending,Returned,115.43
1036,189,P004,C0329,SP02,L12,44,365.91,426.496,Promotional,Installment,Cancelled,Returned,168.06
1037,189,P005,C0808,SP01,L01,28,37.88,742.0559999999999,Promotional,Credit Card,Delivered,Partially Returned,169.28
1038,189,P006,C1299,SP04,L12,36,282.91,3432.8304,No Discount,Credit Card,Delivered,No Returns,430.74
1039,190,P002,C0543,SP03,L02,16,173.36,1486.24896,Bulk Purchase,Cash,Cancelled,Returned,398.27
1040,190,P002,C1235,SP04,L01,11,74.06,3955.476,Seasonal,Credit Card,Delivered,Returned,52.94
1041,190,P003,C1114,SP04,L03,1,312.47,1655.9964,Bulk Purchase,Credit Card,Pending,No Returns,31.34
1042,190,P004,C1144,SP02,L10,8,428.24,1541.792,No Discount,Online Payment,Delivered,Partially Returned,116.04
1043,190,P005,C0898,SP01,L09,39,168.0,1745.131520000001,No Discount,Installment,Delivered,Returned,343.11
1044,191,P001,C1925,SP01,L07,40,131.3,746.298,No Discount,Credit Card,Cancelled,Returned,325.54
1045,191,P002,C1441,SP01,L09,9,273.23,1529.6512,Promotional,Installment,Cancelled,Partially Returned,166.12
1046,191,P002,C0552,SP03,L12,34,278.27,3171.4656,Seasonal,Credit Card,Pending,No Returns,323.52
1047,191,P003,C0354,SP03,L08,12,133.88,638.82,No Discount,Online Payment,Delivered,Returned,416.38
1048,191,P003,C1313,SP06,L10,34,18.95,5388.028799999999,Promotional,Cash,Delivered,Partially Returned,90.07
1049,191,P004,C0211,SP03,L09,15,236.38,1584.33792,No Discount,Cash,Delivered,Returned,384.45
1050,191,P004,C0858,SP06,L05,48,77.13,329.3908799999999,Bulk Purchase,Cash,Pending,Partially Returned,215.08
1051,191,P006,C0725,SP06,L03,1,490.61,4676.032800000001,Seasonal,Online Payment,Cancelled,No Returns,205.67
1052,192,P001,C1842,SP05,L09,7,445.98,6977.907200000001,Bulk Purchase,Online Payment,Delivered,Partially Returned,391.68
1053,192,P001,C0613,SP06,L04,18,65.1,3449.6928,Promotional,Online Payment,Pending,Partially Returned,303.76
1054,192,P001,C1314,SP06,L04,33,428.99,128.77056,No Discount,Installment,Pending,Partially Returned,406.96
1055,192,P003,C0159,SP03,L08,5,268.43,930.825,Bulk Purchase,Credit Card,Delivered,Returned,143.06
1056,192,P003,C1407,SP05,L12,31,450.72,1584.876,Bulk Purchase,Credit Card,Cancelled,Returned,235.53
1057,192,P004,C2070,SP02,L03,3,223.56,605.2320000000001,Promotional,Installment,Pending,Returned,391.1
1058,192,P004,C0831,SP05,L02,13,271.37,2637.4992,No Discount,Credit Card,Delivered,No Returns,72.18
1059,192,P004,C1090,SP06,L11,13,346.01,3084.9024,Promotional,Cash,Cancelled,No Returns,96.95
1060,192,P005,C0126,SP03,L08,38,445.55,5129.64,Promotional,Online Payment,Cancelled,No Returns,95.53
1061,192,P006,C1064,SP02,L09,4,105.68,1766.5824,Promotional,Credit Card,Cancelled,Returned,116.85
1062,193,P002,C0933,SP06,L12,32,308.31,1472.73856,Bulk Purchase,Installment,Cancelled,No Returns,325.17
1063,193,P002,C0866,SP06,L10,13,72.06,7899.696,No Discount,Online Payment,Delivered,Partially Returned,420.98
1064,193,P003,C0114,SP06,L12,28,26.86,1732.94464,Bulk Purchase,Installment,Delivered,Partially Returned,386.14
1065,193,P004,C0963,SP01,L06,14,124.19,1760.256,Promotional,Credit Card,Delivered,No Returns,464.19
1066,193,P006,C0512,SP01,L02,49,189.44,2471.28,No Discount,Credit Card,Delivered,Returned,434.4
1067,193,P006,C0286,SP06,L10,32,171.83,1643.4432,Bulk Purchase,Installment,Pending,Partially Returned,101.36
1068,194,P001,C0464,SP02,L08,49,133.68,3468.780000000001,Promotional,Installment,Cancelled,Returned,320.5
1069,194,P002,C1812,SP01,L08,15,338.76,5046.516,Seasonal,Cash,Delivered,Partially Returned,208.41
1070,194,P002,C0199,SP01,L11,12,358.03,140.3392,Promotional,Installment,Pending,Returned,161.66
1071,194,P002,C0569,SP05,L09,40,113.16,4319.779200000001,Seasonal,Credit Card,Cancelled,Partially Returned,152.72
1072,194,P006,C1060,SP01,L12,39,130.63,406.6944,Bulk Purchase,Installment,Pending,Returned,215.58
1073,194,P006,C1472,SP03,L03,36,289.46,3984.471,No Discount,Credit Card,Pending,No Returns,481.19
1074,195,P001,C1719,SP06,L02,30,48.04,2362.6176,No Discount,Online Payment,Cancelled,No Returns,416.57
1075,195,P002,C1977,SP01,L09,38,479.09,3942.85056,Promotional,Cash,Delivered,No Returns,284.4
1076,195,P003,C1095,SP02,L11,48,66.21,2192.256,Seasonal,Credit Card,Delivered,Partially Returned,176.81
1077,195,P004,C1775,SP04,L05,19,73.88,1226.56352,Bulk Purchase,Installment,Cancelled,Returned,211.58
1078,195,P006,C0979,SP04,L09,41,69.52,5574.764800000001,Promotional,Online Payment,Cancelled,No Returns,274.99
1079,196,P001,C0590,SP03,L02,34,22.51,3119.1104,Seasonal,Online Payment,Delivered,Partially Returned,33.58
1080,196,P002,C2110,SP02,L12,44,243.81,422.77504,No Discount,Installment,Pending,No Returns,480.44
1081,196,P002,C2125,SP03,L03,4,47.4,380.94624,Promotional,Installment,Cancelled,Returned,302.1
1082,196,P003,C0370,SP05,L11,15,433.02,2148.096,Seasonal,Installment,Cancelled,No Returns,281.62
1083,196,P005,C1229,SP05,L09,29,385.67,1567.3152,Seasonal,Cash,Pending,Returned,210.91
1084,196,P005,C0347,SP05,L07,40,22.67,1647.03,Seasonal,Online Payment,Cancelled,Returned,471.55
1085,196,P005,C0002,SP06,L02,3,203.48,345.48864,Seasonal,Cash,Delivered,No Returns,361.46
1086,196,P006,C0468,SP05,L12,17,268.0,1589.65504,Bulk Purchase,Installment,Pending,No Returns,298.35
1087,197,P001,C0727,SP04,L09,33,488.54,4761.715200000001,Promotional,Online Payment,Cancelled,No Returns,489.72
1088,197,P002,C0668,SP01,L01,16,304.22,2159.5616,Bulk Purchase,Installment,Cancelled,No Returns,434.6
1089,197,P002,C1843,SP04,L07,42,393.35,1598.8644,Promotional,Cash,Pending,Returned,254.38
1090,197,P003,C1004,SP03,L07,35,455.8,1261.386,Bulk Purchase,Online Payment,Pending,Returned,362.57
1091,197,P003,C1545,SP06,L09,43,489.75,2719.79136,No Discount,Cash,Delivered,No Returns,474.98
1092,197,P003,C1262,SP06,L04,28,205.92,2399.3172,Bulk Purchase,Credit Card,Pending,Partially Returned,293.08
1093,197,P004,C0463,SP04,L09,24,100.17,1315.776,Seasonal,Installment,Cancelled,Partially Returned,429.75
1094,197,P005,C1269,SP05,L11,19,216.77,3767.04,Bulk Purchase,Credit Card,Cancelled,Partially Returned,117.42
1095,197,P006,C0559,SP02,L11,33,374.22,1240.832,No Discount,Installment,Pending,Returned,334.6
1096,197,P006,C1680,SP03,L07,41,295.28,1728.0144,Bulk Purchase,Cash,Delivered,Partially Returned,373.42
1097,198,P002,C2010,SP01,L07,44,383.16,255.234,Bulk Purchase,Online Payment,Pending,No Returns,447.24
1098,198,P003,C0063,SP04,L05,37,182.91,2359.266,No Discount,Online Payment,Pending,Partially Returned,245.26
1099,198,P004,C2097,SP03,L05,8,148.25,2684.818500000001,Promotional,Credit Card,Delivered,Partially Returned,213.59
1100,198,P005,C1852,SP04,L04,45,386.18,1687.7484,Seasonal,Credit Card,Pending,No Returns,327.71
1101,199,P002,C2087,SP04,L09,6,40.31,1822.28992,Seasonal,Installment,Delivered,No Returns,410.99
1102,199,P003,C0117,SP03,L04,11,226.03,736.0416,Promotional,Online Payment,Delivered,Partially Returned,116.5
1103,199,P005,C0284,SP02,L02,2,133.7,352.1279999999999,Bulk Purchase,Cash,Pending,Returned,402.49
1104,199,P005,C0009,SP04,L03,20,411.56,3581.4312,Bulk Purchase,Credit Card,Cancelled,Returned,429.78
1105,200,P002,C1226,SP03,L11,15,331.3,2439.488,Promotional,Online Payment,Cancelled,No Returns,139.36
1106,200,P005,C1206,SP05,L02,3,200.17,786.02496,Bulk Purchase,Cash,Cancelled,No Returns,274.74
1107,200,P006,C1856,SP02,L04,9,246.79,2481.24384,Promotional,Cash,Delivered,No Returns,406.59
1108,201,P001,C1764,SP05,L10,30,341.43,5749.127999999999,Promotional,Credit Card,Cancelled,No Returns,49.06
1109,201,P003,C0170,SP06,L03,6,100.78,4977.741599999999,No Discount,Online Payment,Delivered,No Returns,328.44
1110,202,P001,C1769,SP04,L01,16,483.39,1618.1088,Seasonal,Installment,Cancelled,Returned,180.4
1111,202,P001,C1945,SP06,L09,15,258.7,820.9344000000002,No Discount,Online Payment,Delivered,Returned,242.27
1112,202,P001,C1758,SP06,L06,35,143.06,2060.544,Bulk Purchase,Installment,Delivered,Returned,159.0
1113,202,P003,C1519,SP02,L07,49,222.69,320.1344999999999,Promotional,Credit Card,Cancelled,No Returns,384.24
1114,202,P003,C2045,SP03,L07,17,335.49,325.1807999999999,Bulk Purchase,Cash,Pending,No Returns,496.48
1115,202,P003,C1667,SP05,L03,14,407.87,1037.49984,No Discount,Installment,Delivered,No Returns,205.14
1116,202,P004,C2023,SP05,L05,38,37.79,154.1631,Promotional,Credit Card,Pending,Partially Returned,125.5
1117,203,P002,C1674,SP04,L04,7,169.97,975.49056,Promotional,Installment,Cancelled,Partially Returned,466.71
1118,203,P002,C0455,SP04,L06,26,405.77,289.3056,Promotional,Installment,Cancelled,Returned,450.61
1119,203,P002,C0141,SP06,L08,1,37.22,5212.673999999999,Seasonal,Cash,Pending,Returned,354.84
1120,203,P003,C0261,SP01,L08,17,228.68,1902.906,Bulk Purchase,Cash,Pending,No Returns,353.45
1121,203,P004,C0585,SP04,L11,30,394.54,2173.4144,Bulk Purchase,Installment,Delivered,Returned,422.02
1122,203,P005,C1997,SP01,L11,49,92.41,1791.104,Promotional,Online Payment,Pending,Returned,267.06
1123,204,P001,C0145,SP01,L04,5,79.04,1196.76096,Seasonal,Installment,Delivered,No Returns,484.04
1124,204,P004,C0484,SP02,L11,20,225.66,2275.776,Promotional,Cash,Pending,Partially Returned,154.01
1125,204,P004,C0404,SP04,L01,34,317.95,2925.104,Bulk Purchase,Online Payment,Cancelled,No Returns,335.09
1126,204,P005,C0990,SP01,L10,4,316.15,373.8336,No Discount,Cash,Pending,Partially Returned,226.77
1127,204,P005,C1276,SP05,L12,16,152.38,2968.336,No Discount,Online Payment,Delivered,Returned,196.73
1128,204,P006,C0705,SP02,L10,10,417.11,1138.5024,Bulk Purchase,Cash,Cancelled,No Returns,291.38
1129,205,P002,C1388,SP05,L02,33,169.9,2777.8464,Promotional,Credit Card,Delivered,No Returns,489.17
1130,205,P003,C0647,SP01,L12,30,354.37,1773.2496,Bulk Purchase,Credit Card,Pending,Returned,73.47
1131,205,P004,C2099,SP01,L04,21,374.67,1286.1828,Bulk Purchase,Credit Card,Delivered,No Returns,456.36
1132,205,P004,C0025,SP05,L05,38,99.95,2433.1944,Seasonal,Credit Card,Cancelled,Partially Returned,312.03
1133,205,P005,C0914,SP05,L10,45,251.21,2811.4688,Seasonal,Installment,Pending,Partially Returned,358.4
1134,205,P006,C1621,SP06,L05,22,287.12,505.3776,Bulk Purchase,Installment,Delivered,Returned,126.02
1135,206,P001,C2059,SP03,L01,41,112.6,1972.544,Promotional,Online Payment,Pending,Returned,460.43
1136,206,P003,C1226,SP02,L11,34,392.75,2109.030400000001,Promotional,Installment,Pending,Partially Returned,179.59
1137,206,P005,C1690,SP05,L01,36,345.55,3210.984,Seasonal,Cash,Cancelled,Partially Returned,107.72
1138,206,P006,C0137,SP02,L06,14,342.22,2363.616,Promotional,Credit Card,Pending,Returned,293.05
1139,206,P006,C2099,SP03,L02,34,467.92,635.6044800000001,Seasonal,Installment,Cancelled,No Returns,200.53
1140,207,P004,C0370,SP06,L03,32,180.25,1472.2398,No Discount,Credit Card,Pending,Returned,220.09
1141,207,P005,C0217,SP01,L08,21,308.11,1584.972,Promotional,Installment,Delivered,Returned,62.52
1142,207,P005,C0229,SP04,L06,19,148.21,6545.856,No Discount,Online Payment,Pending,Returned,396.96
1143,208,P001,C1044,SP03,L10,28,328.55,5189.855999999999,Bulk Purchase,Cash,Cancelled,No Returns,355.33
1144,208,P002,C1661,SP02,L12,44,17.45,2550.8568,Seasonal,Credit Card,Pending,No Returns,36.69
1145,208,P003,C0814,SP05,L07,20,484.22,1805.076,Bulk Purchase,Cash,Delivered,Returned,36.35
1146,208,P004,C1525,SP03,L08,26,362.84,1770.606,No Discount,Cash,Cancelled,Returned,389.52
1147,208,P005,C0871,SP01,L11,20,473.46,2900.4,Seasonal,Credit Card,Pending,Returned,44.79
1148,208,P005,C0888,SP02,L01,21,123.25,1773.156,Bulk Purchase,Credit Card,Delivered,Partially Returned,19.1
1149,208,P005,C1512,SP06,L05,39,415.42,1912.0647,Seasonal,Credit Card,Pending,Partially Returned,97.86
1150,208,P006,C0325,SP01,L02,17,182.91,263.23584,No Discount,Cash,Pending,Returned,78.85
1151,209,P002,C0630,SP03,L02,36,446.08,1603.05152,No Discount,Installment,Pending,Partially Returned,379.79
1152,209,P004,C0195,SP06,L09,17,397.54,2471.04,No Discount,Online Payment,Cancelled,No Returns,15.51
1153,210,P005,C1400,SP06,L02,20,179.85,1055.7456,Seasonal,Credit Card,Delivered,Partially Returned,174.02
1154,210,P005,C2047,SP06,L03,13,273.08,2209.90032,Bulk Purchase,Cash,Pending,No Returns,423.38
1155,210,P006,C2054,SP01,L02,27,472.73,2166.7632,Promotional,Credit Card,Cancelled,No Returns,216.61
1156,210,P006,C1050,SP06,L06,45,35.6,2306.496,No Discount,Installment,Cancelled,Returned,170.0
1157,211,P001,C2034,SP05,L04,26,402.96,709.9488,Seasonal,Credit Card,Delivered,Returned,62.73
1158,211,P002,C1790,SP02,L03,28,442.73,2700.09936,No Discount,Cash,Delivered,Returned,243.76
1159,211,P002,C1035,SP06,L01,44,381.94,1453.0208,Bulk Purchase,Installment,Delivered,No Returns,450.63
1160,211,P003,C1293,SP03,L08,22,320.31,2419.902,Seasonal,Cash,Cancelled,Partially Returned,305.92
1161,211,P003,C0282,SP03,L07,27,339.48,680.316,Bulk Purchase,Installment,Delivered,No Returns,426.71
1162,211,P003,C0469,SP05,L03,25,466.9,612.78768,No Discount,Cash,Cancelled,Returned,111.65
1163,211,P005,C0182,SP01,L03,39,178.28,2164.887,Promotional,Credit Card,Delivered,Returned,43.93
1164,211,P005,C1652,SP01,L10,38,75.25,2078.9888,Bulk Purchase,Installment,Cancelled,Returned,342.1
1165,211,P006,C1934,SP04,L10,40,116.72,872.5919999999999,Promotional,Credit Card,Cancelled,Returned,204.02
1166,212,P003,C1096,SP06,L03,9,14.83,2311.98624,Bulk Purchase,Installment,Cancelled,Returned,297.75
1167,212,P005,C1818,SP05,L03,9,194.11,3395.62368,No Discount,Cash,Delivered,No Returns,255.16
1168,212,P006,C0470,SP04,L05,26,492.01,982.97472,Bulk Purchase,Cash,Delivered,Partially Returned,264.68
1169,213,P002,C0986,SP02,L12,1,139.7,1768.1088,Promotional,Installment,Cancelled,Returned,176.19
1170,213,P004,C0157,SP01,L05,22,485.59,769.7235,Promotional,Credit Card,Cancelled,No Returns,452.46
1171,213,P004,C1038,SP01,L10,26,228.42,9287.712,Promotional,Online Payment,Delivered,No Returns,302.57
1172,213,P005,C0149,SP01,L11,11,234.6,2401.8048,Seasonal,Cash,Delivered,Returned,272.12
1173,213,P006,C0868,SP04,L04,34,55.88,2538.63072,Bulk Purchase,Cash,Pending,Returned,440.38
1174,214,P002,C1952,SP02,L04,48,265.45,383.84064,No Discount,Installment,Pending,Partially Returned,104.09
1175,214,P004,C2019,SP04,L04,49,432.29,2411.41536,Promotional,Cash,Cancelled,No Returns,449.16
1176,214,P004,C0298,SP06,L10,27,342.86,5067.215999999999,Seasonal,Credit Card,Delivered,Partially Returned,232.52
1177,214,P006,C2026,SP04,L12,24,284.34,1303.0296,No Discount,Credit Card,Cancelled,Partially Returned,389.84
1178,215,P004,C0569,SP01,L08,46,41.8,6442.807500000001,Promotional,Credit Card,Cancelled,Returned,30.55
1179,215,P005,C0090,SP02,L09,4,143.57,3618.067200000001,Seasonal,Credit Card,Cancelled,Returned,445.07
1180,216,P002,C1065,SP01,L07,41,406.84,1204.2765,Bulk Purchase,Credit Card,Pending,Partially Returned,222.61
1181,216,P005,C1504,SP05,L04,40,387.27,2242.23552,No Discount,Cash,Delivered,No Returns,177.82
1182,216,P006,C2063,SP03,L12,31,370.45,2027.148,Seasonal,Credit Card,Delivered,Partially Returned,401.15
1183,216,P006,C0721,SP06,L08,4,493.8,7796.070000000001,Promotional,Online Payment,Pending,No Returns,262.58
1184,217,P001,C2009,SP02,L09,12,390.95,1685.376,Promotional,Credit Card,Delivered,No Returns,498.67
1185,217,P001,C0577,SP06,L06,36,276.17,5847.048,Seasonal,Credit Card,Pending,No Returns,329.65
1186,217,P002,C0528,SP03,L07,11,435.57,2971.930499999999,Seasonal,Credit Card,Cancelled,No Returns,277.11
1187,217,P002,C1299,SP05,L04,33,497.96,1727.73,Promotional,Credit Card,Cancelled,No Returns,413.24
1188,217,P004,C0100,SP02,L11,12,266.12,4787.008000000001,Promotional,Online Payment,Delivered,Partially Returned,371.32
1189,217,P004,C1614,SP04,L09,36,475.72,2753.942400000001,No Discount,Credit Card,Pending,Returned,20.97
1190,217,P005,C1246,SP02,L02,40,442.74,1312.20992,Bulk Purchase,Installment,Pending,Returned,276.21
1191,217,P005,C1867,SP02,L03,33,456.07,2782.60272,Promotional,Cash,Delivered,No Returns,460.17
1192,217,P005,C0338,SP03,L06,35,466.83,3898.8288,Bulk Purchase,Cash,Delivered,Returned,424.32
1193,217,P006,C1803,SP02,L03,29,45.0,1349.60256,Promotional,Cash,Cancelled,Partially Returned,56.61
1194,217,P006,C2051,SP03,L03,5,413.0,1179.5706,No Discount,Credit Card,Pending,Returned,177.71
1195,217,P006,C2037,SP04,L08,16,441.81,6096.735,No Discount,Credit Card,Pending,Returned,298.46
1196,217,P006,C1424,SP06,L10,4,492.25,2032.0832,Bulk Purchase,Installment,Pending,Returned,36.87
1197,218,P003,C1569,SP04,L02,9,300.3,470.56128,Promotional,Installment,Delivered,Returned,220.24
1198,218,P005,C1926,SP01,L06,37,193.14,3185.7984,No Discount,Cash,Pending,No Returns,19.8
1199,218,P006,C1571,SP06,L05,15,258.75,972.7809,No Discount,Credit Card,Cancelled,Returned,469.62
1200,219,P001,C0480,SP02,L03,10,268.21,2077.9416,No Discount,Online Payment,Cancelled,Partially Returned,130.91
1201,219,P001,C0448,SP02,L01,35,168.71,169.6352,Seasonal,Installment,Pending,Returned,366.4
1202,219,P003,C0645,SP01,L09,13,140.09,2710.1184,Seasonal,Cash,Pending,No Returns,58.27
1203,219,P003,C1931,SP04,L03,22,132.7,2780.0172,Bulk Purchase,Credit Card,Cancelled,Returned,356.34
1204,219,P003,C1139,SP04,L01,21,92.8,881.5072,Bulk Purchase,Installment,Pending,Returned,43.67
1205,219,P005,C1205,SP05,L12,40,180.56,489.6,No Discount,Cash,Cancelled,Partially Returned,402.18
1206,220,P001,C0712,SP03,L10,20,234.74,5145.616,Bulk Purchase,Online Payment,Pending,No Returns,41.19
1207,220,P001,C0082,SP05,L05,8,154.69,2324.4676,Seasonal,Online Payment,Pending,No Returns,11.13
1208,220,P002,C1823,SP06,L04,9,385.69,608.2560000000001,Promotional,Online Payment,Cancelled,Returned,115.51
1209,220,P003,C1751,SP01,L07,12,314.33,1056.4848,Bulk Purchase,Cash,Pending,Returned,150.58
1210,220,P005,C1848,SP03,L08,9,164.62,4827.78,No Discount,Online Payment,Cancelled,Partially Returned,79.24
1211,220,P006,C0592,SP01,L10,10,441.96,9534.672,Bulk Purchase,Online Payment,Pending,No Returns,345.13
1212,220,P006,C0475,SP04,L11,27,150.1,6389.184,Bulk Purchase,Online Payment,Pending,No Returns,415.83
1213,220,P006,C1591,SP06,L09,13,17.39,2939.904,Promotional,Credit Card,Cancelled,Returned,453.75
1214,221,P001,C2128,SP02,L03,13,71.69,6414.3576,Bulk Purchase,Online Payment,Cancelled,No Returns,88.58
1215,221,P001,C1826,SP06,L11,24,335.14,1487.328,Bulk Purchase,Credit Card,Cancelled,Partially Returned,475.77
1216,221,P003,C0056,SP02,L11,36,50.9,2255.088,Seasonal,Credit Card,Delivered,Returned,217.38
1217,221,P003,C1521,SP03,L06,35,198.66,966.3744,Promotional,Installment,Cancelled,No Returns,417.47
1218,221,P004,C1227,SP02,L06,9,302.22,4760.8704,Promotional,Cash,Cancelled,No Returns,125.73
1219,222,P002,C1634,SP06,L01,16,343.19,3343.032,Promotional,Cash,Delivered,Returned,144.07
1220,222,P004,C1684,SP03,L08,37,196.02,3863.214,Promotional,Cash,Delivered,Partially Returned,402.35
1221,222,P005,C0573,SP06,L08,25,493.45,390.0825,No Discount,Credit Card,Pending,No Returns,198.87
1222,222,P006,C1345,SP05,L07,49,377.38,788.8355999999999,Seasonal,Cash,Delivered,Returned,301.96
1223,222,P006,C1373,SP05,L06,6,474.49,2806.463999999999,Promotional,Online Payment,Pending,Partially Returned,26.39
1224,223,P001,C1256,SP02,L11,15,453.14,3717.168,Seasonal,Credit Card,Delivered,Partially Returned,463.73
1225,223,P004,C1499,SP03,L01,9,273.49,1249.92,Seasonal,Credit Card,Cancelled,Returned,271.29
1226,224,P001,C2148,SP01,L07,37,109.39,2796.066,Promotional,Credit Card,Cancelled,Partially Returned,74.0
1227,224,P002,C1627,SP02,L04,39,34.04,476.25408,Bulk Purchase,Installment,Pending,Partially Returned,408.72
1228,224,P004,C0262,SP04,L11,31,494.45,481.8944000000001,No Discount,Installment,Pending,No Returns,260.24
1229,224,P005,C0009,SP05,L04,6,320.14,2222.2512,Bulk Purchase,Cash,Pending,Partially Returned,498.42
1230,224,P006,C2016,SP01,L05,28,429.76,79.52672,Promotional,Installment,Cancelled,No Returns,194.87
1231,225,P003,C1188,SP05,L04,11,499.84,1111.482,Seasonal,Credit Card,Pending,Returned,460.8
1232,225,P003,C1180,SP05,L11,44,289.57,945.664,Promotional,Online Payment,Pending,No Returns,475.57
1233,225,P004,C0957,SP01,L05,30,120.13,2304.8844,Bulk Purchase,Credit Card,Pending,Returned,413.25
1234,225,P004,C0496,SP03,L07,28,79.14,1351.056,Seasonal,Installment,Delivered,Returned,478.66
1235,225,P005,C1940,SP02,L08,4,110.81,451.1025,No Discount,Credit Card,Pending,No Returns,240.56
1236,225,P005,C0326,SP05,L07,36,84.01,4109.91,Bulk Purchase,Online Payment,Delivered,Partially Returned,180.5
1237,225,P005,C1359,SP06,L12,22,245.09,2109.43616,Promotional,Installment,Pending,Returned,382.73
1238,225,P006,C1844,SP04,L10,36,226.74,4997.126399999999,Promotional,Cash,Cancelled,No Returns,449.68
1239,225,P006,C1706,SP06,L08,2,113.2,3998.97,Bulk Purchase,Credit Card,Pending,No Returns,429.68
1240,226,P002,C0215,SP01,L02,31,386.36,991.6032,Promotional,Cash,Delivered,Partially Returned,456.28
1241,226,P003,C0487,SP02,L09,32,167.58,4013.961600000001,Bulk Purchase,Credit Card,Cancelled,No Returns,58.2
1242,226,P003,C2060,SP03,L04,43,98.05,536.9327999999999,Seasonal,Cash,Pending,Returned,156.46
1243,226,P004,C1032,SP01,L10,11,285.41,2691.696,Bulk Purchase,Online Payment,Delivered,Returned,248.79
1244,226,P004,C1490,SP02,L05,45,363.63,920.90544,No Discount,Installment,Pending,No Returns,125.07
1245,226,P005,C1342,SP06,L08,41,467.69,339.336,No Discount,Cash,Delivered,Partially Returned,230.97
1246,226,P005,C1997,SP06,L11,28,360.03,485.184,Seasonal,Credit Card,Pending,Partially Returned,166.71
1247,227,P001,C1699,SP01,L06,17,33.62,2583.5904,Seasonal,Cash,Cancelled,No Returns,51.88
1248,227,P004,C0375,SP01,L09,2,107.01,811.7401600000001,No Discount,Installment,Cancelled,No Returns,63.62
1249,228,P002,C1085,SP03,L11,34,227.07,1307.8528,No Discount,Installment,Pending,Returned,33.22
1250,228,P003,C0683,SP05,L01,12,186.0,2855.7312,Bulk Purchase,Cash,Delivered,No Returns,220.95
1251,228,P005,C0620,SP04,L01,28,346.6,572.1856,Bulk Purchase,Installment,Pending,Returned,265.32
1252,229,P002,C0650,SP03,L09,4,199.2,2347.8576,Promotional,Credit Card,Delivered,No Returns,110.72
1253,229,P004,C0772,SP05,L03,43,337.22,1100.8872,Bulk Purchase,Online Payment,Delivered,Returned,471.37
1254,229,P004,C0485,SP06,L08,35,142.82,4746.708,No Discount,Cash,Pending,No Returns,494.39
1255,229,P005,C0949,SP06,L08,49,74.73,6664.679999999999,Seasonal,Credit Card,Delivered,No Returns,81.98
1256,230,P002,C1802,SP01,L05,8,37.23,998.65584,No Discount,Installment,Pending,Partially Returned,8.9
1257,230,P002,C1740,SP04,L08,46,277.77,3065.076,Promotional,Installment,Pending,Partially Returned,312.08
1258,230,P002,C1249,SP05,L01,27,475.45,1690.92,Promotional,Online Payment,Pending,Partially Returned,344.93
1259,230,P003,C1303,SP03,L09,15,419.44,2161.58976,Bulk Purchase,Cash,Delivered,Partially Returned,392.44
1260,230,P003,C1130,SP04,L11,44,483.37,637.4784,Seasonal,Cash,Cancelled,Partially Returned,475.08
1261,230,P004,C0846,SP05,L04,8,18.72,1315.98432,Bulk Purchase,Cash,Delivered,Partially Returned,312.7
1262,230,P005,C1234,SP03,L01,1,92.42,1090.1184,Seasonal,Installment,Delivered,Partially Returned,187.53
1263,230,P005,C1415,SP03,L05,44,466.88,970.4058,No Discount,Credit Card,Delivered,Returned,242.99
1264,231,P001,C0768,SP03,L03,2,206.46,1985.67936,Promotional,Installment,Cancelled,Returned,330.36
1265,231,P003,C1185,SP06,L04,15,489.5,1904.2992,Promotional,Online Payment,Delivered,No Returns,241.04
1266,231,P004,C0895,SP03,L03,48,414.4,2032.23168,Bulk Purchase,Installment,Pending,Returned,484.38
1267,232,P002,C1022,SP02,L02,25,62.99,520.7104,Bulk Purchase,Online Payment,Pending,Returned,483.56
1268,232,P003,C1274,SP04,L02,37,437.78,3010.392,Promotional,Credit Card,Cancelled,Partially Returned,193.98
1269,232,P005,C0302,SP06,L02,33,364.22,597.0406399999999,No Discount,Installment,Delivered,Returned,165.49
1270,233,P004,C1832,SP01,L09,7,388.75,2526.45888,No Discount,Cash,Pending,Returned,91.44
1271,233,P004,C0230,SP03,L07,12,250.07,968.7551999999998,Bulk Purchase,Installment,Pending,No Returns,459.95
1272,233,P004,C0051,SP05,L12,2,376.03,3549.0288,Bulk Purchase,Credit Card,Pending,Returned,11.07
1273,233,P005,C1941,SP01,L10,35,270.37,4139.604,No Discount,Credit Card,Pending,No Returns,419.7
1274,233,P006,C1123,SP05,L07,32,26.68,2772.9765,No Discount,Credit Card,Delivered,Partially Returned,472.28
1275,234,P001,C0486,SP05,L11,35,420.82,3323.392,No Discount,Online Payment,Cancelled,Returned,15.78
1276,234,P004,C1171,SP01,L11,22,371.09,5445.696,Promotional,Online Payment,Delivered,Partially Returned,197.88
1277,234,P004,C1642,SP03,L07,22,55.79,2093.011199999999,Bulk Purchase,Cash,Delivered,Partially Returned,37.66
1278,234,P006,C1015,SP02,L01,22,347.43,1797.2416,No Discount,Installment,Cancelled,Returned,386.25
1279,234,P006,C0263,SP04,L09,29,241.94,2730.689280000001,Bulk Purchase,Cash,Pending,Partially Returned,453.08
1280,235,P001,C0707,SP04,L06,44,78.84,7827.072,Bulk Purchase,Online Payment,Delivered,Partially Returned,157.28
1281,235,P003,C0087,SP04,L11,28,163.86,2554.8,Bulk Purchase,Credit Card,Pending,No Returns,362.49
1282,236,P003,C1057,SP02,L08,23,230.14,3760.884,Bulk Purchase,Cash,Cancelled,No Returns,169.42
1283,237,P001,C1525,SP02,L07,37,289.67,4078.536,Promotional,Online Payment,Delivered,Returned,437.22
1284,237,P004,C0762,SP04,L05,41,342.1,2073.7444,No Discount,Online Payment,Delivered,No Returns,106.57
1285,237,P005,C1821,SP05,L05,33,133.64,869.4868,No Discount,Online Payment,Delivered,No Returns,136.13
1286,237,P006,C0549,SP02,L11,22,263.77,2074.9056,Promotional,Installment,Pending,Partially Returned,333.9
1287,238,P001,C0046,SP05,L09,17,397.47,2802.49728,Promotional,Cash,Pending,Partially Returned,132.83
1288,238,P002,C1322,SP02,L01,6,277.9,2746.9344,Seasonal,Cash,Cancelled,Partially Returned,333.95
1289,238,P005,C2041,SP05,L09,11,397.94,1068.71424,Promotional,Cash,Delivered,Partially Returned,310.17
1290,238,P005,C1224,SP05,L08,31,228.25,3658.320000000001,Promotional,Online Payment,Delivered,Returned,469.61
1291,238,P005,C1737,SP06,L01,4,40.28,1915.746,No Discount,Credit Card,Delivered,No Returns,51.27
1292,238,P006,C1179,SP06,L01,9,485.25,1199.072,Seasonal,Online Payment,Delivered,No Returns,31.63
1293,239,P001,C0195,SP05,L03,18,468.71,3060.504,Bulk Purchase,Online Payment,Pending,Returned,217.92
1294,239,P001,C0415,SP06,L11,1,473.92,2202.368,Promotional,Installment,Pending,Returned,49.47
1295,239,P003,C1442,SP06,L10,18,217.47,7517.776,Seasonal,Online Payment,Delivered,No Returns,385.48
1296,239,P005,C0748,SP01,L04,46,423.39,1260.07488,Promotional,Installment,Cancelled,Partially Returned,51.64
1297,239,P005,C2052,SP03,L05,39,85.39,1253.5068,Promotional,Online Payment,Cancelled,Partially Returned,491.4
1298,239,P005,C1381,SP04,L01,38,456.42,1827.546,Promotional,Credit Card,Delivered,Partially Returned,64.3
1299,239,P006,C1429,SP06,L01,16,413.15,2361.8448,Bulk Purchase,Cash,Pending,Partially Returned,141.46
1300,240,P001,C0260,SP02,L08,12,80.63,1291.248,Seasonal,Installment,Cancelled,Returned,265.11
1301,240,P001,C1299,SP03,L03,24,219.89,3597.79968,Bulk Purchase,Cash,Pending,Returned,314.81
1302,240,P001,C1528,SP05,L12,9,356.91,3158.86656,Seasonal,Cash,Pending,Returned,238.24
1303,240,P004,C1597,SP02,L03,42,196.86,1634.58,No Discount,Online Payment,Cancelled,Partially Returned,104.59
1304,240,P005,C2046,SP01,L01,22,187.59,4438.168,Promotional,Online Payment,Pending,Partially Returned,86.31
1305,240,P006,C1292,SP01,L06,15,340.84,7830.527999999999,Bulk Purchase,Online Payment,Pending,No Returns,299.54
1306,240,P006,C1605,SP03,L04,27,101.42,1868.7456,Seasonal,Online Payment,Cancelled,Partially Returned,291.88
1307,240,P006,C1752,SP06,L12,35,469.47,1301.92256,Seasonal,Installment,Cancelled,Partially Returned,347.34
1308,241,P001,C1564,SP04,L02,47,19.81,3697.2544,Bulk Purchase,Online Payment,Delivered,Partially Returned,241.36
1309,241,P004,C1767,SP01,L05,24,310.5,531.2361599999999,Bulk Purchase,Cash,Delivered,Partially Returned,481.9
1310,241,P004,C0891,SP06,L07,19,345.1,3090.9375,Seasonal,Credit Card,Pending,Returned,304.73
1311,241,P005,C1348,SP04,L02,8,325.08,427.82208,Seasonal,Cash,Pending,Partially Returned,496.71
1312,241,P005,C0635,SP04,L08,41,259.97,4192.236,Seasonal,Cash,Pending,Partially Returned,104.96
1313,241,P005,C0420,SP04,L03,42,80.64,268.4664,Bulk Purchase,Cash,Cancelled,Returned,426.78
1314,241,P006,C0810,SP02,L03,48,343.82,3992.8302,Promotional,Credit Card,Pending,Returned,390.52
1315,242,P001,C0214,SP01,L05,42,119.97,122.8864,Bulk Purchase,Installment,Pending,No Returns,29.17
1316,242,P002,C1627,SP01,L09,3,261.58,1335.2592,Bulk Purchase,Credit Card,Pending,Returned,286.65
1317,242,P002,C0847,SP01,L04,9,51.89,1635.34464,Seasonal,Installment,Cancelled,Returned,385.01
1318,242,P002,C1746,SP03,L01,45,115.48,1979.7792,Seasonal,Installment,Pending,No Returns,200.81
1319,242,P003,C0957,SP03,L11,25,260.18,4154.240000000001,No Discount,Online Payment,Pending,No Returns,241.85
1320,242,P003,C1430,SP04,L03,16,77.99,6169.6728,Bulk Purchase,Online Payment,Pending,No Returns,169.46
1321,242,P003,C1348,SP05,L08,8,495.8,485.298,No Discount,Cash,Delivered,Returned,402.97
1322,242,P003,C0708,SP06,L12,12,379.72,1857.04192,No Discount,Installment,Cancelled,No Returns,4.86
1323,242,P006,C0939,SP06,L03,30,323.57,3231.1872,Promotional,Online Payment,Pending,Partially Returned,323.76
1324,243,P001,C1031,SP01,L06,20,11.77,8620.608,No Discount,Online Payment,Delivered,Returned,7.64
1325,243,P002,C0384,SP03,L05,34,446.85,1154.1348,No Discount,Credit Card,Delivered,Partially Returned,410.75
1326,243,P002,C1952,SP05,L08,18,455.22,5229.2925,Bulk Purchase,Credit Card,Cancelled,No Returns,232.48
1327,243,P003,C1925,SP01,L10,46,439.39,1538.544,Seasonal,Credit Card,Delivered,Partially Returned,493.85
1328,243,P004,C1959,SP03,L08,15,59.93,353.736,Promotional,Installment,Cancelled,No Returns,472.23
1329,243,P006,C0573,SP05,L12,43,269.83,2069.02784,Bulk Purchase,Installment,Delivered,No Returns,104.54
1330,244,P003,C1180,SP03,L03,33,143.26,2711.4912,Promotional,Online Payment,Pending,Returned,125.66
1331,244,P005,C1320,SP04,L06,6,461.58,4627.368,Promotional,Credit Card,Cancelled,Returned,209.32
1332,245,P001,C0672,SP04,L11,37,113.53,2486.256,Bulk Purchase,Credit Card,Pending,Returned,170.99
1333,245,P006,C1573,SP02,L11,49,141.68,2615.232,Promotional,Credit Card,Pending,No Returns,93.74
1334,245,P006,C0216,SP05,L12,14,38.21,3257.3088,Bulk Purchase,Credit Card,Pending,No Returns,296.74
1335,246,P001,C0944,SP01,L08,25,497.4,4671.675000000001,Bulk Purchase,Credit Card,Pending,No Returns,361.79
1336,246,P001,C0555,SP02,L04,35,388.54,834.07968,Promotional,Cash,Cancelled,Returned,238.52
1337,246,P005,C0236,SP05,L12,39,204.63,2023.58208,Seasonal,Cash,Cancelled,Returned,488.43
1338,246,P006,C0149,SP01,L09,35,494.53,6068.057600000002,Seasonal,Online Payment,Cancelled,Returned,25.39
1339,246,P006,C2130,SP01,L04,22,242.71,3658.0464,Seasonal,Online Payment,Cancelled,Returned,250.42
1340,247,P001,C0107,SP02,L10,2,431.06,6784.427999999999,No Discount,Credit Card,Cancelled,No Returns,318.06
1341,247,P002,C0998,SP03,L02,8,175.69,488.7232,Seasonal,Online Payment,Delivered,Partially Returned,85.44
1342,248,P001,C1395,SP03,L01,10,342.16,813.96,Seasonal,Credit Card,Pending,Partially Returned,361.37
1343,248,P001,C1462,SP06,L03,39,295.88,1534.5936,Seasonal,Credit Card,Cancelled,Returned,53.28
1344,248,P002,C0081,SP05,L09,30,39.08,1396.83456,No Discount,Cash,Delivered,Partially Returned,30.02
1345,248,P003,C0585,SP02,L01,21,469.1,307.7535999999999,Seasonal,Installment,Delivered,Returned,412.29
1346,248,P006,C0979,SP05,L10,18,84.9,7643.215999999999,Seasonal,Online Payment,Delivered,Partially Returned,233.28
1347,249,P001,C0756,SP03,L07,40,354.98,493.668,Seasonal,Installment,Pending,Partially Returned,320.28
1348,249,P001,C0251,SP06,L03,8,249.75,3119.3424,Seasonal,Cash,Delivered,Returned,407.67
1349,249,P003,C1147,SP04,L09,42,33.36,1312.59392,Bulk Purchase,Installment,Delivered,Returned,442.81
1350,249,P003,C0931,SP05,L06,34,265.14,914.4192,No Discount,Installment,Delivered,Returned,375.58
1351,249,P004,C0327,SP03,L01,43,383.5,1976.646,Bulk Purchase,Credit Card,Pending,Returned,200.0
1352,249,P006,C2072,SP05,L07,36,282.47,231.3675,Promotional,Credit Card,Pending,No Returns,159.92
1353,250,P003,C0286,SP06,L06,4,316.05,5628.8448,Bulk Purchase,Cash,Delivered,Returned,296.67
1354,250,P006,C1391,SP02,L01,43,437.77,2647.96,Seasonal,Online Payment,Cancelled,No Returns,149.36
1355,250,P006,C0031,SP04,L02,23,186.88,2039.9904,Bulk Purchase,Credit Card,Cancelled,Returned,425.93
1356,251,P001,C0185,SP06,L03,36,353.95,1705.89888,Bulk Purchase,Cash,Delivered,Partially Returned,225.15
1357,251,P005,C0258,SP02,L07,46,448.75,1820.4228,Promotional,Cash,Pending,No Returns,166.31
1358,251,P005,C1473,SP06,L09,45,275.38,2259.787200000001,Seasonal,Credit Card,Cancelled,Partially Returned,486.09
1359,252,P002,C0825,SP03,L09,27,341.06,2421.4784,No Discount,Online Payment,Delivered,No Returns,247.26
1360,252,P003,C1572,SP06,L10,41,18.49,459.9168,Bulk Purchase,Installment,Pending,Partially Returned,341.66
1361,252,P004,C2027,SP01,L01,11,273.27,3587.262,No Discount,Credit Card,Delivered,Returned,499.73
1362,252,P004,C1389,SP03,L09,33,466.73,4917.580800000001,No Discount,Online Payment,Delivered,No Returns,17.14
1363,252,P004,C1550,SP04,L07,20,329.52,825.0479999999999,No Discount,Online Payment,Delivered,Returned,93.9
1364,252,P005,C1391,SP01,L05,25,104.84,1132.28752,Bulk Purchase,Installment,Pending,No Returns,142.88
1365,252,P005,C1355,SP04,L04,13,467.66,3522.96,Bulk Purchase,Online Payment,Pending,Partially Returned,305.14
1366,252,P005,C1176,SP05,L05,48,138.19,130.64688,Bulk Purchase,Installment,Pending,No Returns,145.35
1367,252,P005,C0781,SP06,L09,18,411.24,5209.4064,No Discount,Credit Card,Pending,No Returns,470.38
1368,253,P001,C0661,SP03,L09,13,472.69,2724.0576,Promotional,Credit Card,Delivered,Partially Returned,424.33
1369,253,P003,C1174,SP03,L03,8,454.42,506.0232,Promotional,Cash,Delivered,Returned,58.7
1370,253,P004,C1586,SP06,L10,37,218.5,2021.2416,No Discount,Cash,Delivered,Partially Returned,164.27
1371,253,P005,C0730,SP03,L05,4,175.67,647.01,Seasonal,Cash,Delivered,Returned,192.27
1372,253,P006,C0954,SP01,L04,49,124.1,1269.7776,Seasonal,Online Payment,Cancelled,Partially Returned,136.58
1373,254,P001,C0936,SP05,L08,14,415.58,1869.21,Promotional,Online Payment,Pending,Partially Returned,335.2
1374,254,P002,C0914,SP02,L03,1,133.58,3855.8268,Bulk Purchase,Credit Card,Cancelled,No Returns,423.98
1375,254,P002,C1679,SP04,L04,21,149.23,1071.42912,Seasonal,Cash,Delivered,Returned,102.27
1376,254,P003,C1599,SP01,L02,4,216.73,2361.11232,Promotional,Cash,Delivered,Returned,475.11
1377,254,P003,C0207,SP05,L08,30,304.7,6296.849999999999,No Discount,Online Payment,Cancelled,Returned,87.58
1378,254,P004,C0313,SP05,L03,25,453.99,4262.706,Bulk Purchase,Credit Card,Pending,No Returns,43.82
1379,255,P003,C2068,SP06,L08,16,49.25,3432.87,No Discount,Online Payment,Delivered,Partially Returned,257.64
1380,255,P003,C0443,SP06,L11,36,134.42,3563.664,Bulk Purchase,Credit Card,Cancelled,Returned,309.47
1381,255,P005,C1852,SP05,L12,6,388.12,3251.56416,Bulk Purchase,Cash,Delivered,Partially Returned,210.21
1382,256,P001,C0069,SP06,L06,18,497.6,2748.5952,Bulk Purchase,Installment,Pending,Returned,153.47
1383,256,P003,C0976,SP06,L05,39,313.16,1140.87792,Promotional,Cash,Pending,Returned,404.3
1384,256,P005,C0699,SP06,L07,5,132.72,2573.298,No Discount,Online Payment,Cancelled,Partially Returned,204.78
1385,257,P001,C1016,SP01,L05,21,294.36,1867.12344,Seasonal,Cash,Cancelled,No Returns,122.71
1386,257,P002,C2006,SP01,L03,28,333.26,1822.176,Bulk Purchase,Installment,Delivered,Returned,106.99
1387,257,P003,C0663,SP01,L09,15,388.92,2244.85888,Promotional,Installment,Cancelled,Returned,353.78
1388,257,P003,C1442,SP06,L05,21,497.83,1910.73792,Promotional,Cash,Delivered,Partially Returned,100.01
1389,257,P004,C0413,SP03,L03,44,356.37,2150.219520000001,Seasonal,Installment,Cancelled,No Returns,101.13
1390,257,P004,C2033,SP04,L12,48,193.0,2700.6336,Promotional,Cash,Pending,Returned,134.68
1391,257,P005,C0373,SP02,L10,40,205.57,4639.2192,No Discount,Cash,Pending,Partially Returned,168.92
1392,258,P004,C0797,SP01,L01,34,74.84,896.1679999999999,No Discount,Online Payment,Cancelled,Partially Returned,288.41
1393,258,P004,C1219,SP04,L12,49,116.86,2041.632,No Discount,Credit Card,Cancelled,Returned,227.44
1394,258,P004,C1355,SP06,L03,38,428.04,5094.4464,Promotional,Online Payment,Delivered,Partially Returned,251.12
1395,258,P004,C1138,SP06,L01,47,449.73,3161.256,No Discount,Cash,Pending,Partially Returned,315.11
1396,258,P005,C1151,SP04,L03,26,42.24,1849.05504,Promotional,Cash,Pending,No Returns,362.58
1397,259,P001,C0284,SP04,L11,32,95.45,3929.984,No Discount,Online Payment,Pending,No Returns,155.8
1398,259,P001,C0564,SP06,L05,33,310.49,832.77376,No Discount,Installment,Cancelled,Partially Returned,367.81
1399,259,P002,C1975,SP02,L12,15,146.63,1866.192,No Discount,Credit Card,Cancelled,Partially Returned,334.92
1400,259,P002,C0519,SP04,L11,44,463.08,3563.84,Bulk Purchase,Online Payment,Pending,No Returns,191.71
1401,259,P003,C0113,SP02,L06,16,320.53,2751.6672,Seasonal,Cash,Cancelled,Partially Returned,404.35
1402,259,P003,C1279,SP06,L06,36,38.54,8233.536,No Discount,Online Payment,Pending,Partially Returned,388.05
1403,259,P004,C0308,SP04,L08,24,94.15,2879.604,No Discount,Cash,Pending,Returned,62.28
1404,259,P004,C1845,SP05,L05,22,133.76,373.70424,No Discount,Cash,Pending,Returned,192.71
1405,259,P004,C0800,SP06,L04,38,348.05,3245.4432,No Discount,Online Payment,Delivered,Partially Returned,122.07
1406,259,P004,C1750,SP06,L10,16,185.54,2735.5776,No Discount,Installment,Cancelled,No Returns,422.95
1407,259,P006,C2048,SP02,L07,23,443.59,1232.8848,Promotional,Cash,Pending,No Returns,471.82
1408,260,P001,C1473,SP04,L06,3,235.85,3038.7072,Bulk Purchase,Installment,Pending,Returned,65.61
1409,260,P003,C0692,SP01,L10,5,209.29,3127.152,Seasonal,Credit Card,Cancelled,No Returns,178.27
1410,260,P004,C0926,SP05,L08,17,93.82,4018.409999999999,Promotional,Cash,Pending,No Returns,105.75
1411,260,P005,C0302,SP03,L02,31,142.76,1243.1328,No Discount,Credit Card,Pending,Returned,406.45
1412,261,P001,C0474,SP05,L08,13,475.31,348.03,Bulk Purchase,Credit Card,Cancelled,Partially Returned,407.62
1413,261,P003,C1365,SP03,L03,24,339.48,2820.51072,No Discount,Cash,Delivered,Returned,228.3
1414,261,P006,C0287,SP01,L09,5,191.38,3987.1744,Bulk Purchase,Online Payment,Delivered,Partially Returned,97.01
1415,262,P002,C1231,SP01,L11,3,331.03,1817.0112,Seasonal,Cash,Pending,No Returns,266.85
1416,262,P004,C1321,SP01,L12,30,62.93,550.6368000000001,Promotional,Installment,Cancelled,Partially Returned,418.17
1417,262,P004,C1439,SP01,L10,37,104.26,1247.988,No Discount,Credit Card,Delivered,No Returns,295.22
1418,262,P005,C0181,SP01,L04,21,193.48,1960.2,No Discount,Online Payment,Pending,Partially Returned,451.36
1419,262,P005,C1029,SP04,L04,1,319.51,623.8425599999999,Promotional,Cash,Cancelled,Returned,317.7
1420,263,P001,C0174,SP05,L10,49,233.25,1762.32,Seasonal,Credit Card,Delivered,Returned,413.4
1421,264,P001,C1849,SP05,L07,41,166.83,264.222,Seasonal,Cash,Pending,Returned,268.74
1422,264,P002,C1443,SP03,L12,22,447.35,2014.1736,Seasonal,Credit Card,Pending,No Returns,4.96
1423,264,P003,C1902,SP01,L05,43,390.25,2107.56,No Discount,Online Payment,Delivered,Partially Returned,197.88
1424,264,P005,C1992,SP04,L05,26,426.6,845.6011199999999,No Discount,Cash,Pending,No Returns,459.7
1425,264,P006,C0317,SP06,L12,40,62.19,423.0144,Promotional,Cash,Cancelled,No Returns,219.55
1426,265,P002,C1014,SP05,L09,2,463.82,531.6608,No Discount,Online Payment,Cancelled,Partially Returned,6.81
1427,265,P004,C1164,SP03,L03,31,405.68,6264.0864,Seasonal,Online Payment,Pending,Partially Returned,90.25
1428,265,P006,C0700,SP06,L12,8,408.03,762.4703999999999,Bulk Purchase,Installment,Delivered,No Returns,219.05
1429,266,P003,C1585,SP02,L06,22,74.3,8275.872,No Discount,Online Payment,Delivered,Returned,109.57
1430,266,P004,C0272,SP03,L10,9,193.78,3927.056,No Discount,Online Payment,Delivered,Returned,175.42
1431,266,P005,C1328,SP06,L11,25,158.17,2228.16,Promotional,Credit Card,Delivered,Returned,108.91
1432,266,P006,C1715,SP03,L09,23,246.23,1807.4496,Seasonal,Credit Card,Pending,Returned,31.7
1433,267,P002,C0848,SP01,L07,47,448.91,1399.818,Seasonal,Online Payment,Cancelled,Partially Returned,311.55
1434,267,P003,C0551,SP01,L07,17,424.02,2289.504,Promotional,Online Payment,Cancelled,Partially Returned,19.17
1435,267,P005,C0027,SP05,L06,15,171.89,2172.864,Promotional,Installment,Delivered,Partially Returned,136.83
1436,267,P005,C0359,SP05,L10,47,151.0,5039.916,Bulk Purchase,Credit Card,Delivered,Partially Returned,379.28
1437,267,P006,C0773,SP03,L12,21,290.4,4126.620800000001,No Discount,Online Payment,Delivered,Returned,107.48
1438,267,P006,C0995,SP05,L10,17,132.82,6162.24,No Discount,Credit Card,Pending,Returned,413.9
1439,268,P001,C1464,SP05,L11,44,169.48,3234.8544,Bulk Purchase,Cash,Pending,Partially Returned,124.93
1440,268,P004,C0356,SP05,L05,41,71.38,2046.954,Promotional,Cash,Delivered,Partially Returned,463.42
1441,268,P004,C0202,SP06,L03,22,82.29,4870.2384,No Discount,Online Payment,Pending,No Returns,210.78
1442,268,P005,C1164,SP06,L02,23,63.31,1492.8256,No Discount,Installment,Delivered,No Returns,47.44
1443,269,P001,C1317,SP05,L01,14,293.9,2263.1952,Bulk Purchase,Cash,Pending,Partially Returned,179.29
1444,269,P003,C1523,SP04,L05,26,205.71,453.7696800000001,Bulk Purchase,Cash,Pending,No Returns,474.57
1445,269,P004,C1140,SP03,L01,33,332.73,1833.3168,Seasonal,Cash,Pending,Partially Returned,401.27
1446,269,P005,C0179,SP01,L07,46,284.92,1763.4456,Seasonal,Cash,Delivered,Returned,285.51
1447,269,P005,C0492,SP06,L08,20,120.52,2793.996,Bulk Purchase,Installment,Cancelled,No Returns,224.38
1448,269,P006,C1233,SP03,L08,1,485.49,8163.18,Seasonal,Online Payment,Cancelled,No Returns,222.19
1449,270,P001,C1209,SP03,L05,12,118.78,1474.3092,Bulk Purchase,Cash,Pending,Returned,322.35
1450,270,P002,C2048,SP05,L03,40,35.72,1362.8412,Bulk Purchase,Credit Card,Delivered,No Returns,396.73
1451,270,P003,C0225,SP02,L04,45,268.89,1008.9684,Promotional,Credit Card,Pending,No Returns,156.33
1452,270,P003,C1855,SP03,L07,24,185.73,1594.278,Bulk Purchase,Credit Card,Pending,Returned,431.39
1453,270,P004,C0592,SP01,L09,6,33.52,4553.524800000001,Seasonal,Credit Card,Cancelled,No Returns,330.54
1454,270,P004,C0405,SP05,L02,38,463.11,2871.1424,Bulk Purchase,Online Payment,Cancelled,Partially Returned,182.43
1455,270,P005,C0968,SP05,L05,19,94.74,1328.1996,No Discount,Credit Card,Pending,No Returns,324.7
1456,271,P001,C1463,SP01,L12,3,475.98,238.72896,Promotional,Installment,Delivered,Partially Returned,34.78
1457,271,P001,C2076,SP03,L01,29,145.21,2576.448,Bulk Purchase,Online Payment,Delivered,Returned,390.07
1458,271,P002,C0137,SP05,L05,35,397.18,2006.0768,Promotional,Online Payment,Pending,No Returns,199.53
1459,271,P003,C1233,SP01,L11,3,316.36,231.296,Bulk Purchase,Installment,Cancelled,Returned,156.85
1460,271,P004,C0507,SP01,L10,26,381.87,6598.9728,Bulk Purchase,Cash,Cancelled,Returned,131.16
1461,271,P004,C1677,SP01,L06,33,454.27,4594.2912,Promotional,Cash,Pending,Returned,254.01
1462,271,P006,C1199,SP01,L02,14,188.04,197.17376,No Discount,Installment,Cancelled,Partially Returned,485.05
1463,271,P006,C0027,SP06,L02,32,86.6,1400.616,Bulk Purchase,Credit Card,Delivered,Returned,291.05
1464,272,P001,C0214,SP03,L02,5,19.43,812.28,Seasonal,Credit Card,Delivered,Returned,78.34
1465,272,P001,C0462,SP05,L10,16,159.08,2148.0704,Bulk Purchase,Installment,Cancelled,No Returns,36.01
1466,272,P002,C1604,SP05,L02,21,413.26,867.9014399999999,No Discount,Cash,Delivered,No Returns,436.98
1467,272,P002,C1653,SP05,L04,9,151.11,293.69088,Promotional,Installment,Pending,Partially Returned,382.9
1468,272,P004,C1085,SP01,L02,15,231.87,2335.872,Seasonal,Credit Card,Delivered,Returned,72.55
1469,272,P004,C0016,SP01,L03,44,456.6,2060.82144,Promotional,Installment,Pending,Returned,205.16
1470,272,P004,C0834,SP04,L03,4,150.09,1227.07872,No Discount,Installment,Delivered,Returned,129.74
1471,272,P004,C1044,SP06,L08,45,425.8,418.2975,No Discount,Credit Card,Cancelled,Partially Returned,461.64
1472,272,P006,C0038,SP03,L12,23,292.57,5437.225600000001,No Discount,Online Payment,Cancelled,No Returns,219.07
1473,273,P001,C1065,SP03,L04,32,44.18,1604.934,Seasonal,Credit Card,Cancelled,Partially Returned,248.72
1474,273,P001,C1195,SP03,L06,49,231.49,8785.248,No Discount,Online Payment,Cancelled,Partially Returned,364.38
1475,273,P001,C1418,SP04,L05,30,159.97,2149.53648,Seasonal,Cash,Delivered,Partially Returned,444.87
1476,273,P001,C1696,SP04,L10,49,355.1,1132.208,No Discount,Online Payment,Delivered,No Returns,200.43
1477,273,P001,C1145,SP05,L12,34,322.74,4066.7264,Bulk Purchase,Online Payment,Delivered,No Returns,379.46
1478,273,P004,C0073,SP02,L03,1,148.36,5199.4872,Bulk Purchase,Online Payment,Cancelled,No Returns,55.44
1479,273,P004,C0428,SP06,L02,47,300.91,1200.60416,Bulk Purchase,Installment,Cancelled,Returned,455.99
1480,273,P006,C1173,SP02,L03,5,206.83,1158.11856,Seasonal,Cash,Cancelled,Partially Returned,279.97
1481,273,P006,C0387,SP02,L07,38,235.69,780.3432,Bulk Purchase,Cash,Delivered,Partially Returned,211.13
1482,274,P001,C1697,SP06,L02,47,374.32,1520.6912,Promotional,Installment,Cancelled,Partially Returned,254.21
1483,274,P002,C0018,SP03,L11,25,96.06,4316.688,Promotional,Credit Card,Delivered,Returned,221.19
1484,274,P003,C0646,SP02,L01,45,161.92,410.984,Bulk Purchase,Online Payment,Cancelled,Partially Returned,171.95
1485,275,P001,C1131,SP02,L05,16,351.06,1704.54648,No Discount,Cash,Pending,No Returns,278.39
1486,275,P003,C1156,SP02,L12,3,156.57,253.7216,Promotional,Installment,Cancelled,Partially Returned,195.6
1487,275,P004,C0631,SP05,L06,8,298.27,2996.448,Promotional,Online Payment,Pending,Partially Returned,303.65
1488,276,P005,C0820,SP03,L07,28,147.96,2372.4288,Bulk Purchase,Cash,Delivered,No Returns,365.83
1489,276,P005,C1786,SP06,L11,45,460.98,2756.8896,Promotional,Cash,Pending,No Returns,238.68
1490,276,P006,C0798,SP04,L12,16,205.49,1224.30464,Bulk Purchase,Installment,Pending,No Returns,435.31
1491,276,P006,C1643,SP06,L12,41,333.27,2209.00992,Seasonal,Cash,Cancelled,No Returns,494.03
1492,276,P006,C2054,SP06,L04,5,318.46,2739.6792,Seasonal,Credit Card,Cancelled,Partially Returned,116.07
1493,277,P003,C0025,SP04,L12,16,122.41,1048.03776,Seasonal,Cash,Delivered,Returned,73.54
1494,277,P005,C0870,SP04,L12,18,256.38,1104.27648,No Discount,Cash,Cancelled,Returned,439.13
1495,277,P006,C1333,SP03,L10,29,62.16,3190.9248,Promotional,Cash,Delivered,Returned,106.56
1496,277,P006,C0816,SP05,L12,12,442.66,1755.61856,No Discount,Installment,Delivered,Partially Returned,197.51
1497,278,P002,C0963,SP05,L05,29,129.9,628.1184,Bulk Purchase,Credit Card,Cancelled,No Returns,218.29
1498,278,P003,C0682,SP04,L05,31,470.75,1308.216,No Discount,Online Payment,Delivered,Returned,211.97
1499,278,P004,C0619,SP04,L09,32,484.93,5901.843200000001,Bulk Purchase,Online Payment,Cancelled,Partially Returned,433.72
1500,278,P004,C1712,SP06,L09,4,437.41,829.1712000000001,Bulk Purchase,Credit Card,Pending,No Returns,319.82
1501,279,P001,C0945,SP03,L10,20,478.71,946.5792,Bulk Purchase,Cash,Cancelled,No Returns,422.04
1502,279,P002,C0128,SP04,L01,48,448.96,1669.024,Seasonal,Installment,Delivered,Partially Returned,36.36
1503,279,P004,C1935,SP05,L01,3,222.37,2181.76,Seasonal,Installment,Pending,Partially Returned,216.26
1504,279,P005,C1942,SP03,L04,12,78.31,2055.0672,Seasonal,Cash,Delivered,Returned,491.15
1505,279,P005,C1493,SP06,L10,9,259.91,4675.2384,Seasonal,Cash,Delivered,No Returns,63.59
1506,280,P005,C0846,SP01,L08,48,314.64,2127.132000000001,No Discount,Installment,Cancelled,Partially Returned,97.4
1507,280,P005,C1046,SP02,L07,47,392.29,1884.0276,Promotional,Cash,Delivered,No Returns,389.29
1508,280,P006,C0349,SP03,L10,22,418.36,992.0735999999998,Seasonal,Cash,Pending,Partially Returned,473.89
1509,280,P006,C1324,SP06,L10,18,124.88,1979.04,No Discount,Installment,Pending,No Returns,343.01
1510,281,P001,C0840,SP05,L04,35,378.7,3508.4448,No Discount,Online Payment,Delivered,Partially Returned,310.17
1511,281,P004,C1937,SP03,L04,31,208.05,853.9948800000001,Seasonal,Installment,Pending,Returned,474.89
1512,281,P005,C2130,SP03,L07,49,332.77,750.6239999999999,No Discount,Online Payment,Cancelled,No Returns,151.99
1513,282,P001,C1245,SP01,L06,8,10.06,2376.7296,No Discount,Installment,Cancelled,Returned,438.51
1514,282,P002,C1774,SP01,L08,8,10.55,3243.150000000001,Seasonal,Online Payment,Pending,No Returns,379.63
1515,282,P004,C1227,SP02,L01,49,326.75,1263.6736,Bulk Purchase,Installment,Pending,Partially Returned,123.82
1516,282,P005,C2130,SP02,L08,24,68.1,4200.75,Seasonal,Online Payment,Cancelled,Partially Returned,67.04
1517,282,P005,C0327,SP06,L04,28,250.12,2422.37952,Promotional,Cash,Delivered,Partially Returned,309.4
1518,282,P005,C1598,SP06,L06,11,357.85,7827.744,Seasonal,Online Payment,Delivered,No Returns,189.24
1519,283,P001,C1851,SP04,L03,30,271.48,6209.978400000001,No Discount,Online Payment,Cancelled,No Returns,280.21
1520,283,P002,C1194,SP01,L11,14,149.73,2324.544,No Discount,Cash,Pending,Partially Returned,401.29
1521,283,P003,C0151,SP03,L02,28,308.26,3120.4544,Bulk Purchase,Online Payment,Pending,Returned,139.47
1522,283,P004,C1020,SP05,L07,38,199.59,1302.4368,No Discount,Cash,Delivered,Returned,238.78
1523,283,P005,C0504,SP04,L02,25,58.78,1579.18208,Seasonal,Installment,Delivered,No Returns,432.42
1524,284,P002,C1459,SP06,L09,33,111.66,6288.339200000001,Seasonal,Online Payment,Cancelled,Partially Returned,434.38
1525,284,P004,C0998,SP01,L06,20,222.34,9349.44,No Discount,Online Payment,Pending,Partially Returned,202.16
1526,284,P004,C1289,SP02,L08,17,209.5,2380.95,Promotional,Online Payment,Pending,Partially Returned,422.29
1527,284,P006,C0349,SP04,L10,24,178.74,540.6911999999999,Bulk Purchase,Cash,Delivered,Returned,105.32
1528,284,P006,C1196,SP06,L03,14,22.87,1847.30544,Promotional,Cash,Delivered,No Returns,44.64
1529,284,P006,C2057,SP06,L10,18,178.01,6225.24,No Discount,Credit Card,Pending,No Returns,454.82
1530,285,P001,C1133,SP04,L11,20,144.88,832.3200000000002,Bulk Purchase,Credit Card,Pending,Returned,174.15
1531,285,P002,C0125,SP04,L04,38,243.65,415.67904,No Discount,Cash,Delivered,No Returns,209.1
1532,285,P004,C0805,SP02,L06,45,216.59,833.2416000000001,Promotional,Installment,Delivered,No Returns,352.22
1533,285,P004,C0557,SP05,L01,7,119.26,4417.448,No Discount,Online Payment,Cancelled,Partially Returned,194.19
1534,285,P004,C2042,SP06,L10,30,438.35,2757.552,Bulk Purchase,Online Payment,Cancelled,Returned,359.53
1535,285,P005,C0325,SP04,L05,36,201.75,196.196,Promotional,Online Payment,Pending,No Returns,276.0
1536,285,P006,C1095,SP05,L03,38,275.85,985.5302400000002,Promotional,Installment,Delivered,Returned,472.77
1537,286,P001,C1802,SP01,L02,28,275.0,4060.8064,Promotional,Online Payment,Pending,No Returns,234.35
1538,286,P001,C1000,SP02,L08,16,271.55,1161.504,No Discount,Installment,Pending,Partially Returned,476.18
1539,286,P002,C1435,SP04,L02,24,257.96,3138.6096,Bulk Purchase,Credit Card,Cancelled,No Returns,116.65
1540,286,P004,C1035,SP03,L11,40,142.42,818.6880000000001,Promotional,Online Payment,Cancelled,Partially Returned,45.98
1541,286,P004,C1637,SP06,L04,47,108.01,2933.172,Bulk Purchase,Credit Card,Cancelled,Partially Returned,14.32
1542,286,P005,C0315,SP02,L11,14,227.71,2433.152,Bulk Purchase,Installment,Pending,No Returns,376.49
1543,287,P001,C1278,SP01,L01,25,237.62,2664.228,Promotional,Credit Card,Delivered,Returned,128.7
1544,287,P001,C1112,SP05,L07,27,452.91,4137.924,Promotional,Online Payment,Pending,No Returns,227.93
1545,287,P001,C1755,SP06,L04,31,411.56,2187.88128,Seasonal,Cash,Delivered,Partially Returned,468.89
1546,287,P004,C1454,SP03,L12,47,234.81,1212.0048,No Discount,Credit Card,Delivered,No Returns,93.25
1547,287,P004,C1983,SP03,L08,42,273.09,846.936,No Discount,Installment,Pending,Returned,160.96
1548,287,P004,C1500,SP05,L04,41,406.69,584.2886399999999,Promotional,Cash,Delivered,Returned,199.89
1549,287,P005,C1416,SP06,L11,4,413.77,1099.392,Seasonal,Online Payment,Delivered,Partially Returned,439.76
1550,288,P003,C2124,SP05,L07,44,21.78,441.6614999999999,Promotional,Credit Card,Cancelled,No Returns,450.07
1551,288,P005,C0571,SP06,L03,9,298.68,1800.3384,Bulk Purchase,Credit Card,Delivered,Returned,246.44
1552,289,P002,C1027,SP05,L04,40,325.84,1356.264,Promotional,Online Payment,Cancelled,No Returns,231.04
1553,289,P002,C0210,SP05,L07,46,11.75,880.1351999999998,No Discount,Cash,Pending,Partially Returned,377.31
1554,289,P003,C1298,SP03,L09,34,64.25,2080.12288,Promotional,Installment,Pending,No Returns,492.15
1555,289,P003,C0667,SP04,L08,35,153.7,949.59,No Discount,Cash,Delivered,No Returns,354.28
1556,289,P003,C1797,SP06,L07,45,20.17,571.3008,Bulk Purchase,Installment,Cancelled,Returned,282.7
1557,289,P004,C1839,SP05,L04,27,163.12,1722.91968,Promotional,Installment,Pending,Partially Returned,92.26
1558,289,P005,C1648,SP01,L05,37,74.25,1212.01808,Promotional,Installment,Pending,Returned,297.3
1559,289,P006,C1586,SP02,L12,8,146.75,202.43328,Bulk Purchase,Installment,Cancelled,No Returns,406.05
1560,289,P006,C1014,SP03,L08,6,46.2,907.11,Seasonal,Online Payment,Cancelled,Returned,443.79
1561,290,P006,C1184,SP01,L01,35,166.16,1085.8512,Promotional,Cash,Pending,Partially Returned,472.73
1562,291,P001,C0691,SP05,L02,45,275.97,1275.22304,No Discount,Installment,Pending,No Returns,106.36
1563,291,P001,C1260,SP05,L03,9,36.39,809.0928,Seasonal,Installment,Cancelled,Partially Returned,343.22
1564,291,P002,C0520,SP03,L04,34,247.42,969.68448,Promotional,Installment,Delivered,No Returns,368.91
1565,291,P003,C1941,SP02,L07,47,373.9,625.3631999999999,Promotional,Cash,Pending,Partially Returned,51.22
1566,291,P003,C1228,SP06,L07,40,316.39,694.9845,Seasonal,Credit Card,Cancelled,Partially Returned,70.18
1567,291,P005,C1488,SP02,L07,11,238.23,544.0679999999999,No Discount,Credit Card,Cancelled,Partially Returned,451.49
1568,291,P005,C1597,SP06,L02,46,296.65,1859.66592,No Discount,Cash,Delivered,No Returns,25.68
1569,291,P006,C0772,SP05,L04,43,447.02,1900.55808,Bulk Purchase,Cash,Delivered,No Returns,424.89
1570,292,P002,C1567,SP02,L08,30,17.65,821.88,Seasonal,Credit Card,Delivered,No Returns,130.42
1571,292,P002,C0005,SP05,L09,26,220.37,2438.0928,Promotional,Online Payment,Cancelled,Partially Returned,454.41
1572,292,P003,C0400,SP05,L09,37,289.78,5211.4304,Promotional,Online Payment,Pending,Returned,469.93
1573,292,P004,C0665,SP06,L07,29,267.52,3988.067999999999,Bulk Purchase,Online Payment,Pending,No Returns,452.45
1574,292,P004,C0033,SP06,L10,29,278.43,1421.4144,Seasonal,Installment,Pending,Returned,273.71
1575,292,P006,C0425,SP04,L05,34,420.44,213.55152,Bulk Purchase,Installment,Cancelled,Partially Returned,64.53
1576,293,P001,C1811,SP03,L01,37,435.1,1516.41,Bulk Purchase,Credit Card,Pending,Partially Returned,26.57
1577,293,P001,C0809,SP05,L05,13,370.24,416.83824,Bulk Purchase,Installment,Delivered,Returned,414.73
1578,293,P002,C1418,SP05,L09,4,216.79,4209.004800000001,Bulk Purchase,Credit Card,Cancelled,Partially Returned,437.05
1579,293,P003,C0300,SP01,L06,1,288.09,467.7695999999999,Promotional,Cash,Delivered,No Returns,377.77
1580,293,P003,C0461,SP05,L10,27,221.1,5383.643999999999,Seasonal,Credit Card,Pending,No Returns,121.42
1581,293,P004,C1903,SP01,L09,24,364.72,179.2384,Promotional,Installment,Pending,No Returns,20.74
1582,293,P004,C1668,SP04,L08,18,410.07,2422.260000000001,Seasonal,Installment,Cancelled,Returned,273.84
1583,293,P005,C0819,SP04,L02,36,146.46,3135.887999999999,No Discount,Credit Card,Delivered,No Returns,426.17
1584,294,P001,C1809,SP01,L02,32,29.52,278.42304,Promotional,Cash,Delivered,Returned,358.64
1585,294,P001,C1627,SP01,L05,28,224.19,785.8032,Promotional,Cash,Delivered,Partially Returned,172.6
1586,294,P001,C0964,SP02,L02,26,413.86,1788.98944,No Discount,Installment,Pending,Returned,144.02
1587,294,P002,C2086,SP03,L07,9,99.87,319.2084,Seasonal,Cash,Delivered,Partially Returned,330.81
1588,294,P002,C0206,SP04,L07,5,341.81,2790.333,Promotional,Credit Card,Cancelled,Partially Returned,318.83
1589,294,P002,C1586,SP04,L07,45,234.79,2885.526,No Discount,Credit Card,Pending,Partially Returned,148.7
1590,294,P003,C0846,SP02,L08,4,311.23,3608.28,Promotional,Online Payment,Cancelled,Partially Returned,162.81
1591,294,P004,C1807,SP05,L02,21,266.59,606.6278399999999,Seasonal,Cash,Delivered,No Returns,405.12
1592,295,P001,C0543,SP01,L05,39,202.0,1322.13536,Seasonal,Installment,Cancelled,No Returns,100.29
1593,295,P002,C1966,SP02,L08,49,53.91,2364.3225,No Discount,Credit Card,Cancelled,Returned,422.69
1594,296,P001,C0017,SP02,L06,26,208.21,1612.872,Bulk Purchase,Credit Card,Pending,Returned,160.56
1595,296,P001,C1956,SP02,L11,34,247.09,2055.8336,No Discount,Installment,Delivered,Returned,258.84
1596,296,P002,C1893,SP01,L05,32,30.56,1454.4712,No Discount,Installment,Pending,No Returns,308.65
1597,296,P003,C1097,SP03,L06,47,285.82,6612.192,Bulk Purchase,Online Payment,Cancelled,Partially Returned,250.39
1598,296,P006,C1042,SP04,L08,13,238.41,198.18,Promotional,Installment,Pending,Returned,292.63
1599,297,P001,C0227,SP06,L04,44,123.44,571.09536,Bulk Purchase,Cash,Cancelled,Returned,284.87
1600,297,P002,C0997,SP03,L08,21,149.32,1582.632,Promotional,Cash,Delivered,Partially Returned,328.18
1601,297,P005,C1537,SP01,L05,26,234.54,577.3677,Promotional,Credit Card,Pending,Returned,380.87
1602,297,P005,C0718,SP06,L08,34,468.51,3304.764,Bulk Purchase,Installment,Pending,Partially Returned,457.27
1603,297,P006,C1462,SP02,L02,48,339.34,325.00608,Seasonal,Cash,Pending,Returned,89.01
1604,297,P006,C1181,SP03,L03,10,369.73,851.4331200000001,No Discount,Cash,Pending,No Returns,110.8
1605,297,P006,C1371,SP04,L03,24,32.56,1473.12432,No Discount,Cash,Cancelled,No Returns,412.78
1606,297,P006,C0524,SP05,L03,12,79.85,4541.427000000001,Bulk Purchase,Credit Card,Cancelled,Returned,125.28
1607,298,P001,C0926,SP03,L12,19,217.43,1499.28576,Seasonal,Installment,Delivered,Partially Returned,189.22
1608,298,P002,C0502,SP06,L10,47,256.5,3392.704,Bulk Purchase,Online Payment,Cancelled,No Returns,143.53
1609,298,P003,C0367,SP05,L06,18,433.75,488.4479999999999,Bulk Purchase,Cash,Cancelled,Partially Returned,259.13
1610,298,P003,C0216,SP06,L01,6,100.26,2454.76,Promotional,Online Payment,Delivered,No Returns,389.24
1611,298,P005,C0537,SP01,L09,5,210.84,6269.612800000002,No Discount,Online Payment,Cancelled,Returned,313.37
1612,298,P005,C1326,SP01,L10,5,81.21,3300.192,Seasonal,Installment,Pending,No Returns,59.55
1613,298,P006,C1613,SP01,L09,6,487.23,3377.440000000001,Bulk Purchase,Online Payment,Cancelled,No Returns,33.42
1614,299,P001,C1692,SP01,L09,36,288.43,1227.2832,Promotional,Cash,Delivered,No Returns,303.52
1615,299,P004,C1861,SP01,L04,12,30.57,2414.8368,Bulk Purchase,Cash,Cancelled,Returned,64.28
1616,299,P004,C0887,SP03,L06,6,434.73,1116.576,Bulk Purchase,Online Payment,Delivered,Returned,287.13
1617,299,P005,C1031,SP01,L06,37,156.68,3613.1712,Promotional,Installment,Pending,Partially Returned,468.83
1618,299,P005,C2059,SP02,L10,7,120.23,1000.5632,Promotional,Installment,Pending,No Returns,301.45
1619,299,P005,C0069,SP04,L01,45,361.81,2161.1744,Promotional,Installment,Delivered,Returned,395.59
1620,299,P005,C1151,SP05,L09,49,272.45,430.4819200000001,Promotional,Installment,Cancelled,Partially Returned,138.49
1621,299,P006,C0509,SP04,L06,26,61.19,4840.8,Seasonal,Online Payment,Delivered,Partially Returned,376.04
1622,300,P002,C0563,SP01,L09,11,222.05,1938.393600000001,Bulk Purchase,Credit Card,Pending,No Returns,89.65
1623,300,P002,C0521,SP01,L10,12,130.49,2374.512,Promotional,Online Payment,Cancelled,No Returns,301.91
1624,300,P002,C1740,SP05,L05,3,344.12,1225.26768,Seasonal,Installment,Cancelled,Returned,423.46
1625,300,P004,C0165,SP02,L06,18,460.26,1384.992,Bulk Purchase,Online Payment,Pending,Returned,239.11
1626,300,P004,C1634,SP03,L10,15,464.77,7044.576,Seasonal,Credit Card,Cancelled,Partially Returned,466.78
1627,300,P004,C0300,SP05,L07,30,238.49,308.3136,Seasonal,Installment,Cancelled,No Returns,460.96
1628,300,P005,C1305,SP03,L06,5,134.19,5688.383999999999,Bulk Purchase,Online Payment,Delivered,No Returns,409.94
1629,301,P001,C2126,SP06,L08,19,254.5,4586.976000000001,Bulk Purchase,Cash,Delivered,No Returns,352.91
1630,301,P002,C0950,SP05,L10,18,141.11,2814.112,Seasonal,Installment,Delivered,Partially Returned,30.69
1631,301,P002,C1030,SP06,L10,38,306.76,4367.104,No Discount,Online Payment,Pending,Partially Returned,265.99
1632,301,P003,C0961,SP02,L06,28,331.51,1080.96,No Discount,Online Payment,Pending,Returned,264.8
1633,301,P003,C0322,SP03,L10,45,180.87,580.608,No Discount,Online Payment,Delivered,No Returns,15.59
1634,301,P004,C1499,SP01,L09,21,378.54,2596.211200000001,Seasonal,Installment,Delivered,Partially Returned,104.13
1635,301,P004,C0198,SP06,L10,22,431.54,876.96,Promotional,Installment,Cancelled,No Returns,37.0
1636,301,P005,C1561,SP04,L12,49,332.81,3397.824000000001,Seasonal,Online Payment,Pending,No Returns,73.56
1637,301,P005,C1868,SP06,L05,6,129.01,2364.3984,No Discount,Online Payment,Delivered,No Returns,122.95
1638,301,P006,C0173,SP03,L10,4,355.46,6003.984,No Discount,Cash,Pending,Returned,407.27
1639,302,P001,C0288,SP02,L02,1,377.84,1148.42112,No Discount,Installment,Cancelled,No Returns,426.46
1640,302,P004,C1492,SP04,L08,23,379.12,4500.63,No Discount,Cash,Delivered,No Returns,32.63
1641,302,P004,C1720,SP05,L06,47,30.51,6744.383999999999,Bulk Purchase,Online Payment,Pending,Returned,353.46
1642,302,P005,C1791,SP01,L01,3,215.35,3534.468,Seasonal,Credit Card,Cancelled,No Returns,246.86
1643,302,P006,C1779,SP04,L12,25,156.96,242.148,Seasonal,Credit Card,Pending,Returned,154.12
1644,302,P006,C1620,SP06,L06,32,66.2,1266.7008,Seasonal,Installment,Delivered,Partially Returned,168.66
1645,303,P001,C0546,SP02,L01,9,82.23,4150.44,No Discount,Online Payment,Cancelled,Returned,160.43
1646,303,P002,C1167,SP02,L04,42,417.6,324.2592,Promotional,Online Payment,Delivered,No Returns,190.42
1647,303,P004,C0881,SP01,L09,8,485.33,4151.3472,Bulk Purchase,Cash,Pending,Partially Returned,20.07
1648,303,P004,C0386,SP02,L04,38,328.27,1535.8896,No Discount,Credit Card,Delivered,Returned,224.17
1649,303,P005,C2015,SP04,L06,30,156.97,3665.88,No Discount,Credit Card,Cancelled,No Returns,455.64
1650,304,P001,C1137,SP02,L09,23,107.63,2011.0464,Bulk Purchase,Installment,Delivered,Returned,164.88
1651,304,P006,C0829,SP05,L02,27,160.64,574.5600000000001,No Discount,Credit Card,Pending,No Returns,21.77
1652,304,P006,C0538,SP06,L09,48,393.43,4671.902400000001,No Discount,Credit Card,Delivered,Partially Returned,391.5
1653,305,P004,C1853,SP02,L04,11,391.1,1202.256,No Discount,Online Payment,Delivered,Partially Returned,197.52
1654,305,P004,C1083,SP03,L11,43,204.34,1748.992,Promotional,Installment,Pending,No Returns,169.34
1655,305,P004,C1040,SP06,L05,9,147.97,2089.7058,Seasonal,Credit Card,Pending,No Returns,244.39
1656,305,P006,C0477,SP03,L09,15,384.88,1573.13024,Seasonal,Installment,Delivered,Partially Returned,27.38
1657,306,P002,C0060,SP05,L10,43,478.93,1324.1984,Seasonal,Installment,Delivered,No Returns,468.7
1658,306,P004,C1375,SP06,L05,40,432.63,698.4432,No Discount,Installment,Pending,No Returns,258.0
1659,306,P005,C0009,SP02,L05,29,320.06,645.85248,Bulk Purchase,Cash,Delivered,Returned,126.14
1660,306,P005,C1886,SP06,L08,7,284.85,2920.320000000001,No Discount,Credit Card,Cancelled,No Returns,254.34
1661,306,P006,C1795,SP03,L02,15,338.83,683.8272000000001,No Discount,Credit Card,Cancelled,Returned,370.16
1662,307,P002,C1113,SP01,L04,1,461.37,2975.0544,No Discount,Online Payment,Delivered,Partially Returned,387.78
1663,307,P004,C0952,SP04,L08,19,161.31,3380.508,Bulk Purchase,Installment,Delivered,Partially Returned,86.27
1664,307,P005,C1161,SP06,L03,29,430.8,1343.304,Bulk Purchase,Installment,Cancelled,Returned,439.22
1665,307,P005,C0110,SP06,L07,6,445.29,2187.675,Promotional,Credit Card,Cancelled,No Returns,98.6
1666,308,P001,C0988,SP06,L08,13,262.59,457.596,Seasonal,Installment,Delivered,Partially Returned,84.05
1667,308,P002,C0154,SP03,L04,5,119.16,514.90944,No Discount,Installment,Pending,Partially Returned,248.5
1668,308,P006,C1256,SP06,L10,34,401.12,11054.512,Promotional,Online Payment,Delivered,Partially Returned,309.08
1669,309,P001,C1411,SP04,L07,26,195.77,1257.9336,No Discount,Cash,Pending,No Returns,380.01
1670,309,P001,C0701,SP05,L03,47,195.64,1619.89632,Promotional,Cash,Delivered,Returned,42.25
1671,309,P002,C0549,SP01,L01,25,382.31,353.22,Bulk Purchase,Credit Card,Delivered,Partially Returned,81.15
1672,309,P003,C1109,SP04,L05,12,463.74,1348.96944,Seasonal,Installment,Delivered,Partially Returned,140.1
1673,309,P005,C1108,SP06,L12,28,442.63,2350.79808,No Discount,Cash,Pending,No Returns,268.43
1674,309,P006,C1857,SP03,L06,12,264.53,5040.748799999999,Seasonal,Cash,Pending,No Returns,170.52
1675,309,P006,C0661,SP06,L03,30,251.85,1764.01152,Promotional,Installment,Pending,No Returns,323.89
1676,310,P001,C1892,SP01,L08,42,232.97,4454.352,Bulk Purchase,Cash,Cancelled,Partially Returned,259.42
1677,310,P001,C0192,SP02,L06,14,121.93,7826.112,Promotional,Online Payment,Cancelled,Partially Returned,430.42
1678,310,P002,C1554,SP06,L04,30,332.22,400.4964,No Discount,Credit Card,Delivered,Returned,70.53
1679,310,P003,C1578,SP06,L01,17,81.65,932.4,Bulk Purchase,Online Payment,Cancelled,Returned,266.85
1680,310,P004,C1555,SP04,L07,29,416.84,537.4151999999999,Seasonal,Cash,Cancelled,Partially Returned,8.18
1681,310,P006,C0442,SP04,L01,1,49.83,277.3679999999999,Seasonal,Cash,Cancelled,No Returns,120.74
1682,311,P001,C0724,SP05,L04,46,311.46,1248.42816,Bulk Purchase,Installment,Cancelled,Partially Returned,288.85
1683,311,P002,C0184,SP02,L01,21,477.79,3321.079999999999,Promotional,Online Payment,Delivered,No Returns,344.34
1684,311,P002,C0903,SP05,L03,45,168.88,2257.72272,No Discount,Cash,Cancelled,No Returns,475.8
1685,311,P004,C0248,SP01,L02,21,291.79,845.7702400000001,No Discount,Installment,Cancelled,No Returns,108.58
1686,311,P004,C0779,SP01,L08,17,412.21,3502.476,No Discount,Installment,Delivered,Partially Returned,79.92
1687,311,P004,C0919,SP01,L06,3,155.69,5461.056,Seasonal,Cash,Delivered,Partially Returned,425.55
1688,311,P006,C0119,SP03,L09,37,36.17,1623.24096,Seasonal,Cash,Cancelled,Returned,435.87
1689,312,P003,C0047,SP01,L04,34,269.49,203.2776,Bulk Purchase,Credit Card,Pending,No Returns,410.07
1690,312,P003,C1253,SP02,L04,26,235.57,1844.80416,Seasonal,Cash,Cancelled,No Returns,51.61
1691,312,P004,C0461,SP05,L12,44,280.43,3084.6432,Seasonal,Cash,Cancelled,No Returns,237.59
1692,312,P005,C1998,SP06,L10,28,470.51,6270.599999999999,Seasonal,Credit Card,Cancelled,Returned,392.55
1693,312,P006,C1769,SP02,L05,1,433.85,877.9953,No Discount,Credit Card,Cancelled,Returned,304.03
1694,313,P001,C1024,SP04,L11,17,176.52,1276.4672,Bulk Purchase,Installment,Delivered,Returned,249.46
1695,313,P001,C0956,SP06,L06,44,206.2,6229.727999999999,Seasonal,Online Payment,Cancelled,No Returns,320.88
1696,313,P002,C1656,SP02,L08,39,348.96,2334.312,Promotional,Installment,Cancelled,Partially Returned,237.78
1697,313,P002,C0610,SP05,L08,23,326.1,1349.172,Promotional,Installment,Delivered,Returned,57.16
1698,313,P003,C0904,SP06,L03,9,479.7,903.7526400000002,No Discount,Installment,Delivered,Partially Returned,276.62
1699,313,P004,C1531,SP05,L07,43,416.47,754.2359999999999,Promotional,Credit Card,Delivered,Returned,220.07
1700,314,P001,C1394,SP02,L09,39,344.87,2308.86656,Bulk Purchase,Installment,Pending,Returned,487.15
1701,314,P002,C2154,SP04,L08,15,453.04,964.5120000000002,No Discount,Installment,Delivered,Partially Returned,109.55
1702,314,P002,C1629,SP04,L04,29,120.07,368.0985600000001,Bulk Purchase,Installment,Cancelled,No Returns,344.67
1703,314,P006,C0877,SP06,L09,29,422.81,2354.58432,No Discount,Cash,Delivered,No Returns,255.55
1704,315,P002,C1770,SP02,L08,9,151.09,8695.53,Bulk Purchase,Online Payment,Pending,Returned,331.22
1705,315,P002,C1633,SP05,L02,49,275.06,2327.8416,No Discount,Credit Card,Pending,No Returns,169.82
1706,315,P003,C1490,SP01,L02,17,232.57,208.5888,No Discount,Installment,Cancelled,Partially Returned,233.44
1707,315,P004,C1564,SP03,L02,35,203.09,1478.45376,No Discount,Installment,Pending,No Returns,96.42
1708,315,P006,C0062,SP04,L10,40,264.12,3706.7072,Seasonal,Installment,Cancelled,Returned,261.66
1709,316,P001,C0711,SP05,L08,21,445.27,3968.865,Seasonal,Credit Card,Delivered,No Returns,193.32
1710,316,P001,C1518,SP05,L01,42,217.94,1734.6672,No Discount,Cash,Cancelled,No Returns,328.09
1711,316,P001,C2018,SP06,L04,15,301.0,523.6272,Seasonal,Online Payment,Cancelled,No Returns,128.35
1712,316,P002,C1018,SP01,L01,35,98.97,527.268,No Discount,Credit Card,Pending,No Returns,478.3
1713,316,P002,C1507,SP05,L08,26,347.48,6214.050000000001,Bulk Purchase,Credit Card,Cancelled,Partially Returned,305.25
1714,316,P004,C1474,SP03,L10,18,474.46,1636.992,Seasonal,Installment,Delivered,No Returns,65.23
1715,316,P006,C2003,SP03,L05,42,146.08,672.8358,Promotional,Credit Card,Delivered,Returned,14.6
1716,317,P001,C0974,SP04,L08,10,167.23,5048.513999999999,Seasonal,Cash,Pending,Partially Returned,413.34
1717,317,P001,C1319,SP05,L08,4,282.38,4062.69,Promotional,Online Payment,Delivered,Partially Returned,120.31
1718,317,P002,C0872,SP03,L11,17,355.04,2018.112,Bulk Purchase,Cash,Pending,Partially Returned,20.96
1719,317,P002,C0013,SP04,L11,4,263.31,2106.7008,Promotional,Installment,Pending,Partially Returned,151.46
1720,317,P005,C0905,SP02,L02,19,135.8,1120.9632,No Discount,Credit Card,Cancelled,Partially Returned,165.77
1721,317,P005,C1336,SP02,L05,34,322.7,303.1392,No Discount,Credit Card,Cancelled,No Returns,144.65
1722,317,P005,C1178,SP05,L11,28,352.45,1017.856,Seasonal,Installment,Pending,Partially Returned,248.57
1723,318,P001,C1730,SP05,L05,23,413.32,406.23856,Bulk Purchase,Installment,Delivered,Partially Returned,298.41
1724,318,P002,C0212,SP05,L11,6,456.33,4462.4000000000015,Bulk Purchase,Online Payment,Pending,No Returns,163.96
1725,318,P003,C1265,SP01,L01,25,349.87,728.2239999999999,Seasonal,Online Payment,Pending,Partially Returned,393.95
1726,318,P003,C1638,SP02,L07,2,83.11,1535.1336,No Discount,Installment,Cancelled,Returned,21.27
1727,318,P004,C0684,SP02,L08,24,461.07,1814.85,Seasonal,Online Payment,Pending,Partially Returned,117.96
1728,318,P005,C0140,SP02,L08,2,195.81,640.3050000000001,Seasonal,Credit Card,Pending,Returned,153.85
1729,318,P005,C0911,SP03,L10,6,340.27,3327.52,Seasonal,Installment,Delivered,No Returns,82.52
1730,318,P006,C0150,SP06,L08,42,413.63,3876.12,Seasonal,Cash,Cancelled,No Returns,418.95
1731,319,P001,C2156,SP03,L07,45,472.83,2950.479,Promotional,Credit Card,Delivered,No Returns,226.24
1732,319,P002,C0265,SP01,L12,35,420.04,3736.192,No Discount,Online Payment,Pending,Partially Returned,259.0
1733,319,P004,C0334,SP01,L04,36,440.61,981.072,Promotional,Credit Card,Pending,No Returns,101.91
1734,319,P005,C0696,SP01,L11,49,132.82,2353.2288,No Discount,Cash,Delivered,Partially Returned,383.15
1735,320,P001,C0116,SP04,L05,49,141.91,653.80224,Seasonal,Cash,Cancelled,No Returns,473.93
1736,320,P004,C0453,SP04,L07,8,331.88,291.2805,No Discount,Credit Card,Pending,No Returns,24.21
1737,320,P004,C0536,SP04,L10,23,474.94,9459.52,Bulk Purchase,Online Payment,Delivered,Returned,436.21
1738,320,P005,C1168,SP05,L03,27,342.45,2471.36832,No Discount,Cash,Cancelled,No Returns,387.5
1739,321,P001,C0185,SP01,L10,20,182.52,1641.276,No Discount,Credit Card,Delivered,No Returns,457.74
1740,321,P001,C1210,SP02,L05,49,193.59,3385.0908,Seasonal,Online Payment,Delivered,No Returns,163.23
1741,321,P002,C1410,SP03,L06,21,222.17,3834.816,Seasonal,Online Payment,Pending,Returned,287.18
1742,321,P002,C1573,SP06,L05,17,404.68,869.1501000000001,No Discount,Credit Card,Cancelled,No Returns,178.1
1743,321,P003,C0657,SP05,L05,20,67.9,2965.1076,Promotional,Online Payment,Delivered,No Returns,4.5
1744,322,P002,C0827,SP01,L08,14,481.38,4165.29,Promotional,Cash,Pending,Partially Returned,435.64
1745,322,P003,C1721,SP01,L07,41,188.39,2483.680499999999,No Discount,Credit Card,Pending,No Returns,329.56
1746,322,P003,C0745,SP04,L08,45,358.86,2876.742,Promotional,Cash,Delivered,No Returns,188.54
1747,322,P003,C0100,SP04,L07,3,389.22,2907.198,Promotional,Online Payment,Cancelled,Partially Returned,215.47
1748,322,P003,C0390,SP06,L07,30,69.08,1500.5088,No Discount,Installment,Delivered,Returned,273.45
1749,322,P004,C2073,SP03,L09,42,175.86,5118.924800000001,No Discount,Online Payment,Pending,Partially Returned,143.55
1750,322,P004,C0245,SP05,L11,24,241.73,2252.544,Bulk Purchase,Cash,Cancelled,Partially Returned,194.23
1751,322,P005,C2022,SP04,L08,3,436.66,8068.230000000001,Seasonal,Online Payment,Cancelled,No Returns,145.87
1752,322,P005,C1582,SP04,L04,23,450.94,2682.1044,Bulk Purchase,Credit Card,Delivered,No Returns,114.29
1753,323,P002,C1577,SP01,L02,3,11.28,1448.67072,No Discount,Cash,Delivered,Partially Returned,295.84
1754,323,P003,C1095,SP04,L09,23,28.59,307.9296000000001,No Discount,Cash,Delivered,Partially Returned,302.79
1755,323,P006,C1457,SP02,L10,48,108.61,8238.384,Seasonal,Online Payment,Cancelled,Partially Returned,390.76
1756,323,P006,C1584,SP04,L01,48,419.83,2376.276,Seasonal,Credit Card,Cancelled,No Returns,78.73
1757,324,P002,C0617,SP04,L11,32,228.28,2429.04,Bulk Purchase,Credit Card,Delivered,No Returns,393.15
1758,324,P004,C0262,SP04,L04,35,455.15,935.5824,Seasonal,Online Payment,Delivered,No Returns,293.69
1759,324,P005,C1828,SP04,L12,4,364.86,559.7352000000001,Bulk Purchase,Credit Card,Pending,Partially Returned,43.67
1760,325,P003,C1366,SP02,L08,17,75.98,422.9640000000001,Promotional,Installment,Pending,Partially Returned,433.99
1761,325,P003,C0364,SP05,L07,27,413.67,1795.626,No Discount,Credit Card,Delivered,No Returns,467.28
1762,325,P005,C1171,SP02,L01,44,69.0,1404.018,No Discount,Credit Card,Cancelled,Partially Returned,102.44
1763,325,P006,C0647,SP05,L02,5,223.77,346.752,Seasonal,Credit Card,Delivered,Partially Returned,253.68
1764,326,P001,C1528,SP01,L08,13,221.22,3307.68,Bulk Purchase,Installment,Cancelled,Partially Returned,334.9
1765,326,P001,C0304,SP05,L02,9,182.13,3300.7968,Bulk Purchase,Credit Card,Delivered,No Returns,9.5
1766,326,P003,C1750,SP06,L03,9,231.86,1389.46752,Bulk Purchase,Installment,Pending,Partially Returned,434.29
1767,326,P004,C0171,SP04,L05,4,138.13,1745.7076,No Discount,Online Payment,Pending,Partially Returned,367.16
1768,326,P005,C0032,SP05,L06,28,36.64,3268.992,Bulk Purchase,Online Payment,Pending,Partially Returned,303.74
1769,326,P006,C1480,SP01,L08,13,153.05,7904.43,Bulk Purchase,Online Payment,Pending,Partially Returned,299.42
1770,326,P006,C0701,SP03,L03,2,334.24,1972.48608,Seasonal,Installment,Pending,Returned,364.43
1771,326,P006,C1749,SP05,L02,44,363.71,3147.984,Bulk Purchase,Credit Card,Cancelled,No Returns,176.8
1772,327,P001,C1405,SP06,L01,13,298.55,3649.8,Bulk Purchase,Credit Card,Pending,Partially Returned,270.62
1773,327,P003,C0192,SP05,L01,30,357.11,603.008,Promotional,Installment,Cancelled,No Returns,187.22
1774,327,P003,C1994,SP05,L10,45,273.86,1685.1072,Bulk Purchase,Installment,Cancelled,Partially Returned,9.61
1775,327,P004,C0165,SP04,L09,32,400.25,1141.12768,Bulk Purchase,Installment,Delivered,Returned,243.9
1776,327,P004,C1151,SP04,L08,7,152.87,4176.0225,Bulk Purchase,Credit Card,Cancelled,Partially Returned,155.16
1777,327,P004,C2136,SP06,L04,19,336.92,886.8528,Bulk Purchase,Cash,Pending,Partially Returned,326.03
1778,328,P001,C0381,SP04,L08,27,343.04,7311.96,Promotional,Online Payment,Cancelled,No Returns,197.55
1779,328,P001,C0311,SP06,L10,20,92.37,1623.3728,Bulk Purchase,Installment,Pending,Returned,431.94
1780,328,P002,C2039,SP01,L07,46,19.67,2803.962,Promotional,Online Payment,Cancelled,Partially Returned,257.82
1781,328,P003,C1527,SP03,L06,47,445.51,2030.2848,Promotional,Installment,Delivered,No Returns,29.31
1782,328,P003,C1979,SP04,L11,29,342.81,656.0,Seasonal,Installment,Cancelled,Returned,283.77
1783,328,P004,C1485,SP02,L06,40,372.36,4859.136,Bulk Purchase,Cash,Pending,No Returns,190.8
1784,328,P004,C2082,SP04,L03,24,152.15,1031.71968,Bulk Purchase,Cash,Cancelled,No Returns,142.6
1785,329,P001,C1152,SP03,L11,7,211.63,1288.192,Promotional,Installment,Delivered,No Returns,258.71
1786,329,P002,C0847,SP06,L03,36,169.53,1557.5328,Promotional,Cash,Cancelled,Partially Returned,121.19
1787,329,P003,C0952,SP06,L08,32,211.47,4235.422500000001,Seasonal,Credit Card,Pending,Returned,433.09
1788,329,P004,C0843,SP06,L03,6,188.47,2859.54624,Promotional,Cash,Delivered,Returned,315.61
1789,329,P005,C1548,SP01,L12,5,267.47,4488.3264,Promotional,Online Payment,Delivered,No Returns,313.82
1790,329,P005,C0302,SP02,L12,1,427.49,1429.06624,No Discount,Installment,Pending,Returned,187.65
1791,329,P005,C0098,SP03,L07,27,220.79,1603.287,No Discount,Credit Card,Delivered,Partially Returned,494.68
1792,329,P005,C0628,SP03,L07,28,117.39,1419.012,No Discount,Credit Card,Pending,Returned,271.15
1793,329,P005,C0235,SP04,L04,43,468.42,1042.8048,Seasonal,Online Payment,Delivered,Partially Returned,128.91
1794,329,P005,C0877,SP06,L12,13,170.38,3257.73312,Promotional,Cash,Pending,Returned,257.26
1795,329,P005,C2038,SP06,L11,40,342.96,3686.336,Seasonal,Online Payment,Delivered,Returned,205.26
1796,329,P006,C1888,SP05,L12,45,302.35,3829.3248,No Discount,Online Payment,Cancelled,No Returns,489.62
1797,330,P003,C0962,SP01,L12,19,14.94,2448.0816,No Discount,Credit Card,Delivered,No Returns,350.68
1798,330,P003,C1036,SP05,L10,7,272.37,3684.3968,Seasonal,Installment,Delivered,Returned,28.76
1799,330,P004,C1344,SP03,L06,44,157.78,6345.12,Bulk Purchase,Online Payment,Delivered,Returned,16.15
1800,330,P006,C1736,SP06,L12,9,142.99,2668.54848,No Discount,Cash,Delivered,Returned,435.6
1801,331,P003,C0414,SP05,L11,35,350.92,2739.3024,Promotional,Cash,Pending,No Returns,36.83
1802,331,P005,C1307,SP06,L12,47,488.06,3134.256,Seasonal,Credit Card,Cancelled,Partially Returned,140.64
1803,332,P001,C1101,SP06,L07,42,24.42,539.406,No Discount,Credit Card,Pending,Partially Returned,348.47
1804,332,P002,C0130,SP01,L05,46,386.75,1256.8556,Seasonal,Online Payment,Pending,No Returns,308.72
1805,332,P002,C0660,SP04,L09,16,246.29,2354.140800000001,Bulk Purchase,Credit Card,Cancelled,No Returns,256.64
1806,332,P002,C1288,SP04,L07,33,322.85,306.3144,Promotional,Installment,Pending,No Returns,205.07
1807,332,P002,C1757,SP05,L03,44,448.04,1359.94464,Promotional,Cash,Delivered,Partially Returned,481.29
1808,332,P002,C1499,SP06,L05,4,336.43,108.16624,Seasonal,Installment,Cancelled,Returned,145.1
1809,332,P003,C0418,SP01,L07,27,165.92,912.9624,Bulk Purchase,Installment,Cancelled,No Returns,310.14
1810,332,P003,C0637,SP01,L11,6,462.37,654.7200000000001,Bulk Purchase,Installment,Cancelled,No Returns,172.01
1811,332,P003,C2057,SP03,L02,13,312.73,1117.2672,No Discount,Credit Card,Cancelled,Partially Returned,409.28
1812,332,P003,C2141,SP06,L03,39,268.29,1588.4424,Promotional,Credit Card,Cancelled,No Returns,424.29
1813,332,P004,C0948,SP03,L04,18,177.13,351.648,Promotional,Online Payment,Cancelled,Returned,302.0
1814,333,P001,C1090,SP05,L11,3,63.79,793.6256000000001,Seasonal,Installment,Pending,No Returns,209.97
1815,333,P002,C1378,SP02,L03,43,110.75,2039.60592,Promotional,Cash,Delivered,No Returns,382.44
1816,333,P002,C2016,SP03,L11,27,433.21,6078.016000000001,No Discount,Online Payment,Pending,No Returns,332.67
1817,333,P003,C0907,SP04,L02,49,302.39,631.55456,Bulk Purchase,Installment,Pending,Partially Returned,347.21
1818,333,P005,C2140,SP01,L01,18,341.75,1506.8032,No Discount,Installment,Pending,Returned,478.24
1819,333,P005,C1818,SP01,L10,6,239.43,4885.776,Promotional,Credit Card,Pending,Partially Returned,322.14
1820,333,P005,C1513,SP03,L09,4,237.46,6788.1792,Bulk Purchase,Online Payment,Cancelled,No Returns,224.72
1821,333,P005,C2144,SP05,L07,10,202.85,798.2184000000001,No Discount,Installment,Cancelled,Partially Returned,325.4
1822,333,P005,C0142,SP06,L05,34,478.2,438.5745,Bulk Purchase,Credit Card,Delivered,Returned,398.55
1823,334,P001,C1653,SP05,L05,3,74.0,156.6474,Promotional,Credit Card,Cancelled,No Returns,292.88
1824,334,P002,C1170,SP06,L10,5,173.92,3356.0576,Bulk Purchase,Installment,Pending,No Returns,192.12
1825,334,P005,C0336,SP03,L07,3,394.58,3611.202,Bulk Purchase,Online Payment,Cancelled,No Returns,368.74
1826,335,P005,C0765,SP05,L09,19,397.5,874.0300800000001,Seasonal,Installment,Delivered,Partially Returned,71.74
1827,335,P005,C0040,SP05,L05,37,141.82,1376.2112,No Discount,Online Payment,Delivered,Partially Returned,59.18
1828,335,P006,C0733,SP02,L04,15,129.24,444.3206399999999,Seasonal,Cash,Pending,Returned,114.91
1829,335,P006,C0162,SP04,L08,21,305.56,1075.41,Seasonal,Online Payment,Delivered,No Returns,196.61
1830,335,P006,C0914,SP04,L06,19,323.43,3259.104,Seasonal,Online Payment,Cancelled,Partially Returned,1.64
1831,336,P001,C0030,SP01,L07,29,336.47,453.8099999999999,Bulk Purchase,Online Payment,Pending,Returned,136.13
1832,336,P001,C1110,SP03,L07,32,19.52,2519.3952,Promotional,Cash,Cancelled,No Returns,228.45
1833,336,P001,C2054,SP05,L02,26,13.52,270.6816000000001,Seasonal,Installment,Pending,Returned,190.55
1834,336,P002,C0682,SP06,L01,35,137.03,226.6992,Bulk Purchase,Cash,Pending,No Returns,474.4
1835,336,P004,C2014,SP01,L09,18,253.39,564.91776,No Discount,Cash,Delivered,Partially Returned,305.21
1836,336,P004,C1192,SP01,L07,47,367.17,1781.976,Promotional,Online Payment,Delivered,No Returns,168.51
1837,336,P005,C0712,SP01,L10,30,26.6,4055.856,Bulk Purchase,Credit Card,Delivered,Partially Returned,450.23
1838,336,P005,C0210,SP03,L05,41,46.83,1063.56432,Bulk Purchase,Cash,Delivered,Returned,308.47
1839,336,P006,C1465,SP01,L10,39,25.97,584.5952,No Discount,Installment,Pending,No Returns,337.08
1840,337,P001,C1002,SP01,L09,14,374.73,4751.1552,Bulk Purchase,Online Payment,Cancelled,No Returns,344.45
1841,337,P001,C0455,SP04,L10,10,438.3,1078.9184,Promotional,Installment,Pending,Partially Returned,380.33
1842,337,P002,C2017,SP02,L02,44,466.25,864.3174399999999,No Discount,Installment,Delivered,No Returns,242.53
1843,337,P003,C0881,SP05,L01,9,446.72,206.0352,Seasonal,Cash,Delivered,Returned,241.13
1844,337,P004,C1707,SP06,L11,38,60.4,2183.088,Seasonal,Credit Card,Cancelled,Returned,56.51
1845,337,P005,C0032,SP03,L03,32,310.59,2288.2824,Seasonal,Cash,Delivered,Partially Returned,396.43
1846,337,P005,C0203,SP05,L04,31,367.66,905.1264,No Discount,Cash,Delivered,Partially Returned,223.47
1847,337,P006,C0235,SP05,L12,39,39.97,1727.4176,Seasonal,Installment,Pending,Returned,348.9
1848,338,P001,C0361,SP03,L01,48,120.53,4046.028,Promotional,Credit Card,Delivered,No Returns,10.82
1849,338,P001,C1464,SP06,L11,1,165.51,2147.904,Seasonal,Cash,Delivered,Partially Returned,281.26
1850,338,P004,C0137,SP02,L11,29,29.72,1786.0224,Seasonal,Cash,Pending,Partially Returned,74.55
1851,338,P004,C0082,SP03,L08,42,443.04,4973.238,Seasonal,Cash,Cancelled,Returned,134.35
1852,338,P005,C0118,SP01,L05,21,419.13,1705.0488,Promotional,Credit Card,Delivered,No Returns,428.56
1853,338,P005,C0317,SP02,L06,39,239.2,4126.751999999999,Promotional,Credit Card,Pending,No Returns,182.42
1854,339,P003,C1625,SP02,L08,41,244.85,1082.862,Seasonal,Cash,Pending,Partially Returned,189.93
1855,339,P005,C1001,SP03,L03,31,127.4,2100.735,Promotional,Credit Card,Cancelled,No Returns,299.26
1856,339,P006,C1086,SP03,L09,29,499.55,3657.94176,No Discount,Cash,Delivered,No Returns,276.04
1857,339,P006,C0600,SP03,L01,27,418.85,854.7839999999999,No Discount,Cash,Pending,Returned,29.24
1858,340,P001,C0135,SP03,L12,35,304.07,1802.4624,Promotional,Credit Card,Delivered,No Returns,354.63
1859,340,P001,C1264,SP04,L11,32,158.27,3918.816,Seasonal,Credit Card,Pending,No Returns,354.78
1860,340,P004,C1938,SP01,L04,36,221.15,2323.241999999999,Promotional,Credit Card,Delivered,Returned,289.02
1861,340,P004,C0218,SP03,L01,15,398.32,1887.0432,Promotional,Installment,Pending,Partially Returned,214.93
1862,341,P001,C0346,SP02,L07,17,123.99,755.6723999999999,Bulk Purchase,Cash,Delivered,No Returns,290.27
1863,341,P002,C0305,SP02,L09,5,462.11,1803.5424,Bulk Purchase,Credit Card,Delivered,Partially Returned,29.7
1864,341,P002,C1582,SP06,L01,46,159.73,3209.64,Bulk Purchase,Credit Card,Delivered,Returned,55.05
1865,341,P003,C0153,SP03,L01,4,333.84,1202.1408,Bulk Purchase,Cash,Pending,Returned,81.05
1866,341,P003,C1278,SP06,L07,16,16.3,1896.2685,Promotional,Credit Card,Cancelled,Returned,126.94
1867,341,P003,C1254,SP06,L01,37,429.74,2767.2624,Seasonal,Cash,Delivered,Partially Returned,168.93
1868,341,P005,C1688,SP02,L11,37,65.32,3826.560000000001,Promotional,Credit Card,Pending,Partially Returned,249.46
1869,341,P005,C2042,SP04,L05,1,122.6,1671.15312,Bulk Purchase,Cash,Cancelled,No Returns,8.71
1870,341,P006,C2062,SP05,L01,26,188.19,1839.5328,No Discount,Installment,Delivered,Partially Returned,418.37
1871,341,P006,C0612,SP05,L07,46,477.58,3236.058,No Discount,Online Payment,Cancelled,Returned,392.53
1872,342,P003,C0660,SP05,L11,25,490.47,2874.9696,Promotional,Cash,Pending,Partially Returned,498.06
1873,342,P004,C1421,SP01,L12,37,214.52,1115.04768,No Discount,Cash,Delivered,Returned,119.92
1874,342,P004,C1259,SP03,L10,18,492.39,689.9423999999999,Promotional,Cash,Pending,Partially Returned,43.88
1875,342,P006,C2083,SP06,L03,38,58.08,642.0384,No Discount,Installment,Delivered,No Returns,488.12
1876,343,P001,C0570,SP05,L11,11,426.24,3046.464,Promotional,Credit Card,Cancelled,No Returns,207.92
1877,343,P001,C1118,SP06,L12,26,238.69,2372.384,No Discount,Online Payment,Cancelled,No Returns,208.47
1878,343,P003,C2150,SP01,L08,12,214.67,2372.085,Seasonal,Credit Card,Cancelled,No Returns,410.6
1879,343,P003,C0853,SP02,L03,36,468.81,5711.2128,Seasonal,Online Payment,Cancelled,Partially Returned,119.39
1880,343,P003,C1982,SP06,L05,6,162.99,925.20064,Promotional,Installment,Delivered,Partially Returned,198.14
1881,343,P004,C1451,SP05,L05,18,374.83,648.02192,Seasonal,Installment,Pending,Returned,414.84
1882,343,P005,C0637,SP04,L11,29,85.59,1988.256,Seasonal,Credit Card,Cancelled,No Returns,492.9
1883,343,P005,C0887,SP05,L03,3,408.1,2428.38,Promotional,Online Payment,Delivered,No Returns,438.65
1884,343,P006,C1844,SP02,L04,17,453.46,1062.4284,Bulk Purchase,Credit Card,Delivered,Returned,120.05
1885,344,P001,C0075,SP03,L09,28,202.15,3384.14208,Promotional,Cash,Cancelled,Returned,258.96
1886,344,P001,C1846,SP03,L02,30,85.3,425.4208,No Discount,Online Payment,Pending,Returned,311.4
1887,344,P003,C1803,SP02,L05,20,219.13,1120.8288,Bulk Purchase,Cash,Cancelled,No Returns,48.12
1888,344,P005,C1728,SP04,L04,18,284.5,640.1376000000001,Bulk Purchase,Installment,Delivered,No Returns,131.05
1889,344,P006,C1403,SP02,L05,4,284.21,88.02976,Bulk Purchase,Installment,Delivered,Returned,105.58
1890,345,P003,C1173,SP01,L03,23,113.04,1261.03392,Promotional,Installment,Cancelled,No Returns,104.04
1891,345,P003,C2071,SP02,L04,26,129.97,2235.384,No Discount,Online Payment,Pending,Partially Returned,229.21
1892,345,P003,C0792,SP05,L06,13,485.27,4382.3232,Promotional,Cash,Delivered,Returned,160.94
1893,345,P004,C0817,SP01,L12,16,420.27,980.60352,Seasonal,Cash,Cancelled,No Returns,150.51
1894,345,P004,C0993,SP06,L08,37,348.57,3433.5225,No Discount,Credit Card,Delivered,Partially Returned,194.02
1895,345,P005,C1447,SP04,L12,29,443.06,988.5024,Promotional,Cash,Pending,Returned,121.87
1896,345,P006,C0119,SP04,L06,16,449.29,4081.92,Seasonal,Online Payment,Pending,Returned,468.38
1897,346,P002,C0751,SP02,L03,16,295.53,753.2092799999999,Bulk Purchase,Installment,Delivered,Partially Returned,356.38
1898,346,P002,C1875,SP03,L06,1,358.4,2982.2976,No Discount,Installment,Pending,Returned,136.1
1899,346,P003,C0363,SP03,L09,5,339.01,4859.852800000001,Seasonal,Online Payment,Cancelled,Partially Returned,387.38
1900,346,P003,C0855,SP03,L07,9,228.83,1852.7985,Bulk Purchase,Credit Card,Delivered,Partially Returned,424.14
1901,346,P005,C0435,SP02,L01,6,476.52,1134.9856,Promotional,Installment,Cancelled,Partially Returned,48.53
1902,346,P006,C1651,SP04,L07,44,295.61,747.3563999999999,Seasonal,Cash,Cancelled,Returned,25.06
1903,346,P006,C0566,SP05,L02,24,379.1,1448.9664,Seasonal,Cash,Pending,No Returns,365.66
1904,347,P001,C0246,SP01,L01,43,99.33,3116.273999999999,Promotional,Credit Card,Cancelled,Returned,17.46
1905,347,P001,C1023,SP05,L01,49,250.93,1327.704,Bulk Purchase,Online Payment,Pending,Partially Returned,285.98
1906,347,P002,C1805,SP03,L02,29,386.58,866.7993600000001,Promotional,Cash,Cancelled,Partially Returned,347.57
1907,347,P003,C0446,SP02,L09,25,289.36,5092.454400000001,Seasonal,Online Payment,Delivered,Partially Returned,486.7
1908,347,P005,C0601,SP04,L01,27,251.45,869.0976,Promotional,Installment,Cancelled,Returned,82.41
1909,347,P006,C0082,SP02,L07,21,68.67,1173.942,Promotional,Online Payment,Pending,Partially Returned,153.74
1910,348,P001,C1501,SP02,L06,8,59.2,1249.6512,Seasonal,Installment,Pending,Partially Returned,335.76
1911,348,P003,C0585,SP03,L07,37,450.08,143.2368,Bulk Purchase,Installment,Pending,Partially Returned,234.32
1912,348,P003,C0883,SP06,L12,8,174.2,1067.19744,Promotional,Installment,Pending,Partially Returned,462.38
1913,348,P003,C0753,SP06,L03,18,350.97,1214.26128,Promotional,Cash,Delivered,Returned,281.5
1914,348,P004,C0617,SP01,L10,42,494.7,6577.984,Bulk Purchase,Online Payment,Delivered,Returned,472.08
1915,348,P005,C0057,SP02,L04,30,98.34,945.3888000000002,Promotional,Installment,Pending,Returned,196.81
1916,348,P005,C1838,SP04,L09,18,378.17,1045.088,Seasonal,Online Payment,Delivered,Partially Returned,371.27
1917,348,P005,C0306,SP04,L12,45,68.77,1434.4192,No Discount,Installment,Delivered,No Returns,381.82
1918,349,P002,C0364,SP05,L07,25,148.04,314.8992,Bulk Purchase,Cash,Pending,Returned,196.64
1919,349,P003,C2127,SP01,L12,18,364.23,2638.7808,Promotional,Online Payment,Pending,No Returns,265.58
1920,349,P003,C2020,SP04,L12,34,475.67,689.94432,Bulk Purchase,Cash,Delivered,Returned,191.11
1921,349,P003,C2020,SP06,L09,4,297.59,3147.5664,Promotional,Credit Card,Pending,Partially Returned,75.18
1922,350,P001,C1824,SP01,L09,12,104.58,5281.056,Bulk Purchase,Online Payment,Pending,Returned,443.68
1923,350,P002,C1097,SP03,L11,6,229.28,1065.1008,Promotional,Cash,Pending,No Returns,445.46
1924,350,P002,C1898,SP06,L01,9,279.46,361.48,Bulk Purchase,Online Payment,Cancelled,No Returns,198.93
1925,350,P004,C0466,SP01,L08,3,164.48,8815.68,Bulk Purchase,Online Payment,Delivered,Partially Returned,146.66
1926,350,P006,C0856,SP02,L06,5,374.87,3199.752,Seasonal,Credit Card,Cancelled,No Returns,259.02
1927,350,P006,C1334,SP05,L12,12,58.21,1661.4304,Bulk Purchase,Online Payment,Pending,Returned,362.26
1928,351,P003,C0580,SP04,L11,25,230.0,2195.072,Seasonal,Installment,Cancelled,Returned,95.52
1929,351,P006,C0458,SP01,L09,21,62.67,629.3760000000001,No Discount,Credit Card,Pending,No Returns,167.73
1930,351,P006,C0397,SP01,L09,26,101.16,4317.2448,Promotional,Credit Card,Cancelled,Returned,38.86
1931,351,P006,C1790,SP03,L11,21,135.46,1657.4208,No Discount,Installment,Cancelled,Partially Returned,401.17
1932,352,P001,C0761,SP04,L10,36,451.72,6672.7584,Promotional,Cash,Delivered,Partially Returned,228.73
1933,352,P003,C1195,SP04,L03,10,136.93,2800.0728,Seasonal,Online Payment,Delivered,Partially Returned,336.4
1934,352,P003,C1113,SP06,L03,1,40.16,1998.27648,Promotional,Installment,Delivered,Partially Returned,22.42
1935,352,P004,C1748,SP02,L06,24,452.34,3248.563200000001,Promotional,Installment,Delivered,Returned,446.76
1936,352,P004,C1976,SP06,L11,32,119.94,379.0336,Promotional,Installment,Delivered,Returned,150.22
1937,352,P006,C0964,SP01,L05,26,204.5,3022.8744,Seasonal,Online Payment,Cancelled,Partially Returned,226.62
1938,353,P001,C0434,SP02,L08,37,453.99,7777.08,No Discount,Online Payment,Delivered,Partially Returned,407.09
1939,353,P004,C1610,SP04,L06,3,280.11,2333.8752,Bulk Purchase,Installment,Cancelled,No Returns,309.56
1940,353,P005,C1933,SP01,L11,24,410.06,477.2864000000001,No Discount,Installment,Delivered,No Returns,252.92
1941,353,P005,C1977,SP03,L09,38,155.09,413.424,Promotional,Credit Card,Delivered,Partially Returned,392.07
1942,353,P005,C0687,SP04,L03,35,32.13,1441.6218,Bulk Purchase,Credit Card,Cancelled,Returned,85.76
1943,353,P006,C1113,SP03,L05,18,223.99,385.5033,Bulk Purchase,Credit Card,Delivered,Returned,63.47
1944,353,P006,C0953,SP04,L12,5,75.34,239.29472,Seasonal,Installment,Cancelled,Partially Returned,322.79
1945,353,P006,C1740,SP05,L04,47,102.49,1938.86784,Seasonal,Cash,Delivered,Partially Returned,197.26
1946,354,P001,C0961,SP01,L05,39,418.12,2169.804,No Discount,Online Payment,Pending,Returned,183.57
1947,354,P002,C1756,SP04,L03,13,305.89,1002.0672,No Discount,Online Payment,Delivered,Partially Returned,134.67
1948,354,P002,C1205,SP06,L03,4,295.36,2151.6192,Bulk Purchase,Cash,Pending,No Returns,295.05
1949,354,P003,C0979,SP05,L03,12,110.18,2950.48656,Seasonal,Cash,Pending,No Returns,233.22
1950,354,P003,C0963,SP05,L07,7,62.23,350.6265,Bulk Purchase,Credit Card,Pending,Partially Returned,107.32
1951,354,P004,C1844,SP06,L02,34,141.63,383.07584,Bulk Purchase,Installment,Cancelled,Returned,151.87
1952,354,P005,C0186,SP04,L04,36,444.95,543.85344,Promotional,Cash,Delivered,Partially Returned,53.31
1953,354,P006,C0950,SP02,L02,35,175.13,1393.35168,No Discount,Installment,Delivered,No Returns,169.79
1954,355,P002,C0863,SP02,L09,45,201.27,3586.387200000001,Bulk Purchase,Online Payment,Delivered,No Returns,315.75
1955,355,P004,C1710,SP02,L08,37,258.06,1108.998,Bulk Purchase,Cash,Pending,Returned,24.26
1956,355,P005,C1956,SP01,L05,5,104.8,1661.19408,Seasonal,Cash,Cancelled,No Returns,19.15
1957,355,P005,C0859,SP04,L02,30,485.39,140.34048,Bulk Purchase,Cash,Pending,Partially Returned,198.82
1958,355,P006,C0234,SP05,L10,44,332.16,4860.911999999999,No Discount,Online Payment,Pending,Partially Returned,103.37
1959,355,P006,C1478,SP05,L11,49,353.08,3798.08,Bulk Purchase,Online Payment,Cancelled,Partially Returned,483.71
1960,356,P001,C1581,SP02,L01,33,210.32,993.9104,Promotional,Installment,Delivered,Partially Returned,410.57
1961,356,P001,C0330,SP04,L01,27,334.48,4514.272,Bulk Purchase,Online Payment,Delivered,Partially Returned,27.38
1962,356,P002,C1822,SP01,L01,33,191.88,2746.072,Bulk Purchase,Online Payment,Cancelled,Returned,53.27
1963,356,P005,C0920,SP05,L04,5,369.09,1987.5024,Seasonal,Online Payment,Cancelled,Partially Returned,251.81
1964,356,P006,C0376,SP05,L11,9,498.71,3737.5872,No Discount,Cash,Pending,No Returns,429.95
1965,356,P006,C0239,SP06,L12,16,243.7,1060.528,No Discount,Online Payment,Cancelled,Partially Returned,400.72
1966,357,P001,C1776,SP01,L08,25,405.52,6220.665,Seasonal,Credit Card,Delivered,Partially Returned,183.89
1967,357,P002,C1345,SP06,L11,3,353.35,4877.248000000001,Bulk Purchase,Online Payment,Delivered,Partially Returned,333.09
1968,357,P004,C1281,SP03,L03,16,392.92,1328.16672,Promotional,Installment,Delivered,No Returns,428.44
1969,357,P006,C1929,SP02,L09,44,225.78,2153.47968,No Discount,Installment,Delivered,Partially Returned,244.89
1970,357,P006,C0207,SP03,L09,5,218.07,1948.58752,Promotional,Installment,Delivered,Returned,55.78
1971,358,P001,C1901,SP06,L11,18,356.65,920.256,Promotional,Cash,Cancelled,No Returns,353.88
1972,358,P003,C0969,SP02,L12,47,292.75,2501.5704,Promotional,Credit Card,Pending,No Returns,73.24
1973,358,P004,C0838,SP06,L09,11,190.45,1262.07488,No Discount,Installment,Pending,Partially Returned,108.69
1974,358,P005,C0379,SP05,L10,25,337.01,7723.044,Promotional,Credit Card,Delivered,No Returns,85.75
1975,358,P006,C0578,SP06,L09,18,196.82,4946.2336,No Discount,Online Payment,Cancelled,Partially Returned,87.6
1976,359,P001,C0540,SP02,L03,6,211.66,2498.688,Seasonal,Installment,Delivered,No Returns,380.81
1977,359,P002,C2132,SP03,L03,38,482.45,3172.919040000001,No Discount,Cash,Delivered,No Returns,137.65
1978,360,P001,C1309,SP02,L07,40,92.51,754.11,Promotional,Online Payment,Delivered,No Returns,166.89
1979,360,P002,C2041,SP02,L10,39,24.78,10166.464,Bulk Purchase,Online Payment,Cancelled,Returned,385.79
1980,360,P002,C0178,SP04,L11,28,28.92,749.7216000000001,Bulk Purchase,Installment,Delivered,No Returns,157.8
1981,360,P003,C1007,SP01,L07,48,295.17,1507.884,Promotional,Installment,Delivered,Partially Returned,296.41
1982,360,P003,C1467,SP06,L06,31,39.22,4586.616,Seasonal,Credit Card,Cancelled,Returned,59.08
1983,360,P005,C1103,SP06,L01,8,265.53,1575.56,Seasonal,Online Payment,Pending,Returned,389.05
1984,361,P001,C1813,SP02,L09,49,214.74,1684.08064,Promotional,Installment,Cancelled,No Returns,434.84
1985,361,P002,C0312,SP03,L06,47,351.64,5487.264,Promotional,Credit Card,Delivered,Partially Returned,28.66
1986,361,P003,C0356,SP04,L09,29,60.18,2775.646720000001,Seasonal,Installment,Delivered,No Returns,372.52
1987,361,P004,C0233,SP05,L02,45,260.3,2163.1232,Promotional,Online Payment,Delivered,No Returns,297.47
1988,361,P005,C0504,SP06,L03,23,267.16,878.445,Seasonal,Credit Card,Delivered,Returned,292.98
1989,362,P001,C0722,SP01,L01,40,294.83,1590.6016,Bulk Purchase,Installment,Pending,Partially Returned,231.08
1990,362,P001,C1507,SP03,L08,35,58.75,1471.95,No Discount,Online Payment,Delivered,Returned,179.32
1991,362,P003,C0761,SP04,L05,35,149.25,1612.9386,No Discount,Credit Card,Cancelled,Partially Returned,456.96
1992,362,P004,C0252,SP01,L01,26,365.97,717.808,Seasonal,Installment,Pending,Partially Returned,446.31
1993,362,P004,C0890,SP02,L01,34,413.56,341.4599999999999,Seasonal,Credit Card,Delivered,Returned,41.8
1994,362,P004,C1073,SP03,L06,22,89.61,971.7696,Seasonal,Cash,Delivered,Partially Returned,367.84
1995,362,P004,C0249,SP06,L12,30,419.51,2087.42592,Promotional,Cash,Pending,Partially Returned,71.87
1996,362,P005,C2065,SP04,L03,16,432.77,1393.4592,No Discount,Credit Card,Delivered,Partially Returned,448.73
1997,363,P001,C1545,SP03,L01,5,351.79,536.928,Bulk Purchase,Installment,Pending,Partially Returned,155.11
1998,363,P002,C1947,SP02,L09,26,361.95,2947.084800000001,Seasonal,Cash,Pending,No Returns,418.59
1999,363,P002,C1462,SP03,L11,28,181.39,1070.208,Promotional,Credit Card,Pending,Partially Returned,137.82
2000,363,P006,C0206,SP02,L04,33,30.2,1778.76,Bulk Purchase,Credit Card,Pending,Returned,117.16
2001,363,P006,C0028,SP02,L03,36,493.3,5036.7096,Promotional,Online Payment,Pending,No Returns,121.58
2002,363,P006,C1930,SP06,L11,32,70.85,1834.5728,Seasonal,Installment,Cancelled,No Returns,111.7
2003,364,P003,C0740,SP03,L03,1,236.75,452.3299200000001,Seasonal,Installment,Cancelled,Partially Returned,386.95
2004,364,P003,C1705,SP03,L10,38,197.6,6506.5056,No Discount,Cash,Pending,Partially Returned,61.44
2005,364,P004,C0138,SP04,L10,17,296.33,7236.655999999999,Seasonal,Online Payment,Cancelled,Returned,265.77
2006,364,P005,C0596,SP01,L06,48,256.05,7809.12,Promotional,Online Payment,Delivered,Returned,490.64
2007,364,P005,C1433,SP02,L01,33,424.89,3846.948,No Discount,Credit Card,Pending,No Returns,482.87
2008,364,P006,C1056,SP05,L03,29,97.46,4174.416000000001,Promotional,Online Payment,Pending,No Returns,318.22
2009,365,P002,C0457,SP04,L11,48,126.1,2790.016,No Discount,Online Payment,Delivered,Partially Returned,149.06
2010,365,P003,C0925,SP02,L12,35,72.24,2999.64864,Promotional,Cash,Cancelled,No Returns,372.4
2011,365,P005,C0214,SP04,L03,46,432.35,2423.727360000001,Promotional,Installment,Cancelled,Returned,383.98
2012,366,P002,C1213,SP04,L08,28,289.48,5121.63,No Discount,Online Payment,Cancelled,Returned,420.37
2013,366,P004,C1204,SP02,L10,14,84.32,6987.791999999999,Seasonal,Online Payment,Delivered,Returned,409.03
2014,366,P004,C0955,SP05,L02,10,114.9,1630.5408,Seasonal,Cash,Delivered,Returned,85.23
2015,366,P004,C1311,SP06,L12,40,107.06,1895.69856,Bulk Purchase,Cash,Cancelled,Partially Returned,63.71
2016,366,P005,C0288,SP06,L06,1,387.0,3631.824,Bulk Purchase,Credit Card,Delivered,No Returns,232.11
2017,367,P004,C1793,SP03,L02,12,377.55,1974.9072,No Discount,Credit Card,Pending,Partially Returned,301.9
2018,367,P004,C1461,SP03,L02,48,178.39,2308.9024,Bulk Purchase,Online Payment,Pending,Partially Returned,300.9
2019,367,P004,C0527,SP04,L08,5,92.58,4164.912,Promotional,Cash,Cancelled,No Returns,106.69
2020,368,P003,C0218,SP05,L10,31,365.62,6876.072,Seasonal,Credit Card,Pending,Partially Returned,370.14
2021,368,P004,C1827,SP03,L02,4,355.35,2025.9456,No Discount,Online Payment,Pending,Partially Returned,307.66
2022,368,P006,C0482,SP01,L01,12,16.15,687.5903999999999,No Discount,Cash,Delivered,No Returns,307.55
2023,368,P006,C1149,SP05,L08,33,383.9,3628.3275,Seasonal,Credit Card,Delivered,Partially Returned,31.92
2024,369,P003,C1103,SP01,L06,23,246.43,4692.528,Seasonal,Credit Card,Delivered,No Returns,449.79
2025,369,P003,C0708,SP05,L06,14,456.67,6487.2,No Discount,Credit Card,Delivered,Returned,110.75
2026,369,P003,C1288,SP06,L06,36,175.06,3931.344,No Discount,Credit Card,Delivered,Returned,260.16
2027,369,P004,C1599,SP01,L01,15,277.57,3535.335999999999,No Discount,Online Payment,Pending,No Returns,65.71
2028,369,P004,C0142,SP04,L03,1,232.91,2963.16144,Bulk Purchase,Cash,Delivered,Partially Returned,5.45
2029,369,P005,C0148,SP02,L07,19,142.86,3012.1875,Seasonal,Credit Card,Cancelled,Returned,88.04
2030,369,P006,C0520,SP01,L01,27,110.44,229.264,Seasonal,Installment,Delivered,Partially Returned,271.63
2031,370,P001,C1325,SP04,L10,15,386.36,1888.656,Bulk Purchase,Online Payment,Cancelled,Returned,271.91
2032,370,P001,C0902,SP04,L10,27,464.54,5253.472,Bulk Purchase,Online Payment,Pending,Partially Returned,24.21
2033,370,P001,C1446,SP05,L06,11,103.56,4728.9024,Bulk Purchase,Cash,Pending,No Returns,376.31
2034,370,P002,C1249,SP05,L02,13,70.42,575.8704,No Discount,Credit Card,Delivered,Returned,31.01
2035,370,P003,C0223,SP03,L02,38,432.77,3362.4192,No Discount,Online Payment,Cancelled,No Returns,313.36
2036,370,P006,C0224,SP04,L09,37,422.97,1104.91392,Seasonal,Installment,Pending,No Returns,141.06
2037,371,P002,C1429,SP06,L10,2,288.24,250.6112,Seasonal,Installment,Delivered,No Returns,382.62
2038,371,P003,C1888,SP06,L07,27,86.4,1921.878,Promotional,Cash,Cancelled,Partially Returned,17.05
2039,371,P004,C1799,SP03,L08,9,314.48,1199.196,No Discount,Installment,Delivered,No Returns,290.09
2040,372,P001,C0504,SP01,L10,13,121.11,5027.455999999999,Bulk Purchase,Online Payment,Delivered,Partially Returned,469.45
2041,372,P001,C2067,SP05,L12,22,93.72,1305.66528,Bulk Purchase,Installment,Pending,Returned,337.91
2042,372,P002,C0496,SP03,L03,10,369.89,2940.0408,Seasonal,Online Payment,Cancelled,Partially Returned,394.48
2043,372,P002,C0878,SP05,L10,36,91.89,724.8191999999999,Bulk Purchase,Cash,Delivered,Partially Returned,297.56
2044,372,P005,C0681,SP06,L05,8,232.05,1678.86264,Promotional,Cash,Cancelled,No Returns,105.06
2045,373,P001,C0928,SP04,L10,12,146.92,5527.132799999999,Bulk Purchase,Cash,Delivered,Partially Returned,206.63
2046,373,P004,C1323,SP01,L09,20,387.91,4072.738560000001,Seasonal,Cash,Pending,No Returns,165.04
2047,373,P005,C0432,SP06,L01,49,186.88,3936.8,Promotional,Online Payment,Delivered,Partially Returned,484.21
2048,374,P001,C1432,SP03,L11,26,65.24,4371.312000000001,Seasonal,Credit Card,Cancelled,Partially Returned,249.18
2049,374,P002,C1867,SP03,L03,37,371.99,1343.61504,Bulk Purchase,Installment,Pending,Returned,238.81
2050,374,P003,C0519,SP02,L10,35,163.45,8130.444,Seasonal,Credit Card,Delivered,No Returns,339.44
2051,374,P003,C1796,SP04,L09,28,113.14,1889.8704,Promotional,Credit Card,Delivered,Returned,420.06
2052,374,P004,C1979,SP06,L09,14,173.06,833.5641600000001,No Discount,Installment,Pending,Returned,157.77
2053,375,P001,C0912,SP05,L07,27,69.88,1355.8104,Bulk Purchase,Cash,Pending,Returned,362.53
2054,375,P002,C0774,SP06,L07,26,17.7,1097.5104,Seasonal,Cash,Delivered,Partially Returned,81.68
2055,375,P002,C0735,SP06,L01,49,144.78,1737.624,Bulk Purchase,Online Payment,Pending,No Returns,398.73
2056,375,P003,C0046,SP03,L04,35,197.17,184.1616,Seasonal,Cash,Pending,Returned,83.91
2057,375,P003,C1344,SP04,L12,47,47.43,2096.16256,Bulk Purchase,Installment,Cancelled,No Returns,115.84
2058,375,P004,C1391,SP06,L03,36,167.5,272.16,Promotional,Cash,Pending,No Returns,217.22
2059,375,P005,C1389,SP01,L12,7,124.3,667.9232,Seasonal,Online Payment,Delivered,Partially Returned,193.25
2060,375,P005,C0583,SP03,L07,49,208.41,2048.508,Seasonal,Cash,Cancelled,Returned,276.43
2061,375,P006,C0063,SP01,L11,46,472.77,6235.584,Promotional,Online Payment,Delivered,Partially Returned,49.21
2062,376,P003,C1876,SP04,L12,13,303.25,3236.256,Promotional,Cash,Cancelled,No Returns,169.26
2063,376,P003,C1722,SP04,L05,10,197.9,498.2359199999999,Bulk Purchase,Cash,Pending,Partially Returned,478.38
2064,376,P003,C0156,SP05,L01,15,362.63,2902.3008,Seasonal,Cash,Cancelled,Partially Returned,176.3
2065,376,P005,C0319,SP03,L01,16,403.97,1692.768,Seasonal,Online Payment,Cancelled,Partially Returned,179.63
2066,376,P005,C1221,SP04,L04,32,12.98,2968.2936,Promotional,Credit Card,Cancelled,No Returns,132.85
2067,376,P006,C1031,SP04,L12,5,284.62,1255.26912,Promotional,Installment,Delivered,Partially Returned,300.89
2068,377,P001,C1090,SP02,L02,22,287.8,697.48224,No Discount,Cash,Pending,No Returns,93.13
2069,377,P001,C1449,SP03,L06,45,216.32,3174.4896,Bulk Purchase,Installment,Pending,No Returns,393.16
2070,377,P003,C1646,SP04,L09,28,25.0,3632.6928,Promotional,Credit Card,Delivered,Returned,439.97
2071,377,P004,C1611,SP02,L03,10,445.07,1313.3664,No Discount,Cash,Delivered,Returned,32.64
2072,377,P004,C0859,SP02,L03,29,145.72,2357.08704,Seasonal,Installment,Cancelled,Returned,195.15
2073,377,P005,C1016,SP06,L01,41,366.9,1932.6944,Bulk Purchase,Installment,Delivered,No Returns,102.06
2074,377,P006,C0101,SP05,L08,42,180.85,4210.919999999999,Promotional,Cash,Cancelled,No Returns,226.66
2075,378,P001,C1505,SP04,L08,9,287.87,1406.952,No Discount,Installment,Delivered,Returned,374.53
2076,378,P002,C1461,SP05,L06,49,388.01,3192.96,No Discount,Installment,Pending,No Returns,129.81
2077,378,P003,C1636,SP02,L09,40,369.13,955.4688,Promotional,Installment,Delivered,Returned,251.84
2078,378,P003,C1913,SP03,L01,35,326.21,2879.072,No Discount,Online Payment,Pending,No Returns,45.24
2079,378,P003,C0299,SP06,L07,37,144.48,171.2928,Bulk Purchase,Installment,Cancelled,No Returns,423.63
2080,379,P001,C0140,SP06,L05,29,323.39,770.4278399999998,Bulk Purchase,Cash,Delivered,No Returns,445.55
2081,379,P002,C1943,SP03,L08,7,125.6,5368.3425,Bulk Purchase,Credit Card,Pending,Returned,490.82
2082,379,P003,C1837,SP04,L11,31,347.84,2732.48,Seasonal,Online Payment,Cancelled,Partially Returned,365.3
2083,379,P004,C0158,SP04,L05,42,337.61,2769.312,Seasonal,Online Payment,Delivered,Returned,292.63
2084,380,P002,C0915,SP03,L10,19,448.7,1331.1648,No Discount,Cash,Cancelled,No Returns,46.19
2085,380,P003,C0726,SP01,L04,17,328.65,3779.0928,Promotional,Online Payment,Cancelled,Partially Returned,392.46
2086,380,P003,C1877,SP04,L05,22,291.52,2058.1288,Bulk Purchase,Online Payment,Cancelled,No Returns,339.88
2087,380,P004,C0771,SP01,L01,2,206.98,644.9856,Bulk Purchase,Cash,Cancelled,Returned,303.95
2088,380,P004,C0223,SP02,L11,9,120.79,2548.992,No Discount,Installment,Cancelled,Returned,247.42
2089,380,P004,C1116,SP04,L09,29,279.4,2650.278400000001,Seasonal,Installment,Pending,Returned,137.61
2090,380,P005,C1081,SP03,L11,8,323.73,385.5872000000001,Seasonal,Installment,Cancelled,Returned,73.74
2091,380,P006,C1268,SP03,L10,9,31.02,2011.2512,Seasonal,Installment,Delivered,Returned,227.86
2092,381,P002,C1901,SP03,L01,45,382.79,3010.56,Promotional,Online Payment,Cancelled,Returned,367.04
2093,381,P003,C1367,SP04,L09,1,38.67,2163.87072,Seasonal,Installment,Pending,Partially Returned,380.36
2094,381,P005,C0996,SP02,L02,23,452.08,2676.54912,No Discount,Cash,Delivered,No Returns,21.06
2095,381,P006,C2026,SP05,L11,6,142.35,1567.744,Bulk Purchase,Online Payment,Pending,Partially Returned,97.64
2096,382,P001,C1235,SP06,L02,2,19.47,3417.388799999999,No Discount,Online Payment,Delivered,Returned,351.51
2097,382,P002,C0350,SP06,L12,34,431.69,3115.61856,Promotional,Cash,Pending,No Returns,47.24
2098,382,P002,C1350,SP06,L11,24,406.22,2521.3696,No Discount,Installment,Pending,Partially Returned,200.32
2099,382,P003,C0376,SP04,L02,27,223.66,2071.328,Bulk Purchase,Online Payment,Delivered,Returned,282.97
2100,382,P004,C0448,SP06,L07,1,146.38,1845.9504,Bulk Purchase,Cash,Pending,No Returns,363.86
2101,383,P003,C2014,SP02,L04,34,277.79,793.0224,No Discount,Cash,Delivered,Partially Returned,413.49
2102,383,P006,C1484,SP05,L02,13,263.63,3562.4512,Promotional,Online Payment,Cancelled,No Returns,457.24
2103,384,P001,C0644,SP06,L07,14,445.83,1916.1765,Seasonal,Credit Card,Pending,Returned,140.88
2104,384,P003,C0640,SP02,L03,30,218.85,1654.9272,No Discount,Cash,Cancelled,Partially Returned,499.04
2105,384,P004,C0046,SP01,L03,15,133.75,2112.11712,Promotional,Installment,Cancelled,Partially Returned,313.4
2106,384,P004,C1579,SP06,L09,20,200.27,2564.446720000001,No Discount,Installment,Cancelled,Partially Returned,88.87
2107,384,P005,C0385,SP05,L08,23,169.05,2015.145,Bulk Purchase,Credit Card,Delivered,Partially Returned,412.05
2108,384,P006,C0662,SP06,L08,11,475.95,4088.745,Promotional,Credit Card,Delivered,Partially Returned,225.44
2109,385,P001,C1859,SP02,L03,18,429.2,2270.280960000001,Seasonal,Installment,Cancelled,Returned,488.51
2110,385,P003,C0481,SP01,L02,40,304.14,1535.9904,No Discount,Credit Card,Delivered,Partially Returned,451.59
2111,385,P003,C0567,SP01,L10,21,371.58,5454.203999999999,No Discount,Credit Card,Delivered,Partially Returned,438.73
2112,385,P003,C0494,SP02,L09,19,147.68,1770.7008,No Discount,Cash,Cancelled,Returned,266.61
2113,385,P003,C0302,SP04,L04,12,58.45,1157.37984,Bulk Purchase,Cash,Pending,Returned,96.71
2114,385,P005,C0129,SP05,L12,8,221.9,1270.28352,Bulk Purchase,Installment,Pending,Partially Returned,421.31
2115,385,P006,C1764,SP03,L08,25,239.86,1028.7,No Discount,Credit Card,Delivered,Returned,140.76
2116,386,P001,C1168,SP04,L11,31,278.03,1422.1568,Seasonal,Installment,Cancelled,Returned,308.87
2117,386,P001,C1308,SP05,L10,39,377.23,3684.7552,Seasonal,Installment,Pending,Partially Returned,74.93
2118,386,P002,C0212,SP04,L01,41,318.24,3318.7728,Bulk Purchase,Cash,Cancelled,No Returns,243.68
2119,386,P003,C0911,SP04,L08,19,436.48,5061.582,Bulk Purchase,Cash,Delivered,Returned,74.75
2120,386,P005,C1546,SP05,L11,14,107.8,2572.2624,Bulk Purchase,Cash,Delivered,Partially Returned,437.65
2121,386,P005,C0740,SP06,L09,45,158.33,1972.69248,Seasonal,Installment,Pending,Returned,188.99
2122,386,P006,C1427,SP04,L06,6,281.29,7074.24,Seasonal,Online Payment,Pending,Partially Returned,208.36
2123,387,P001,C2082,SP02,L01,2,251.04,2897.3952,Bulk Purchase,Cash,Cancelled,Returned,369.49
2124,387,P001,C0827,SP06,L10,13,197.24,5945.923199999999,Seasonal,Cash,Pending,No Returns,177.61
2125,388,P002,C0884,SP04,L02,26,162.49,1010.74176,Bulk Purchase,Cash,Pending,No Returns,449.61
2126,388,P003,C0390,SP01,L02,25,367.8,1661.93664,Promotional,Cash,Delivered,Returned,390.39
2127,388,P003,C1041,SP03,L02,20,213.81,215.2752,Promotional,Credit Card,Delivered,Returned,264.28
2128,388,P003,C0724,SP06,L09,12,318.03,4138.337280000001,Promotional,Cash,Pending,Partially Returned,269.88
2129,388,P005,C0725,SP01,L03,19,206.84,762.4108800000001,Promotional,Installment,Cancelled,No Returns,343.62
2130,388,P005,C1244,SP03,L10,14,403.6,3562.2048,No Discount,Cash,Cancelled,No Returns,359.12
2131,388,P006,C0901,SP02,L01,47,289.21,2114.2016,Promotional,Installment,Cancelled,No Returns,465.37
2132,389,P001,C1976,SP02,L08,47,48.94,5732.5725,Promotional,Credit Card,Cancelled,Returned,421.93
2133,389,P001,C1930,SP02,L11,47,424.22,777.9839999999999,Promotional,Cash,Cancelled,Partially Returned,172.45
2134,390,P001,C1509,SP05,L10,46,61.17,4370.8224,No Discount,Installment,Pending,Returned,150.99
2135,390,P006,C1198,SP01,L08,16,40.82,5834.227500000001,No Discount,Credit Card,Delivered,Returned,393.44
2136,390,P006,C1062,SP05,L08,21,14.34,1097.712,No Discount,Installment,Delivered,No Returns,118.39
2137,390,P006,C1609,SP06,L08,23,113.96,2328.3,Promotional,Online Payment,Cancelled,Returned,220.02
2138,391,P002,C0063,SP01,L02,26,27.95,3077.8048,Seasonal,Online Payment,Delivered,Returned,275.2
2139,391,P002,C0262,SP01,L04,22,183.73,203.24736,No Discount,Installment,Pending,Partially Returned,146.4
2140,391,P002,C2054,SP03,L05,15,268.01,764.42184,Promotional,Cash,Delivered,Returned,280.84
2141,391,P003,C1765,SP02,L02,6,101.7,490.0224,Seasonal,Online Payment,Cancelled,Returned,479.67
2142,391,P003,C1030,SP03,L02,46,91.01,2330.4624,Bulk Purchase,Credit Card,Delivered,No Returns,411.76
2143,391,P003,C1076,SP05,L05,22,343.02,1219.74216,Seasonal,Cash,Pending,Partially Returned,97.55
2144,391,P003,C1591,SP06,L03,30,327.73,3153.654,Promotional,Credit Card,Cancelled,Partially Returned,128.9
2145,391,P004,C1038,SP01,L02,11,121.76,961.5872,No Discount,Installment,Delivered,Partially Returned,26.35
2146,391,P004,C0681,SP06,L04,5,448.22,513.7344,Bulk Purchase,Online Payment,Cancelled,No Returns,367.46
2147,391,P005,C0121,SP01,L07,47,152.81,1313.2896,No Discount,Installment,Delivered,Returned,110.5
2148,391,P005,C1293,SP04,L12,40,461.73,530.20416,Promotional,Cash,Cancelled,No Returns,118.01
2149,391,P006,C0341,SP03,L10,48,120.13,4200.896000000001,Promotional,Installment,Pending,Returned,37.66
2150,392,P001,C1303,SP01,L08,40,35.5,489.4920000000001,Bulk Purchase,Installment,Pending,Returned,407.03
2151,392,P001,C1091,SP06,L05,11,180.3,459.1787200000001,Promotional,Installment,Pending,No Returns,263.64
2152,392,P004,C1946,SP06,L07,34,224.02,582.246,Promotional,Cash,Cancelled,Returned,26.89
2153,393,P001,C0843,SP01,L11,30,33.22,828.7232000000002,No Discount,Installment,Pending,Returned,186.2
2154,393,P001,C1013,SP02,L04,44,184.21,3816.8928,No Discount,Online Payment,Delivered,Partially Returned,341.99
2155,393,P003,C1332,SP06,L05,11,184.11,2136.1977,Seasonal,Credit Card,Pending,No Returns,111.58
2156,393,P005,C0353,SP04,L11,26,259.66,1736.6528,No Discount,Installment,Cancelled,No Returns,437.81
2157,393,P006,C0849,SP03,L01,23,299.77,4599.335999999999,Promotional,Online Payment,Delivered,Returned,171.32
2158,394,P001,C0513,SP05,L10,33,189.34,697.0432,Bulk Purchase,Installment,Cancelled,No Returns,107.83
2159,394,P002,C0669,SP04,L11,1,366.64,2304.768,Bulk Purchase,Installment,Pending,No Returns,218.68
2160,394,P002,C1043,SP05,L11,32,133.95,4004.4,Promotional,Credit Card,Delivered,No Returns,193.1
2161,394,P003,C1214,SP02,L02,38,34.31,973.2576,Promotional,Credit Card,Cancelled,Partially Returned,217.14
2162,395,P001,C2111,SP05,L02,48,344.47,1199.2512,No Discount,Credit Card,Pending,No Returns,303.4
2163,395,P004,C0116,SP01,L05,23,112.69,1634.6148,Bulk Purchase,Online Payment,Delivered,No Returns,343.21
2164,395,P004,C1792,SP05,L12,23,416.31,321.912,Promotional,Credit Card,Cancelled,No Returns,433.05
2165,396,P001,C0293,SP01,L09,30,442.31,5236.9856,No Discount,Online Payment,Delivered,Partially Returned,296.39
2166,396,P005,C1434,SP01,L02,11,256.76,2398.6704,Promotional,Credit Card,Pending,No Returns,38.89
2167,396,P006,C1620,SP06,L11,49,214.56,1658.176,Bulk Purchase,Online Payment,Delivered,Returned,203.28
2168,397,P005,C1325,SP01,L12,2,223.38,3857.6128,Promotional,Online Payment,Cancelled,No Returns,435.12
2169,397,P005,C1352,SP02,L09,21,35.44,1189.39392,Promotional,Installment,Delivered,Returned,429.44
2170,397,P006,C0888,SP03,L09,18,217.01,2535.272960000001,Seasonal,Installment,Pending,Partially Returned,384.49
2171,398,P001,C1097,SP05,L06,1,263.74,2924.928,Bulk Purchase,Installment,Cancelled,Partially Returned,417.97
2172,398,P001,C0182,SP06,L07,9,101.79,1171.8504,Seasonal,Cash,Delivered,Returned,203.8
2173,398,P002,C1239,SP04,L06,12,330.08,4303.871999999999,Promotional,Cash,Cancelled,Returned,232.5
2174,398,P002,C0999,SP06,L09,20,120.29,4428.2304,Bulk Purchase,Credit Card,Cancelled,No Returns,53.37
2175,398,P003,C0617,SP06,L10,17,398.16,5521.8912,Seasonal,Cash,Cancelled,No Returns,182.85
2176,398,P006,C1906,SP01,L12,48,108.7,3743.9304,Bulk Purchase,Credit Card,Cancelled,No Returns,58.97
2177,398,P006,C0466,SP01,L04,26,466.29,2797.8912,Promotional,Online Payment,Pending,Partially Returned,352.04
2178,398,P006,C1348,SP01,L05,9,51.88,2471.5964,Bulk Purchase,Online Payment,Cancelled,No Returns,145.08
2179,399,P001,C0561,SP05,L12,48,215.15,807.3096,Seasonal,Credit Card,Pending,Partially Returned,473.44
2180,399,P003,C0991,SP02,L06,46,16.65,7828.031999999999,No Discount,Online Payment,Delivered,Returned,129.42
2181,399,P006,C2125,SP01,L12,14,397.68,300.8184,Seasonal,Credit Card,Cancelled,Partially Returned,459.38
2182,399,P006,C1964,SP02,L07,23,122.97,306.348,No Discount,Installment,Cancelled,Returned,386.76
2183,399,P006,C1824,SP06,L08,22,376.26,7039.44,Bulk Purchase,Online Payment,Pending,Returned,47.07
2184,400,P002,C0533,SP06,L08,2,84.43,7568.820000000001,Promotional,Online Payment,Cancelled,No Returns,207.05
2185,400,P004,C2101,SP02,L01,25,144.17,2554.902,Seasonal,Credit Card,Pending,Partially Returned,489.22
2186,400,P004,C1489,SP03,L10,14,329.08,3783.7632,Seasonal,Installment,Cancelled,Returned,185.8
2187,400,P005,C0879,SP01,L02,29,51.78,1984.20096,Promotional,Cash,Pending,No Returns,315.12
2188,400,P006,C0855,SP04,L01,5,425.83,1883.364,No Discount,Credit Card,Pending,No Returns,437.89
2189,400,P006,C1601,SP06,L06,5,273.72,3372.192,Promotional,Credit Card,Pending,No Returns,216.24
2190,401,P001,C0267,SP04,L09,29,457.76,2627.91936,No Discount,Cash,Delivered,No Returns,26.75
2191,401,P003,C0323,SP03,L11,17,340.97,966.976,Bulk Purchase,Online Payment,Cancelled,Returned,348.98
2192,401,P003,C0856,SP06,L07,7,428.04,238.6691999999999,No Discount,Cash,Pending,Partially Returned,106.62
2193,401,P004,C1826,SP05,L04,5,292.38,2745.0252,Seasonal,Credit Card,Pending,Returned,435.18
2194,402,P002,C1498,SP02,L01,16,125.95,2339.792,Seasonal,Online Payment,Pending,No Returns,301.22
2195,402,P002,C0239,SP02,L05,38,306.97,1447.7463,No Discount,Credit Card,Cancelled,Returned,4.85
2196,402,P005,C0053,SP01,L02,32,400.73,1593.14176,Bulk Purchase,Installment,Delivered,No Returns,244.65
2197,402,P006,C0572,SP01,L01,16,304.41,2254.098,No Discount,Credit Card,Pending,Partially Returned,119.59
2198,402,P006,C1244,SP03,L03,37,474.98,1736.2512,No Discount,Installment,Pending,No Returns,498.55
2199,402,P006,C0875,SP05,L09,49,125.4,2544.791040000001,Promotional,Installment,Delivered,Partially Returned,124.46
2200,403,P001,C2089,SP01,L06,41,150.63,5184.288,Seasonal,Credit Card,Pending,No Returns,372.61
2201,403,P001,C1570,SP04,L08,44,234.62,3923.532,No Discount,Cash,Cancelled,No Returns,10.97
2202,403,P002,C0192,SP02,L12,1,427.09,3984.936000000001,Promotional,Credit Card,Pending,Partially Returned,476.61
2203,403,P003,C1260,SP05,L07,25,174.39,2519.37,Seasonal,Cash,Pending,Returned,45.48
2204,403,P004,C0744,SP05,L12,20,132.62,3128.6528,Bulk Purchase,Online Payment,Cancelled,No Returns,392.39
2205,403,P004,C1011,SP05,L07,5,240.59,1737.708,Seasonal,Online Payment,Delivered,No Returns,36.75
2206,403,P006,C0012,SP05,L09,40,297.51,694.34112,No Discount,Installment,Delivered,Returned,386.82
2207,404,P001,C0788,SP05,L06,5,341.12,194.304,Promotional,Installment,Cancelled,Returned,0.15
2208,404,P003,C0123,SP05,L02,25,134.04,462.7929599999999,Promotional,Cash,Cancelled,Partially Returned,203.0
2209,404,P004,C1250,SP03,L05,7,259.93,3034.9592,No Discount,Online Payment,Delivered,Partially Returned,346.6
2210,404,P005,C0201,SP01,L02,9,475.09,3591.7056,Promotional,Online Payment,Delivered,No Returns,190.38
2211,405,P002,C0053,SP03,L12,18,202.3,3975.4432,Seasonal,Online Payment,Pending,No Returns,39.15
2212,405,P004,C1911,SP02,L10,18,111.11,6817.888,Seasonal,Online Payment,Delivered,Partially Returned,236.49
2213,405,P004,C1516,SP03,L09,12,138.44,2367.889920000001,No Discount,Installment,Cancelled,No Returns,174.9
2214,405,P004,C0362,SP05,L11,44,238.14,2701.376,Promotional,Online Payment,Pending,Returned,23.45
2215,405,P005,C0723,SP03,L09,24,337.12,5977.312000000001,Bulk Purchase,Online Payment,Delivered,Returned,289.15
2216,406,P001,C1014,SP02,L06,32,456.6,5055.648,Seasonal,Online Payment,Delivered,Partially Returned,62.3
2217,406,P001,C1842,SP03,L12,22,305.44,2709.324,Bulk Purchase,Credit Card,Cancelled,No Returns,384.41
2218,406,P002,C1512,SP01,L06,20,225.86,471.5136000000001,Seasonal,Installment,Cancelled,No Returns,389.44
2219,406,P002,C0339,SP02,L07,13,59.95,1262.8035,Bulk Purchase,Credit Card,Pending,Returned,220.18
2220,406,P003,C1416,SP02,L12,4,89.98,1307.31904,Bulk Purchase,Installment,Pending,Partially Returned,473.89
2221,406,P003,C0355,SP04,L08,5,23.32,2974.266,No Discount,Cash,Delivered,Returned,420.97
2222,406,P003,C0880,SP05,L08,11,322.8,2206.008,No Discount,Cash,Cancelled,No Returns,415.12
2223,406,P003,C0380,SP05,L11,28,420.27,2349.0816,Seasonal,Cash,Pending,Returned,428.67
2224,406,P004,C0106,SP05,L07,46,304.61,1159.2252,Promotional,Cash,Delivered,Partially Returned,10.42
2225,406,P004,C2140,SP06,L07,20,409.56,1684.1664,No Discount,Cash,Cancelled,No Returns,65.95
2226,407,P004,C1325,SP02,L09,4,378.03,2393.26208,Promotional,Installment,Pending,Partially Returned,396.27
2227,407,P005,C1735,SP05,L08,8,71.44,2663.136,Bulk Purchase,Installment,Pending,No Returns,493.78
2228,407,P006,C0549,SP03,L03,1,267.36,3371.829119999999,Seasonal,Cash,Pending,Partially Returned,430.56
2229,407,P006,C1899,SP05,L04,2,361.07,883.0943999999998,Promotional,Cash,Pending,No Returns,96.22
2230,407,P006,C1697,SP06,L10,15,480.28,2578.3296,No Discount,Cash,Delivered,No Returns,135.98
2231,408,P001,C1589,SP06,L07,16,321.37,2214.828,Seasonal,Online Payment,Pending,No Returns,376.1
2232,408,P004,C0907,SP03,L01,46,281.2,2706.424,Bulk Purchase,Online Payment,Cancelled,No Returns,417.62
2233,408,P005,C1558,SP01,L02,17,82.69,2128.7616,No Discount,Online Payment,Cancelled,No Returns,5.36
2234,408,P005,C0252,SP01,L05,23,314.93,1193.75256,Seasonal,Cash,Delivered,Partially Returned,465.42
2235,408,P005,C1811,SP01,L10,21,318.92,6071.116799999999,No Discount,Cash,Pending,Returned,91.58
2236,409,P001,C1983,SP06,L08,33,410.76,4612.410000000001,No Discount,Online Payment,Pending,Partially Returned,109.99
2237,409,P004,C0623,SP03,L04,31,236.44,536.31072,Bulk Purchase,Cash,Cancelled,Returned,60.87
2238,409,P005,C2116,SP04,L04,19,231.69,2304.6768,Promotional,Online Payment,Pending,Returned,217.81
2239,410,P001,C0067,SP05,L01,28,454.9,736.8059999999999,No Discount,Credit Card,Delivered,Partially Returned,296.45
2240,410,P002,C0532,SP05,L08,3,216.86,4756.86,Bulk Purchase,Credit Card,Cancelled,Partially Returned,395.18
2241,410,P004,C0991,SP01,L11,25,184.22,2027.5968,Bulk Purchase,Cash,Delivered,Partially Returned,254.43
2242,410,P004,C1972,SP02,L06,13,108.53,372.5568,Seasonal,Cash,Cancelled,Returned,332.4
2243,410,P004,C1795,SP03,L11,8,434.73,1158.432,Promotional,Credit Card,Cancelled,Partially Returned,80.45
2244,410,P006,C0154,SP02,L12,8,481.75,1591.72224,Promotional,Installment,Pending,Returned,350.06
2245,411,P002,C0697,SP03,L01,48,438.12,2127.552,Promotional,Online Payment,Delivered,Returned,54.51
2246,412,P002,C1836,SP02,L03,15,225.07,911.55456,No Discount,Installment,Pending,Returned,49.16
2247,412,P006,C1316,SP01,L12,11,195.16,490.02432,Seasonal,Cash,Cancelled,Partially Returned,99.92
2248,413,P001,C0493,SP01,L10,3,189.46,9234.512,Seasonal,Online Payment,Delivered,Returned,319.83
2249,413,P001,C1603,SP03,L11,32,294.95,4285.824,Seasonal,Online Payment,Pending,Returned,1.26
2250,413,P002,C2040,SP01,L03,12,34.4,2718.33408,Bulk Purchase,Cash,Cancelled,No Returns,399.89
2251,413,P003,C0619,SP03,L03,4,20.04,1529.59104,Bulk Purchase,Installment,Delivered,No Returns,395.01
2252,413,P003,C2120,SP05,L06,17,190.57,1625.184,Promotional,Online Payment,Delivered,Returned,435.73
2253,413,P003,C1732,SP06,L06,37,84.04,4577.5872,No Discount,Cash,Cancelled,Partially Returned,75.37
2254,413,P004,C0065,SP01,L12,26,42.18,2187.98976,Promotional,Cash,Cancelled,No Returns,386.28
2255,413,P005,C0091,SP05,L08,5,199.61,1184.355,Promotional,Credit Card,Pending,Returned,318.73
2256,413,P005,C0388,SP06,L10,39,64.14,2737.14,Bulk Purchase,Credit Card,Pending,No Returns,387.51
2257,413,P006,C1895,SP04,L12,38,497.18,749.06624,Seasonal,Installment,Pending,Partially Returned,295.47
2258,413,P006,C1825,SP04,L11,30,11.56,547.248,Promotional,Credit Card,Pending,Returned,73.6
2259,414,P001,C1277,SP06,L05,17,106.13,952.4969999999998,No Discount,Credit Card,Cancelled,No Returns,490.71
2260,414,P003,C1905,SP01,L03,5,287.71,3723.084,Promotional,Online Payment,Cancelled,Returned,192.22
2261,414,P003,C0333,SP06,L03,6,479.46,1845.29664,Promotional,Installment,Delivered,Partially Returned,173.46
2262,414,P004,C2073,SP03,L09,7,285.31,2997.6144,Promotional,Credit Card,Cancelled,No Returns,440.24
2263,414,P004,C0440,SP03,L02,37,184.1,3183.0848,Promotional,Online Payment,Delivered,Returned,113.78
2264,414,P004,C1637,SP06,L04,3,448.83,948.9312,Bulk Purchase,Cash,Cancelled,No Returns,277.75
2265,414,P006,C1679,SP02,L05,9,171.27,2246.0802,Promotional,Credit Card,Delivered,No Returns,160.24
2266,414,P006,C1963,SP04,L11,6,324.38,528.3072000000001,No Discount,Installment,Pending,Returned,254.14
2267,414,P006,C0951,SP04,L10,22,194.43,4278.288,Bulk Purchase,Cash,Delivered,Returned,484.76
2268,415,P002,C1291,SP02,L06,35,395.55,6008.544,No Discount,Online Payment,Cancelled,Partially Returned,63.98
2269,415,P002,C1648,SP03,L01,21,36.13,3359.529599999999,No Discount,Cash,Delivered,Partially Returned,360.91
2270,415,P002,C1623,SP04,L12,43,296.42,3684.24,Seasonal,Credit Card,Cancelled,Returned,362.29
2271,415,P003,C0258,SP03,L01,8,464.54,549.2927999999999,Bulk Purchase,Cash,Pending,No Returns,403.18
2272,415,P004,C1962,SP04,L03,19,490.67,743.2300800000002,No Discount,Installment,Delivered,Returned,366.23
2273,415,P004,C1725,SP06,L02,6,151.96,1492.68224,Promotional,Installment,Delivered,Returned,22.25
2274,415,P005,C1989,SP02,L03,5,489.68,251.3592,Bulk Purchase,Credit Card,Cancelled,No Returns,132.64
2275,416,P002,C0601,SP04,L11,20,316.63,3512.6784,Bulk Purchase,Cash,Pending,Returned,73.87
2276,416,P003,C0632,SP03,L06,48,210.98,2789.049599999999,Seasonal,Cash,Delivered,No Returns,14.1
2277,416,P004,C1785,SP06,L08,17,176.2,4504.626,Seasonal,Cash,Cancelled,Returned,425.74
2278,416,P006,C0132,SP01,L07,5,152.96,1354.7184,No Discount,Installment,Delivered,No Returns,467.42
2279,416,P006,C0436,SP02,L09,3,192.34,5211.993600000001,Seasonal,Online Payment,Delivered,No Returns,46.55
2280,416,P006,C1559,SP02,L11,1,315.35,2220.672,Seasonal,Credit Card,Cancelled,No Returns,64.01
2281,417,P001,C0869,SP05,L05,34,143.2,2967.8012,Seasonal,Online Payment,Pending,Partially Returned,398.2
2282,417,P001,C1959,SP05,L10,44,467.78,2585.4976,Seasonal,Installment,Delivered,Returned,415.42
2283,417,P002,C1493,SP03,L03,41,257.58,436.6224,Bulk Purchase,Cash,Delivered,Returned,41.67
2284,417,P002,C1445,SP03,L07,10,143.56,1163.148,No Discount,Installment,Pending,No Returns,26.59
2285,417,P004,C1928,SP05,L07,5,439.26,2609.544,Bulk Purchase,Online Payment,Pending,Returned,432.2
2286,417,P004,C1686,SP05,L10,25,184.55,1113.168,Seasonal,Credit Card,Pending,Partially Returned,34.85
2287,417,P006,C1167,SP01,L03,37,240.21,4242.3912,Bulk Purchase,Credit Card,Pending,Partially Returned,337.23
2288,417,P006,C0862,SP03,L04,41,235.66,1243.3824,Seasonal,Online Payment,Cancelled,Partially Returned,1.36
2289,418,P001,C1817,SP02,L11,15,215.12,500.8,Seasonal,Online Payment,Pending,Returned,38.78
2290,418,P001,C1322,SP04,L06,33,286.77,3656.9856,Promotional,Installment,Pending,No Returns,305.5
2291,418,P003,C0747,SP02,L02,17,432.58,267.9398400000001,Promotional,Installment,Cancelled,Partially Returned,490.26
2292,418,P003,C0207,SP05,L10,4,19.62,8471.903999999999,Seasonal,Online Payment,Pending,Returned,485.24
2293,418,P004,C0478,SP06,L05,37,81.1,260.6604,Seasonal,Cash,Delivered,Returned,5.09
2294,418,P005,C0557,SP06,L07,35,133.48,2295.0144,No Discount,Cash,Pending,Partially Returned,307.65
2295,418,P006,C1027,SP04,L01,16,347.33,1458.8896,Seasonal,Installment,Cancelled,Returned,43.2
2296,419,P002,C1119,SP05,L05,26,279.52,1560.73008,Bulk Purchase,Cash,Pending,Partially Returned,252.92
2297,419,P003,C0328,SP02,L03,43,244.98,962.46144,Seasonal,Installment,Pending,Returned,1.25
2298,419,P003,C0337,SP03,L06,11,74.27,8103.744,No Discount,Online Payment,Delivered,Returned,487.31
2299,419,P005,C1377,SP01,L04,10,153.47,827.4528000000001,Bulk Purchase,Installment,Pending,Returned,204.62
2300,419,P005,C1383,SP02,L01,35,200.13,3048.808,Seasonal,Online Payment,Pending,No Returns,179.22
2301,419,P005,C0106,SP05,L02,44,306.77,2232.57216,Seasonal,Cash,Pending,Partially Returned,137.59
2302,419,P006,C1479,SP05,L08,13,455.87,3036.744,Bulk Purchase,Installment,Pending,Partially Returned,93.03
2303,420,P001,C1143,SP03,L10,29,281.32,2731.9936,Seasonal,Installment,Delivered,No Returns,484.38
2304,420,P001,C0646,SP06,L04,49,104.47,925.18848,Seasonal,Cash,Cancelled,Partially Returned,408.65
2305,420,P002,C1337,SP04,L04,41,224.32,1814.5728,Bulk Purchase,Online Payment,Cancelled,Returned,431.02
2306,420,P002,C2094,SP04,L06,49,451.01,3419.04,Bulk Purchase,Online Payment,Delivered,Partially Returned,376.33
2307,420,P003,C0517,SP01,L02,19,175.09,705.5103999999999,Promotional,Online Payment,Delivered,Partially Returned,152.55
2308,420,P005,C1942,SP04,L07,15,451.72,857.7324,Promotional,Cash,Pending,Partially Returned,356.95
2309,421,P001,C1822,SP03,L03,48,499.82,4207.8852,No Discount,Credit Card,Delivered,Partially Returned,136.27
2310,421,P005,C0796,SP04,L08,8,351.38,846.72,Seasonal,Online Payment,Delivered,No Returns,70.08
2311,421,P006,C1045,SP01,L11,9,301.33,611.328,Seasonal,Online Payment,Pending,Returned,256.0
2312,422,P001,C0172,SP04,L12,37,38.14,2441.83104,No Discount,Cash,Delivered,No Returns,183.49
2313,422,P002,C0723,SP02,L04,40,305.01,1027.8576,Promotional,Online Payment,Cancelled,No Returns,356.76
2314,422,P002,C1057,SP05,L10,10,413.16,4393.871999999999,No Discount,Cash,Cancelled,No Returns,282.65
2315,422,P004,C1407,SP02,L04,42,361.96,2106.82944,Bulk Purchase,Cash,Pending,Partially Returned,340.14
2316,422,P005,C0465,SP05,L09,29,39.22,6009.836800000001,Bulk Purchase,Online Payment,Cancelled,No Returns,32.27
2317,423,P001,C0112,SP05,L07,28,448.18,1954.302,No Discount,Online Payment,Delivered,Partially Returned,182.73
2318,423,P002,C2130,SP02,L03,19,462.68,168.24672,No Discount,Installment,Pending,Returned,295.76
2319,423,P003,C1925,SP01,L05,42,398.65,244.91376,Promotional,Installment,Pending,Returned,0.5
2320,423,P003,C1385,SP05,L02,12,171.34,1328.83968,Promotional,Cash,Cancelled,Partially Returned,393.69
2321,423,P004,C1490,SP01,L04,34,255.42,3971.5056,Seasonal,Online Payment,Cancelled,Partially Returned,475.78
2322,423,P006,C0217,SP04,L05,42,208.2,3309.4152,Seasonal,Online Payment,Pending,Partially Returned,204.73
2323,424,P001,C0229,SP01,L12,43,123.77,959.82,Promotional,Credit Card,Delivered,No Returns,214.58
2324,424,P003,C0744,SP03,L01,37,40.55,5144.888,Bulk Purchase,Online Payment,Cancelled,No Returns,11.41
2325,424,P005,C0582,SP06,L06,19,353.3,5028.983999999999,No Discount,Credit Card,Cancelled,Returned,396.62
2326,425,P001,C0459,SP02,L07,25,91.45,584.4384,Bulk Purchase,Cash,Pending,No Returns,445.02
2327,425,P001,C1200,SP04,L08,6,222.77,2498.940000000001,Seasonal,Online Payment,Delivered,Returned,422.88
2328,425,P003,C1837,SP02,L04,10,28.03,344.2824000000001,Bulk Purchase,Credit Card,Cancelled,Partially Returned,13.75
2329,426,P001,C0408,SP04,L12,11,302.96,401.55904,Seasonal,Installment,Cancelled,No Returns,57.97
2330,426,P002,C0316,SP03,L04,28,269.86,957.3228,Seasonal,Credit Card,Pending,No Returns,173.83
2331,426,P003,C1811,SP02,L07,35,244.27,397.6559999999999,Seasonal,Cash,Cancelled,No Returns,220.44
2332,426,P006,C0973,SP01,L09,19,218.07,3092.3376,Bulk Purchase,Credit Card,Cancelled,No Returns,379.89
2333,427,P001,C0655,SP01,L04,29,166.25,990.28224,Seasonal,Installment,Cancelled,No Returns,139.87
2334,427,P001,C0690,SP01,L04,45,207.11,1608.1632,Promotional,Installment,Cancelled,No Returns,374.29
2335,427,P004,C0801,SP04,L12,30,178.24,3525.079200000001,Seasonal,Credit Card,Cancelled,Partially Returned,340.55
2336,428,P002,C0515,SP05,L04,5,96.15,174.1824,Seasonal,Credit Card,Delivered,No Returns,79.58
2337,428,P002,C1845,SP05,L04,7,431.64,3305.5344,Bulk Purchase,Online Payment,Delivered,Returned,152.83
2338,428,P005,C0353,SP04,L10,47,257.78,10896.928,Promotional,Online Payment,Delivered,No Returns,454.61
2339,429,P002,C1143,SP01,L08,42,429.66,3421.476,Promotional,Installment,Pending,Returned,354.14
2340,429,P004,C0542,SP02,L11,43,191.11,3816.912,Promotional,Credit Card,Delivered,Returned,313.61
2341,429,P004,C1786,SP03,L07,10,304.09,1877.3496,Seasonal,Cash,Pending,No Returns,151.94
2342,429,P006,C1434,SP03,L06,13,464.0,1073.3568,Seasonal,Installment,Pending,Returned,369.44
2343,430,P001,C1389,SP02,L04,29,197.04,394.89984,Promotional,Installment,Delivered,Returned,98.01
2344,430,P002,C1775,SP03,L10,45,348.29,4618.208,Bulk Purchase,Online Payment,Cancelled,Returned,334.4
2345,430,P006,C1926,SP01,L03,16,482.47,1997.03232,Bulk Purchase,Cash,Cancelled,Partially Returned,419.89
2346,430,P006,C0528,SP06,L02,11,277.75,1821.6128,Promotional,Online Payment,Cancelled,Returned,188.51
2347,431,P001,C1647,SP05,L10,24,444.36,522.2112,Promotional,Cash,Pending,Partially Returned,269.5
2348,431,P001,C0895,SP06,L08,36,94.5,5776.4475,Promotional,Credit Card,Cancelled,Partially Returned,409.12
2349,431,P001,C1681,SP06,L11,20,58.94,3246.672,Bulk Purchase,Credit Card,Pending,Partially Returned,4.94
2350,431,P003,C1638,SP02,L04,10,19.95,2035.00512,Promotional,Cash,Cancelled,Returned,243.98
2351,431,P003,C2149,SP05,L08,41,463.44,1191.564,No Discount,Cash,Cancelled,Returned,226.47
2352,431,P003,C0065,SP06,L10,20,374.38,3091.2896,Seasonal,Installment,Delivered,Returned,441.17
2353,431,P005,C1027,SP04,L06,31,15.91,1325.16,Seasonal,Credit Card,Pending,No Returns,398.71
2354,431,P006,C0022,SP01,L01,32,379.07,780.2815999999999,Promotional,Installment,Pending,Returned,479.62
2355,431,P006,C0987,SP02,L12,28,222.44,2799.9816,Promotional,Credit Card,Cancelled,No Returns,189.9
2356,432,P001,C1116,SP06,L12,37,44.14,2429.91744,Bulk Purchase,Cash,Cancelled,Returned,370.98
2357,432,P004,C1255,SP05,L02,14,120.17,577.79456,Bulk Purchase,Installment,Delivered,Returned,496.78
2358,432,P005,C0847,SP02,L09,38,221.41,3583.9584,No Discount,Credit Card,Delivered,No Returns,92.25
2359,432,P005,C1304,SP05,L06,26,259.65,668.0831999999999,Promotional,Installment,Pending,No Returns,459.34
2360,432,P006,C0867,SP06,L05,4,391.58,1183.2912,Promotional,Credit Card,Delivered,No Returns,213.57
2361,433,P003,C0624,SP02,L08,10,56.81,1348.218,No Discount,Cash,Pending,Partially Returned,261.09
2362,433,P003,C1599,SP05,L02,13,198.22,1618.60608,Promotional,Installment,Delivered,No Returns,148.49
2363,433,P004,C1447,SP03,L11,41,78.76,1978.56,No Discount,Online Payment,Cancelled,Partially Returned,22.69
2364,433,P004,C1375,SP03,L06,43,365.67,4707.936,Seasonal,Cash,Pending,Partially Returned,188.36
2365,433,P004,C1072,SP05,L03,16,460.58,4397.392800000001,Promotional,Online Payment,Pending,No Returns,399.01
2366,433,P006,C0288,SP06,L08,22,495.02,4863.1725,Seasonal,Credit Card,Delivered,Partially Returned,393.74
2367,434,P003,C1845,SP05,L09,26,138.61,722.8848000000002,No Discount,Credit Card,Delivered,No Returns,372.61
2368,434,P004,C1944,SP05,L04,39,113.62,466.2748799999999,No Discount,Cash,Delivered,No Returns,56.94
2369,434,P005,C1131,SP04,L05,2,25.99,608.7390399999999,Seasonal,Installment,Cancelled,Returned,87.66
2370,434,P006,C0227,SP01,L05,22,293.56,435.162,Bulk Purchase,Credit Card,Cancelled,Partially Returned,192.09
2371,434,P006,C1395,SP05,L01,8,312.02,3378.367999999999,Seasonal,Online Payment,Delivered,No Returns,276.08
2372,435,P001,C0355,SP06,L11,45,311.97,301.5168,Promotional,Cash,Pending,Partially Returned,411.48
2373,435,P004,C0265,SP03,L01,22,420.46,3321.079999999999,Seasonal,Online Payment,Pending,Returned,461.46
2374,435,P005,C0909,SP06,L09,49,238.4,763.9948800000002,Seasonal,Cash,Cancelled,Returned,47.55
2375,435,P006,C0922,SP02,L12,42,48.24,5241.6032,No Discount,Online Payment,Cancelled,No Returns,185.36
2376,436,P002,C1791,SP05,L11,4,85.64,4206.912,Bulk Purchase,Credit Card,Cancelled,Partially Returned,299.02
2377,436,P004,C2145,SP03,L09,4,180.4,661.2144000000001,No Discount,Credit Card,Delivered,Partially Returned,361.87
2378,437,P001,C1934,SP05,L07,45,397.09,3955.644,Promotional,Online Payment,Cancelled,Partially Returned,267.83
2379,437,P003,C0033,SP01,L08,1,169.36,4348.673999999999,Seasonal,Cash,Pending,Returned,303.34
2380,437,P003,C1331,SP03,L08,39,274.0,1030.374,Seasonal,Cash,Pending,Partially Returned,213.42
2381,437,P003,C0455,SP06,L04,15,290.08,2986.3728,Bulk Purchase,Credit Card,Pending,No Returns,204.61
2382,437,P003,C0079,SP06,L11,33,350.05,1646.8992,Seasonal,Cash,Delivered,No Returns,445.07
2383,437,P004,C1169,SP02,L02,41,102.93,2802.0048,Seasonal,Credit Card,Pending,No Returns,147.61
2384,437,P004,C1020,SP04,L04,33,225.59,505.59552,Promotional,Installment,Cancelled,Partially Returned,75.48
2385,437,P006,C1021,SP04,L09,37,304.91,3879.163200000001,Promotional,Credit Card,Delivered,Returned,55.3
2386,437,P006,C1840,SP06,L07,41,369.51,1235.9928,Bulk Purchase,Installment,Delivered,Partially Returned,46.75
2387,438,P002,C1954,SP02,L05,45,146.56,1752.1686,Seasonal,Credit Card,Cancelled,No Returns,185.13
2388,438,P002,C1864,SP03,L09,4,195.86,1567.49824,Seasonal,Installment,Pending,No Returns,427.21
2389,438,P003,C1686,SP05,L10,9,78.89,873.9359999999999,Bulk Purchase,Cash,Delivered,Returned,344.84
2390,438,P006,C0771,SP01,L09,19,469.79,1094.4384,No Discount,Installment,Delivered,Returned,106.6
2391,439,P003,C0785,SP04,L12,27,225.66,1173.50592,Seasonal,Cash,Delivered,Returned,144.64
2392,439,P004,C1678,SP03,L08,22,173.47,3401.244,Promotional,Cash,Pending,Partially Returned,389.57
2393,439,P004,C0113,SP06,L07,26,252.01,1746.6876,Promotional,Cash,Delivered,Returned,485.91
2394,440,P003,C1648,SP01,L07,47,484.99,280.7616,Promotional,Installment,Cancelled,Returned,80.99
2395,440,P003,C1726,SP06,L03,25,20.96,1296.80352,Bulk Purchase,Installment,Pending,Partially Returned,250.33
2396,440,P005,C0136,SP03,L08,25,138.56,639.252,Bulk Purchase,Cash,Cancelled,Returned,187.0
2397,441,P001,C0865,SP02,L04,32,136.79,1762.9164,Bulk Purchase,Credit Card,Delivered,Returned,139.67
2398,441,P001,C0171,SP05,L05,37,432.22,1826.006,Bulk Purchase,Online Payment,Cancelled,Partially Returned,276.85
2399,441,P004,C1899,SP04,L10,49,446.87,7030.968,Promotional,Credit Card,Cancelled,No Returns,39.58
2400,441,P004,C0785,SP06,L01,24,448.05,1569.7024,Seasonal,Installment,Delivered,Partially Returned,208.45
2401,441,P005,C0811,SP02,L04,19,102.71,1678.4496,Promotional,Credit Card,Delivered,Partially Returned,60.63
2402,441,P006,C0793,SP05,L03,39,139.93,4877.496000000001,Promotional,Online Payment,Delivered,No Returns,428.35
2403,442,P001,C0513,SP04,L03,23,330.24,2288.2176,Seasonal,Online Payment,Pending,No Returns,130.09
2404,442,P005,C1723,SP05,L09,5,422.8,4572.339200000001,Seasonal,Online Payment,Delivered,Returned,447.85
2405,442,P005,C1235,SP06,L07,27,439.96,2533.146,No Discount,Online Payment,Pending,Returned,52.47
2406,443,P003,C1053,SP03,L11,26,133.75,2614.3872,No Discount,Cash,Pending,Returned,187.37
2407,443,P004,C1835,SP01,L09,35,472.69,875.7056000000001,No Discount,Online Payment,Delivered,No Returns,180.05
2408,443,P004,C0836,SP01,L05,4,53.33,1388.17224,Promotional,Cash,Delivered,No Returns,65.52
2409,443,P006,C1529,SP04,L03,32,277.17,4863.240000000001,Bulk Purchase,Online Payment,Pending,No Returns,39.65
2410,444,P001,C0749,SP05,L12,28,433.6,2977.0128,Seasonal,Credit Card,Cancelled,No Returns,368.74
2411,444,P005,C1286,SP01,L06,16,324.95,682.656,Bulk Purchase,Online Payment,Cancelled,Partially Returned,304.53
2412,445,P003,C0953,SP06,L09,38,261.56,4175.3536,Promotional,Online Payment,Pending,No Returns,245.82
2413,445,P004,C1859,SP05,L12,42,245.7,332.24256,Promotional,Cash,Cancelled,Returned,104.35
2414,445,P005,C0415,SP02,L11,9,203.48,1845.216,No Discount,Credit Card,Delivered,No Returns,171.14
2415,445,P006,C1164,SP02,L08,30,168.65,7258.41,Promotional,Online Payment,Cancelled,Partially Returned,20.42
2416,445,P006,C0062,SP05,L02,47,183.36,1720.1856,Promotional,Online Payment,Cancelled,Partially Returned,468.87
2417,446,P001,C0721,SP02,L03,42,157.19,1078.1424,Bulk Purchase,Cash,Delivered,Returned,167.21
2418,446,P001,C1153,SP06,L06,19,196.92,6257.52,Seasonal,Credit Card,Delivered,Returned,442.93
2419,446,P002,C1373,SP01,L11,23,351.31,1038.912,Promotional,Online Payment,Cancelled,Partially Returned,350.89
2420,446,P002,C0564,SP04,L11,10,325.81,2327.6288,No Discount,Installment,Cancelled,Partially Returned,207.01
2421,446,P003,C1409,SP03,L02,45,50.32,613.2672,Bulk Purchase,Cash,Pending,Returned,286.21
2422,446,P005,C0046,SP03,L06,27,164.63,3371.112,Seasonal,Credit Card,Cancelled,No Returns,158.04
2423,447,P001,C0422,SP04,L03,8,286.64,2068.9506,Bulk Purchase,Credit Card,Delivered,Partially Returned,467.31
2424,447,P003,C1370,SP01,L01,18,186.77,1471.288,No Discount,Online Payment,Cancelled,Returned,346.12
2425,447,P005,C2121,SP01,L11,43,94.88,3457.2288,Bulk Purchase,Cash,Delivered,Returned,433.64
2426,447,P005,C1261,SP04,L03,20,201.18,1631.76768,No Discount,Installment,Pending,Returned,294.16
2427,448,P001,C0618,SP05,L09,21,383.13,3179.109120000001,No Discount,Cash,Pending,No Returns,183.81
2428,448,P002,C0305,SP01,L06,46,350.17,1393.0368,Promotional,Installment,Cancelled,Returned,236.58
2429,448,P003,C1054,SP01,L09,8,260.42,1410.47808,Seasonal,Cash,Delivered,Returned,330.06
2430,448,P004,C0272,SP05,L04,13,476.84,527.33376,No Discount,Installment,Pending,No Returns,464.21
2431,448,P005,C0091,SP06,L03,6,59.27,1687.2624,Promotional,Online Payment,Pending,No Returns,52.38
2432,449,P001,C0490,SP01,L09,12,208.14,2295.575040000001,Promotional,Installment,Cancelled,Partially Returned,393.11
2433,449,P002,C0830,SP01,L02,34,312.2,1041.16992,Bulk Purchase,Installment,Pending,Partially Returned,192.16
2434,449,P002,C0802,SP05,L03,1,364.81,4609.710000000001,Bulk Purchase,Credit Card,Pending,No Returns,244.45
2435,449,P003,C2043,SP02,L03,41,167.73,5873.2776,Bulk Purchase,Online Payment,Delivered,Partially Returned,77.53
2436,449,P004,C1511,SP05,L08,34,261.02,816.6419999999999,Promotional,Cash,Delivered,Partially Returned,427.81
2437,449,P005,C0032,SP02,L09,41,101.4,1209.66912,Promotional,Cash,Cancelled,No Returns,159.26
2438,449,P005,C1655,SP06,L11,44,377.67,1059.216,No Discount,Credit Card,Delivered,Partially Returned,293.86
2439,450,P001,C0914,SP03,L08,44,23.33,3488.562,Seasonal,Cash,Cancelled,Partially Returned,262.93
2440,450,P001,C0234,SP05,L07,4,334.9,366.6936,Seasonal,Installment,Delivered,No Returns,234.15
2441,450,P003,C1262,SP03,L04,20,141.32,1522.6272,Bulk Purchase,Installment,Delivered,No Returns,473.95
2442,450,P003,C1068,SP06,L09,47,56.94,3287.0112,Seasonal,Credit Card,Cancelled,No Returns,7.22
2443,450,P004,C0839,SP02,L06,48,273.13,606.3744,Seasonal,Installment,Delivered,Partially Returned,69.78
2444,450,P005,C0689,SP04,L10,26,220.37,2614.668,Seasonal,Credit Card,Pending,Returned,80.28
2445,450,P006,C1975,SP03,L04,5,418.06,1901.5344,Bulk Purchase,Online Payment,Delivered,Partially Returned,146.87
2446,451,P001,C1259,SP04,L01,38,405.22,4052.748,Seasonal,Credit Card,Cancelled,Returned,343.93
2447,451,P002,C0512,SP06,L03,18,415.23,1616.6304,No Discount,Cash,Pending,No Returns,348.71
2448,451,P003,C0344,SP05,L10,27,66.09,2496.3904,Bulk Purchase,Installment,Pending,Partially Returned,297.99
2449,451,P004,C0542,SP03,L08,30,397.69,1887.156,No Discount,Installment,Cancelled,No Returns,337.25
2450,451,P004,C1681,SP05,L12,11,498.61,308.46976,Bulk Purchase,Installment,Delivered,No Returns,384.56
2451,451,P004,C1306,SP05,L12,18,87.61,4278.016,Bulk Purchase,Online Payment,Cancelled,No Returns,185.77
2452,451,P005,C1189,SP03,L12,23,327.19,1899.09312,Promotional,Cash,Delivered,Returned,190.76
2453,451,P005,C1076,SP03,L02,47,225.92,1053.48096,Seasonal,Cash,Cancelled,Partially Returned,289.1
2454,451,P006,C0871,SP05,L06,37,191.77,7728.575999999999,Promotional,Online Payment,Pending,No Returns,378.03
2455,452,P002,C0339,SP01,L04,4,245.56,1190.55744,No Discount,Cash,Pending,No Returns,112.15
2456,452,P002,C1370,SP03,L01,9,331.67,1517.6,No Discount,Online Payment,Cancelled,No Returns,405.56
2457,452,P002,C0359,SP06,L07,18,465.77,1221.906,Seasonal,Online Payment,Pending,Returned,479.28
2458,452,P004,C1105,SP01,L06,32,405.96,713.5104,No Discount,Installment,Cancelled,No Returns,13.64
2459,452,P004,C1088,SP06,L11,34,356.66,2974.4,Seasonal,Online Payment,Pending,Partially Returned,298.36
2460,452,P005,C2121,SP04,L11,32,491.09,1135.5904,Promotional,Installment,Pending,Returned,440.46
2461,453,P001,C1346,SP01,L09,46,281.19,3250.748160000001,Promotional,Cash,Cancelled,No Returns,300.31
2462,453,P001,C0160,SP03,L09,17,252.66,1185.00096,Bulk Purchase,Installment,Delivered,Returned,310.28
2463,453,P002,C1773,SP02,L10,37,214.82,1169.728,Seasonal,Online Payment,Pending,Returned,332.93
2464,453,P002,C0435,SP04,L10,42,254.64,4278.54,Bulk Purchase,Credit Card,Cancelled,No Returns,201.45
2465,453,P003,C0133,SP04,L08,27,495.98,635.9040000000001,Seasonal,Cash,Cancelled,Returned,496.59
2466,453,P003,C1368,SP05,L03,28,346.57,1926.85392,No Discount,Cash,Cancelled,No Returns,70.14
2467,453,P003,C1316,SP05,L11,31,445.73,1873.8688,Bulk Purchase,Installment,Cancelled,Partially Returned,417.92
2468,453,P003,C0755,SP06,L02,1,168.02,3113.9808,No Discount,Credit Card,Pending,Partially Returned,468.34
2469,453,P004,C0018,SP03,L11,45,54.85,3387.168,Bulk Purchase,Credit Card,Delivered,No Returns,249.08
2470,453,P004,C0899,SP06,L11,5,144.62,343.1424,No Discount,Cash,Cancelled,Partially Returned,325.58
2471,453,P005,C0388,SP05,L05,7,218.96,168.95424,Seasonal,Cash,Delivered,Partially Returned,97.85
2472,453,P006,C0634,SP05,L06,18,184.18,4661.4528,No Discount,Cash,Pending,No Returns,35.81
2473,454,P001,C0066,SP06,L10,28,432.53,6289.9872,Bulk Purchase,Cash,Cancelled,No Returns,349.37
2474,454,P002,C0858,SP04,L03,23,240.5,2567.67408,Bulk Purchase,Cash,Cancelled,No Returns,47.39
2475,454,P004,C0011,SP02,L12,29,279.99,776.6688,No Discount,Credit Card,Pending,Returned,204.15
2476,454,P005,C0269,SP01,L08,32,398.61,1139.76,No Discount,Online Payment,Cancelled,No Returns,40.73
2477,454,P005,C0465,SP03,L01,4,385.45,4184.712,Promotional,Credit Card,Delivered,No Returns,395.39
2478,454,P005,C0397,SP03,L05,14,180.29,900.7179999999998,No Discount,Online Payment,Cancelled,Partially Returned,401.94
2479,454,P005,C1853,SP04,L10,25,378.71,1481.312,Promotional,Installment,Cancelled,Partially Returned,325.97
2480,454,P005,C0819,SP05,L02,29,440.8,3648.5568,No Discount,Online Payment,Cancelled,No Returns,383.81
2481,454,P006,C1542,SP01,L01,25,51.47,2686.7904,Seasonal,Cash,Cancelled,Partially Returned,482.43
2482,455,P001,C0542,SP06,L04,23,212.71,943.10784,Promotional,Installment,Cancelled,Returned,70.68
2483,455,P002,C0586,SP02,L08,20,133.77,5718.33,No Discount,Online Payment,Delivered,Partially Returned,54.09
2484,455,P002,C0049,SP02,L08,47,395.19,4635.36,Bulk Purchase,Cash,Cancelled,Returned,268.96
2485,455,P006,C0431,SP05,L02,23,477.41,671.8566400000001,Promotional,Installment,Delivered,Partially Returned,155.12
2486,456,P002,C2099,SP01,L04,33,375.8,892.2959999999999,No Discount,Cash,Pending,Partially Returned,437.99
2487,456,P002,C0063,SP06,L07,20,160.14,540.12,Bulk Purchase,Online Payment,Delivered,Partially Returned,428.67
2488,456,P006,C0411,SP04,L06,25,393.81,954.6624000000002,Bulk Purchase,Installment,Pending,Returned,469.99
2489,457,P001,C1068,SP04,L07,49,333.38,781.5360000000001,Seasonal,Installment,Delivered,Partially Returned,284.29
2490,457,P002,C1282,SP01,L06,6,37.48,8845.056,Seasonal,Online Payment,Delivered,Partially Returned,405.56
2491,457,P003,C1575,SP03,L08,41,60.18,3478.536,No Discount,Installment,Cancelled,Returned,388.97
2492,457,P004,C0344,SP01,L09,24,85.45,2249.702400000001,Bulk Purchase,Online Payment,Delivered,No Returns,30.21
2493,457,P004,C1464,SP02,L09,16,217.2,4181.830400000001,Seasonal,Online Payment,Pending,Partially Returned,96.45
2494,457,P005,C1842,SP05,L06,40,466.57,2451.384,Promotional,Credit Card,Delivered,Partially Returned,160.9
2495,457,P005,C0994,SP06,L08,32,66.02,516.636,Promotional,Installment,Delivered,Returned,99.82
2496,458,P001,C1828,SP04,L12,27,459.37,371.53024,No Discount,Installment,Cancelled,No Returns,262.87
2497,458,P003,C1851,SP01,L08,4,129.22,3159.486000000001,Bulk Purchase,Cash,Pending,No Returns,69.47
2498,458,P004,C0162,SP02,L07,33,399.89,535.92,Bulk Purchase,Online Payment,Pending,Partially Returned,80.54
2499,458,P005,C2051,SP01,L02,2,373.41,1452.1584,Seasonal,Credit Card,Delivered,Returned,240.57
2500,458,P005,C0850,SP05,L02,23,100.78,678.6931199999999,Bulk Purchase,Cash,Cancelled,Partially Returned,186.36
2501,458,P006,C1296,SP04,L12,29,375.41,1868.21568,Bulk Purchase,Cash,Cancelled,No Returns,178.94
2502,459,P001,C0545,SP04,L04,21,462.8,3101.6844,Bulk Purchase,Credit Card,Cancelled,Partially Returned,85.72
2503,459,P006,C0514,SP05,L06,23,154.63,6469.92,Seasonal,Credit Card,Delivered,Returned,454.94
2504,460,P001,C1608,SP05,L07,41,479.72,1178.226,Seasonal,Credit Card,Delivered,Partially Returned,83.78
2505,460,P002,C0883,SP04,L06,14,177.44,2480.448,Promotional,Installment,Cancelled,No Returns,258.15
2506,460,P002,C1362,SP04,L10,15,15.67,11042.304,Bulk Purchase,Online Payment,Pending,Returned,301.95
2507,460,P005,C2066,SP04,L11,8,41.95,5410.56,Promotional,Online Payment,Delivered,Partially Returned,455.11
2508,460,P006,C2122,SP04,L06,23,364.38,605.736,No Discount,Credit Card,Pending,Partially Returned,272.89
2509,461,P003,C1887,SP04,L11,15,248.54,2359.4112,Promotional,Cash,Pending,Returned,331.64
2510,461,P004,C0988,SP05,L04,21,155.48,3671.2656,No Discount,Online Payment,Delivered,No Returns,327.49
2511,461,P005,C1812,SP06,L12,49,415.75,4469.776,Seasonal,Online Payment,Cancelled,Returned,234.71
2512,462,P003,C1538,SP03,L08,47,25.14,2529.072,No Discount,Installment,Delivered,Partially Returned,465.76
2513,462,P003,C1629,SP06,L08,11,420.29,3422.304,Bulk Purchase,Cash,Delivered,Returned,117.88
2514,462,P003,C0938,SP06,L07,16,180.05,2460.5784,Bulk Purchase,Cash,Delivered,Returned,114.26
2515,462,P004,C0715,SP03,L06,34,336.87,8638.752,Bulk Purchase,Online Payment,Pending,No Returns,48.98
2516,462,P005,C0420,SP01,L12,33,273.13,2623.3584,Promotional,Credit Card,Delivered,Returned,252.6
2517,462,P005,C1694,SP01,L11,34,289.42,1749.1968,Promotional,Cash,Delivered,No Returns,228.66
2518,462,P005,C1419,SP03,L05,5,189.86,97.68304,Promotional,Installment,Pending,Returned,173.9
2519,462,P005,C0045,SP06,L05,20,251.82,1095.9585,Bulk Purchase,Credit Card,Delivered,Partially Returned,366.76
2520,462,P006,C0649,SP03,L03,28,497.43,3453.9048,No Discount,Cash,Delivered,Partially Returned,434.67
2521,463,P001,C0121,SP01,L08,21,240.44,2392.2,Promotional,Installment,Delivered,Partially Returned,341.79
2522,463,P002,C0248,SP06,L04,37,34.32,147.66624,Promotional,Cash,Cancelled,Partially Returned,385.5
2523,463,P005,C2088,SP01,L08,1,28.83,1346.76,Promotional,Cash,Delivered,No Returns,447.68
2524,464,P004,C0149,SP03,L12,37,469.97,1497.7408,No Discount,Installment,Pending,Partially Returned,9.52
2525,464,P004,C1602,SP06,L01,21,265.36,1485.792,Promotional,Credit Card,Delivered,Returned,219.11
2526,464,P005,C2116,SP03,L01,33,481.26,1099.616,No Discount,Online Payment,Cancelled,Partially Returned,109.84
2527,465,P001,C0329,SP04,L04,44,321.07,4264.531199999999,Seasonal,Online Payment,Cancelled,No Returns,319.92
2528,465,P004,C1293,SP05,L03,1,453.11,1557.0468,No Discount,Credit Card,Cancelled,Returned,378.42
2529,465,P005,C1753,SP02,L11,30,56.14,2772.672,No Discount,Cash,Delivered,No Returns,135.89
2530,465,P006,C1832,SP02,L02,7,399.24,108.38016,Seasonal,Installment,Cancelled,Returned,459.92
2531,465,P006,C1926,SP04,L07,15,189.11,348.516,Seasonal,Online Payment,Pending,Partially Returned,30.38
2532,466,P004,C0360,SP01,L01,3,290.2,3088.722,Promotional,Credit Card,Cancelled,Partially Returned,69.73
2533,466,P004,C1242,SP03,L12,8,259.87,1638.2016,Promotional,Credit Card,Pending,No Returns,95.12
2534,466,P005,C0817,SP04,L07,31,450.89,222.4404,Bulk Purchase,Cash,Pending,Partially Returned,147.5
2535,466,P006,C0517,SP05,L02,44,355.44,2878.6688,No Discount,Online Payment,Cancelled,Partially Returned,235.24
2536,467,P001,C2027,SP04,L07,36,42.93,470.7359999999999,Bulk Purchase,Credit Card,Cancelled,Partially Returned,160.72
2537,467,P005,C0021,SP06,L10,12,469.66,8038.044,No Discount,Credit Card,Delivered,Partially Returned,470.5
2538,467,P006,C1497,SP04,L04,12,396.83,3011.04,Bulk Purchase,Online Payment,Delivered,Returned,119.04
2539,468,P004,C1669,SP04,L03,34,186.82,412.5168,Bulk Purchase,Cash,Delivered,Partially Returned,93.66
2540,468,P005,C1091,SP02,L09,21,277.56,4698.848000000001,Seasonal,Online Payment,Delivered,Returned,95.47
2541,469,P002,C1366,SP04,L05,2,362.11,2648.6733,No Discount,Credit Card,Cancelled,No Returns,128.83
2542,469,P002,C0993,SP05,L12,18,312.79,3407.888,Seasonal,Online Payment,Cancelled,No Returns,461.16
2543,469,P003,C1022,SP06,L10,20,443.85,6753.18,Bulk Purchase,Credit Card,Pending,No Returns,465.48
2544,469,P005,C0506,SP05,L09,4,449.9,4196.9664,Seasonal,Cash,Pending,Partially Returned,471.9
2545,469,P005,C0593,SP06,L09,48,487.78,848.3200000000002,No Discount,Installment,Pending,Returned,307.74
2546,470,P003,C0773,SP06,L12,30,81.29,3450.252,No Discount,Credit Card,Cancelled,No Returns,289.82
2547,470,P005,C1772,SP01,L11,47,352.78,2642.2272,No Discount,Cash,Pending,Partially Returned,399.93
2548,471,P002,C0493,SP02,L12,46,305.1,1795.0912,Promotional,Online Payment,Delivered,Returned,230.04
2549,471,P002,C2157,SP05,L12,32,338.88,1799.6608,No Discount,Online Payment,Delivered,Returned,353.24
2550,471,P003,C1420,SP01,L02,26,14.02,330.32832,Bulk Purchase,Cash,Cancelled,Returned,447.24
2551,471,P004,C0233,SP02,L07,12,329.23,3936.114,Bulk Purchase,Online Payment,Pending,No Returns,391.46
2552,471,P005,C1809,SP04,L03,5,168.77,1572.8904,Seasonal,Online Payment,Pending,No Returns,394.51
2553,472,P005,C1193,SP03,L07,17,162.63,2531.634,Promotional,Online Payment,Pending,Partially Returned,174.74
2554,472,P006,C0056,SP03,L01,42,482.28,2201.766,No Discount,Credit Card,Delivered,Returned,95.05
2555,473,P001,C0387,SP05,L04,25,346.61,1313.928,Bulk Purchase,Online Payment,Pending,Returned,282.72
2556,473,P001,C0709,SP06,L12,34,41.32,531.15072,No Discount,Cash,Delivered,Returned,54.68
2557,474,P001,C0662,SP01,L05,19,218.45,534.0699,No Discount,Credit Card,Delivered,Partially Returned,154.53
2558,474,P001,C2133,SP06,L03,35,12.13,5961.6,Promotional,Online Payment,Delivered,Returned,392.43
2559,474,P001,C0569,SP06,L06,28,32.46,3226.2528,Promotional,Installment,Cancelled,Returned,83.1
2560,474,P003,C1613,SP05,L01,15,118.43,1281.728,Seasonal,Installment,Cancelled,Partially Returned,157.01
2561,474,P004,C1816,SP05,L04,38,265.79,2936.088,Seasonal,Online Payment,Pending,Partially Returned,329.77
2562,474,P004,C0155,SP06,L06,35,177.1,3941.423999999999,Promotional,Credit Card,Cancelled,Partially Returned,369.11
2563,474,P005,C0473,SP06,L01,15,244.97,311.248,Promotional,Installment,Pending,No Returns,326.57
2564,475,P001,C0870,SP04,L04,23,228.27,857.84832,Promotional,Cash,Cancelled,No Returns,416.95
2565,475,P001,C1774,SP06,L02,48,471.22,2328.704,Bulk Purchase,Online Payment,Pending,Partially Returned,456.62
2566,475,P004,C1430,SP06,L04,30,138.63,3728.2896,Bulk Purchase,Online Payment,Delivered,Partially Returned,487.25
2567,475,P005,C0821,SP02,L09,21,48.02,4199.078400000001,Bulk Purchase,Credit Card,Delivered,No Returns,35.47
2568,475,P005,C2019,SP03,L08,8,416.37,6571.530000000001,Seasonal,Credit Card,Cancelled,Partially Returned,271.78
2569,475,P005,C1716,SP03,L06,36,274.66,2774.592,Seasonal,Cash,Delivered,Partially Returned,19.64
2570,475,P005,C0265,SP06,L03,26,466.22,3746.243519999999,No Discount,Cash,Cancelled,Partially Returned,175.11
2571,475,P006,C0044,SP05,L10,23,456.78,836.0351999999999,Promotional,Cash,Pending,Partially Returned,237.63
2572,476,P003,C0233,SP06,L09,22,16.77,2513.016,Bulk Purchase,Credit Card,Delivered,Returned,180.39
2573,477,P002,C2097,SP04,L11,32,82.21,3096.896,No Discount,Online Payment,Cancelled,Returned,180.23
2574,477,P003,C1661,SP04,L04,37,335.52,2902.7808,Seasonal,Credit Card,Delivered,Returned,64.9
2575,477,P003,C1063,SP05,L09,49,219.44,2302.854400000001,Promotional,Online Payment,Pending,No Returns,106.09
2576,477,P003,C1818,SP06,L01,20,58.83,4570.552,Seasonal,Online Payment,Cancelled,Partially Returned,70.85
2577,477,P004,C0431,SP01,L12,40,252.1,1307.29728,No Discount,Installment,Cancelled,Partially Returned,460.34
2578,477,P005,C1037,SP05,L07,12,389.53,3164.112,Promotional,Online Payment,Pending,Partially Returned,457.98
2579,477,P005,C1916,SP05,L11,31,251.16,201.8816,Seasonal,Installment,Delivered,Returned,395.93
2580,478,P001,C0273,SP06,L11,32,307.36,5046.912,Bulk Purchase,Online Payment,Cancelled,No Returns,16.43
2581,478,P002,C0961,SP01,L03,16,251.51,2365.14816,Bulk Purchase,Installment,Delivered,No Returns,324.3
2582,478,P002,C1805,SP01,L05,23,56.58,946.4728,Bulk Purchase,Online Payment,Cancelled,Partially Returned,480.3
2583,478,P002,C0907,SP05,L09,43,302.58,2293.4912,Promotional,Online Payment,Cancelled,Returned,202.66
2584,478,P003,C0573,SP03,L12,44,151.61,2120.39232,Bulk Purchase,Cash,Cancelled,Partially Returned,371.19
2585,478,P004,C0822,SP01,L11,26,128.86,2602.5984,Bulk Purchase,Cash,Cancelled,No Returns,14.54
2586,479,P001,C0959,SP03,L07,23,206.37,533.3895,Bulk Purchase,Credit Card,Delivered,No Returns,287.8
2587,479,P001,C0285,SP06,L04,35,87.99,3548.016,No Discount,Online Payment,Delivered,Partially Returned,348.75
2588,479,P003,C1139,SP06,L12,37,453.12,2197.1616,No Discount,Credit Card,Delivered,No Returns,468.39
2589,479,P003,C0774,SP06,L03,7,466.59,3608.41392,Bulk Purchase,Cash,Cancelled,Returned,369.21
2590,480,P001,C0811,SP01,L01,37,343.27,1439.3232,No Discount,Cash,Delivered,Returned,103.07
2591,480,P003,C0006,SP02,L08,17,60.69,6086.745000000001,No Discount,Credit Card,Delivered,Partially Returned,352.81
2592,480,P005,C2113,SP02,L05,38,251.98,2040.9844,No Discount,Online Payment,Cancelled,No Returns,166.13
2593,480,P005,C0491,SP05,L02,40,490.71,540.3327999999999,Promotional,Online Payment,Cancelled,Partially Returned,250.37
2594,480,P006,C1255,SP06,L01,41,426.21,363.8208,Bulk Purchase,Cash,Pending,Returned,488.49
2595,481,P001,C1465,SP02,L05,22,262.95,163.81456,Promotional,Installment,Pending,No Returns,23.38
2596,481,P003,C0995,SP04,L11,24,372.4,3751.552,No Discount,Online Payment,Cancelled,Returned,66.61
2597,481,P006,C0488,SP04,L08,32,248.86,5042.789999999999,Bulk Purchase,Cash,Pending,No Returns,251.22
2598,482,P001,C2109,SP02,L11,8,116.41,2042.5984,Bulk Purchase,Installment,Cancelled,Partially Returned,278.4
2599,482,P001,C1181,SP04,L09,32,18.62,2163.2688,No Discount,Credit Card,Pending,Partially Returned,385.14
2600,482,P001,C1853,SP05,L05,8,166.15,926.54016,Bulk Purchase,Installment,Cancelled,No Returns,150.01
2601,482,P002,C1466,SP03,L08,20,45.72,5700.8475,Bulk Purchase,Credit Card,Pending,Returned,305.69
2602,482,P003,C0075,SP05,L04,42,31.45,2082.59424,Promotional,Cash,Pending,Partially Returned,155.88
2603,482,P004,C0330,SP04,L06,26,251.12,3604.2624,Seasonal,Installment,Delivered,Partially Returned,253.91
2604,482,P005,C1452,SP03,L08,2,126.43,3467.5425,No Discount,Credit Card,Delivered,No Returns,391.25
2605,482,P006,C1563,SP06,L03,29,440.68,173.11968,Bulk Purchase,Installment,Cancelled,Partially Returned,13.12
2606,483,P001,C0831,SP01,L07,24,16.08,1776.0456,Bulk Purchase,Cash,Cancelled,Partially Returned,303.77
2607,483,P004,C0756,SP05,L11,10,193.61,3255.792,Promotional,Credit Card,Pending,Returned,265.93
2608,483,P005,C0297,SP03,L12,26,467.24,2023.44064,Seasonal,Installment,Pending,Returned,248.02
2609,483,P005,C0591,SP05,L04,3,414.62,2684.0592,Bulk Purchase,Online Payment,Delivered,Returned,257.71
2610,483,P006,C1577,SP02,L01,2,253.85,1000.7424,Seasonal,Installment,Pending,Returned,431.94
2611,483,P006,C1707,SP04,L04,33,435.21,1603.65312,Bulk Purchase,Installment,Pending,Returned,212.72
2612,483,P006,C2042,SP05,L04,21,182.55,3140.694,Seasonal,Credit Card,Delivered,Partially Returned,495.7
2613,484,P001,C1803,SP05,L08,23,220.76,7819.11,Promotional,Online Payment,Cancelled,No Returns,198.2
2614,484,P002,C1760,SP04,L10,43,390.53,2038.96,Promotional,Online Payment,Pending,Returned,421.01
2615,484,P003,C1098,SP01,L05,15,443.79,2168.894,Seasonal,Online Payment,Delivered,No Returns,432.85
2616,484,P003,C1112,SP04,L03,4,118.92,1135.33488,Promotional,Cash,Cancelled,Returned,95.16
2617,484,P004,C1754,SP03,L04,31,33.43,797.79168,Promotional,Cash,Delivered,Partially Returned,78.34
2618,484,P005,C0276,SP03,L07,16,341.91,710.6903999999998,Seasonal,Cash,Cancelled,Returned,266.54
2619,484,P005,C1108,SP06,L09,36,113.63,3943.843200000001,No Discount,Credit Card,Cancelled,Partially Returned,163.74
2620,485,P002,C1997,SP04,L11,48,341.04,255.872,Bulk Purchase,Installment,Delivered,Returned,315.2
2621,485,P003,C0984,SP05,L12,42,112.36,1967.4848,Promotional,Online Payment,Delivered,No Returns,121.43
2622,485,P006,C1882,SP05,L02,13,475.46,473.93024,No Discount,Installment,Delivered,No Returns,353.78
2623,486,P001,C1763,SP04,L10,8,282.62,1022.336,Seasonal,Online Payment,Cancelled,No Returns,408.27
2624,486,P002,C0350,SP05,L04,38,30.09,2406.49056,Promotional,Cash,Delivered,Returned,404.27
2625,486,P002,C0149,SP06,L06,3,18.4,3195.3024,Promotional,Installment,Pending,Partially Returned,119.19
2626,486,P003,C2119,SP06,L03,16,439.65,1840.968,No Discount,Credit Card,Delivered,Partially Returned,487.82
2627,486,P004,C1381,SP01,L01,42,443.8,1274.91,Seasonal,Credit Card,Cancelled,No Returns,168.69
2628,486,P004,C1183,SP06,L08,30,114.81,3187.485000000001,Promotional,Credit Card,Cancelled,No Returns,329.25
2629,486,P005,C0149,SP06,L09,6,396.65,1871.96416,Seasonal,Installment,Cancelled,No Returns,268.19
2630,486,P006,C1777,SP01,L07,17,17.65,1403.052,No Discount,Online Payment,Pending,Partially Returned,226.57
2631,486,P006,C0778,SP02,L07,18,468.86,1355.4765,Promotional,Credit Card,Delivered,Returned,102.2
2632,486,P006,C0672,SP03,L12,48,204.79,1912.44288,No Discount,Cash,Delivered,Partially Returned,350.03
2633,487,P003,C1656,SP02,L02,32,195.29,313.88672,Seasonal,Installment,Cancelled,No Returns,253.18
2634,487,P003,C1503,SP02,L04,34,174.24,738.5126399999999,Seasonal,Installment,Cancelled,No Returns,244.84
2635,487,P003,C1556,SP02,L01,24,477.52,3072.3,Promotional,Credit Card,Delivered,Returned,177.62
2636,487,P004,C1969,SP01,L01,10,412.97,823.746,No Discount,Credit Card,Cancelled,No Returns,223.06
2637,487,P004,C0286,SP05,L09,17,281.13,565.95968,No Discount,Installment,Delivered,Partially Returned,409.53
2638,487,P005,C1741,SP06,L09,23,494.12,917.53728,Promotional,Cash,Cancelled,No Returns,2.19
2639,487,P006,C1137,SP01,L11,9,401.97,4417.983999999999,Promotional,Online Payment,Cancelled,No Returns,355.95
2640,487,P006,C1732,SP06,L09,41,153.1,1871.5488,Seasonal,Credit Card,Delivered,No Returns,305.99
2641,488,P001,C2081,SP03,L03,18,174.08,4843.152,Bulk Purchase,Online Payment,Cancelled,Returned,148.97
2642,489,P001,C1115,SP02,L09,46,218.08,251.37024,Bulk Purchase,Cash,Cancelled,No Returns,223.45
2643,489,P001,C1448,SP05,L08,24,20.86,4212.0,Bulk Purchase,Credit Card,Delivered,No Returns,336.45
2644,489,P002,C0476,SP02,L05,42,276.33,2687.8215,Seasonal,Credit Card,Cancelled,Partially Returned,7.19
2645,489,P004,C1511,SP04,L10,45,374.07,6757.547999999999,No Discount,Credit Card,Delivered,Partially Returned,81.69
2646,489,P005,C1829,SP04,L11,6,342.54,4356.336,Seasonal,Credit Card,Pending,Returned,258.03
2647,490,P001,C0731,SP01,L01,22,494.11,1561.854,No Discount,Credit Card,Cancelled,Partially Returned,3.22
2648,490,P002,C1857,SP05,L03,22,287.0,642.45312,Seasonal,Installment,Pending,Returned,490.05
2649,490,P003,C2053,SP02,L08,14,33.23,2945.538,No Discount,Cash,Cancelled,Partially Returned,361.33
2650,490,P004,C1290,SP04,L12,48,326.42,5411.8752,No Discount,Online Payment,Delivered,No Returns,91.3
2651,490,P005,C0037,SP01,L08,9,147.23,461.862,No Discount,Cash,Delivered,Partially Returned,435.01
2652,490,P005,C1730,SP05,L09,32,114.38,806.0976,Bulk Purchase,Credit Card,Pending,No Returns,215.56
2653,490,P005,C1120,SP06,L07,39,273.73,774.4296000000002,Bulk Purchase,Installment,Delivered,No Returns,475.61
2654,491,P001,C0059,SP04,L11,17,488.96,745.7760000000001,No Discount,Credit Card,Pending,No Returns,482.86
2655,491,P002,C1619,SP03,L12,40,447.26,965.62176,No Discount,Installment,Cancelled,Partially Returned,267.23
2656,491,P002,C1674,SP05,L02,10,456.51,1528.47744,Seasonal,Cash,Cancelled,Partially Returned,468.36
2657,491,P004,C0406,SP03,L03,22,219.53,1278.9576,No Discount,Cash,Cancelled,No Returns,245.87
2658,491,P004,C1073,SP03,L07,18,357.27,1321.9164,Promotional,Cash,Delivered,Partially Returned,440.03
2659,491,P004,C1469,SP05,L09,33,105.22,2192.93184,Bulk Purchase,Cash,Cancelled,No Returns,211.4
2660,491,P006,C2025,SP01,L03,22,263.09,1101.75552,Seasonal,Installment,Cancelled,No Returns,491.61
2661,491,P006,C1381,SP05,L04,28,344.42,142.24896,Bulk Purchase,Cash,Delivered,Partially Returned,294.98
2662,492,P002,C0904,SP01,L01,9,388.35,1504.062,Seasonal,Credit Card,Delivered,No Returns,218.85
2663,492,P002,C1247,SP02,L09,16,130.72,407.9680000000001,Promotional,Online Payment,Pending,No Returns,87.92
2664,492,P002,C1574,SP04,L06,29,356.34,1404.576,Promotional,Online Payment,Pending,No Returns,320.48
2665,492,P003,C1185,SP03,L03,24,40.22,219.51648,Bulk Purchase,Installment,Pending,Returned,202.35
2666,492,P004,C0982,SP04,L07,39,476.22,587.3111999999999,Promotional,Cash,Delivered,Partially Returned,444.15
2667,493,P001,C1796,SP03,L02,46,161.55,1693.9776,Bulk Purchase,Cash,Pending,Partially Returned,337.38
2668,493,P002,C1713,SP02,L04,22,357.8,1771.1136,Seasonal,Cash,Cancelled,No Returns,304.94
2669,493,P003,C1026,SP02,L12,21,284.28,2025.57312,Promotional,Cash,Pending,Returned,232.99
2670,493,P003,C2080,SP02,L03,7,275.68,5924.4048,Promotional,Online Payment,Cancelled,Partially Returned,416.43
2671,493,P003,C1259,SP03,L10,25,268.22,2029.5744,Promotional,Installment,Delivered,Partially Returned,321.58
2672,493,P003,C0534,SP04,L03,17,182.3,3139.9974,Promotional,Credit Card,Delivered,No Returns,209.3
2673,493,P006,C0443,SP04,L08,29,60.76,1315.8,Seasonal,Online Payment,Cancelled,No Returns,134.12
2674,494,P001,C0191,SP06,L07,18,183.4,1617.6048,Promotional,Installment,Pending,No Returns,397.8
2675,494,P003,C0123,SP02,L05,25,361.02,597.8426999999999,No Discount,Credit Card,Cancelled,No Returns,177.35
2676,494,P005,C1896,SP01,L04,15,414.94,1055.22048,Promotional,Installment,Pending,No Returns,358.01
2677,494,P005,C0229,SP02,L03,28,138.72,3262.92624,Promotional,Cash,Cancelled,Returned,91.03
2678,495,P001,C0030,SP03,L09,35,101.99,1535.952,Promotional,Credit Card,Cancelled,No Returns,136.6
2679,495,P004,C1247,SP01,L03,11,448.74,6040.4616,Promotional,Online Payment,Pending,Returned,314.56
2680,495,P004,C1169,SP04,L03,11,351.26,2536.4016,Seasonal,Installment,Pending,Partially Returned,414.29
2681,495,P004,C0094,SP04,L05,37,155.39,434.84896,Bulk Purchase,Installment,Delivered,Returned,148.4
2682,495,P005,C2008,SP03,L11,41,17.68,1951.3344,Promotional,Cash,Pending,Partially Returned,408.52
2683,495,P006,C0945,SP05,L08,44,92.27,7899.210000000001,Promotional,Online Payment,Delivered,Returned,280.7
2684,496,P001,C0695,SP03,L06,4,209.79,2916.1728,Seasonal,Cash,Delivered,Partially Returned,435.87
2685,496,P003,C2123,SP01,L04,4,327.32,1041.10272,Seasonal,Installment,Delivered,Returned,150.88
2686,496,P003,C2103,SP03,L09,47,409.0,1853.99808,Seasonal,Cash,Pending,No Returns,98.51
2687,496,P003,C1886,SP04,L12,18,87.6,2325.86112,Bulk Purchase,Cash,Cancelled,Partially Returned,250.72
2688,496,P003,C1552,SP05,L07,17,407.13,2416.932,Bulk Purchase,Online Payment,Pending,Returned,76.5
2689,496,P004,C2075,SP01,L09,35,279.28,1313.8752,Seasonal,Cash,Delivered,Returned,63.02
2690,496,P004,C0533,SP06,L12,24,242.9,1907.84064,No Discount,Cash,Cancelled,Returned,341.52
2691,496,P005,C1815,SP05,L07,6,25.91,696.3179999999999,Promotional,Online Payment,Delivered,No Returns,73.08
2692,496,P006,C2095,SP02,L02,45,290.41,1905.0192,Bulk Purchase,Credit Card,Cancelled,No Returns,243.8
2693,496,P006,C1648,SP04,L02,29,115.59,4446.9824,Bulk Purchase,Online Payment,Pending,Returned,38.5
2694,497,P002,C0602,SP02,L04,20,477.64,1306.1736,Promotional,Credit Card,Delivered,Returned,261.4
2695,497,P002,C1953,SP05,L04,43,351.12,935.89344,Bulk Purchase,Cash,Cancelled,Partially Returned,208.71
2696,497,P003,C1383,SP01,L07,14,200.63,826.4025000000001,Seasonal,Credit Card,Cancelled,Returned,429.94
2697,497,P004,C0148,SP03,L09,35,228.5,2128.4032,Bulk Purchase,Online Payment,Cancelled,No Returns,37.93
2698,497,P004,C0182,SP03,L01,39,32.08,360.402,Bulk Purchase,Credit Card,Pending,Partially Returned,188.38
2699,497,P006,C1623,SP05,L05,24,338.19,2664.3162,No Discount,Credit Card,Pending,Partially Returned,26.18
2700,497,P006,C1284,SP06,L11,9,348.4,659.9680000000001,Bulk Purchase,Installment,Delivered,Returned,68.73
2701,498,P001,C1393,SP02,L07,4,79.93,265.2048,Promotional,Installment,Pending,No Returns,269.68
2702,498,P002,C0642,SP03,L12,33,255.77,2467.2984,Bulk Purchase,Credit Card,Delivered,Returned,37.59
2703,498,P004,C1479,SP06,L08,38,242.34,1685.412,Bulk Purchase,Installment,Delivered,No Returns,498.28
2704,498,P005,C1459,SP03,L03,5,342.4,1156.21344,Bulk Purchase,Cash,Delivered,Returned,425.99
2705,498,P005,C2055,SP03,L05,11,208.0,1394.9208,No Discount,Installment,Delivered,Partially Returned,438.44
2706,498,P006,C1027,SP05,L10,23,25.85,3499.216,Promotional,Online Payment,Cancelled,No Returns,455.65
2707,498,P006,C0780,SP05,L11,38,246.06,2923.2,Promotional,Online Payment,Cancelled,Partially Returned,422.56
2708,499,P001,C1937,SP01,L07,47,455.74,503.8487999999999,Promotional,Cash,Delivered,Returned,398.14
2709,499,P001,C2111,SP04,L12,36,369.18,713.3471999999999,Bulk Purchase,Credit Card,Cancelled,Partially Returned,62.36
2710,499,P002,C0325,SP04,L03,9,149.18,285.12,Seasonal,Installment,Pending,Returned,257.59
2711,499,P002,C0761,SP05,L07,20,436.2,1086.96,Seasonal,Installment,Pending,No Returns,395.46
2712,499,P003,C0555,SP06,L04,13,85.04,2555.73792,Promotional,Cash,Cancelled,Returned,351.3
2713,499,P004,C0848,SP06,L08,5,349.46,5226.660000000001,Promotional,Credit Card,Pending,Partially Returned,430.8
2714,499,P005,C0563,SP02,L12,33,68.78,3022.9128,Promotional,Credit Card,Delivered,Partially Returned,244.4
2715,500,P001,C1862,SP01,L09,20,113.78,1118.21952,Seasonal,Cash,Cancelled,No Returns,249.66
2716,500,P001,C1179,SP02,L04,2,277.8,1871.8128,Bulk Purchase,Credit Card,Pending,Returned,368.38
2717,500,P001,C0426,SP03,L03,15,354.15,730.5066,Promotional,Credit Card,Delivered,Returned,357.93
2718,500,P001,C0686,SP05,L05,32,63.5,3122.6104,No Discount,Online Payment,Pending,Returned,115.66
2719,500,P002,C1635,SP03,L09,6,195.39,270.27968,Seasonal,Installment,Pending,Returned,302.71
2720,500,P003,C0113,SP01,L11,47,408.28,3410.1504,Bulk Purchase,Cash,Delivered,Partially Returned,326.12
2721,500,P003,C1295,SP06,L01,42,198.63,1080.5088,No Discount,Installment,Cancelled,No Returns,311.77
2722,500,P004,C0307,SP01,L12,27,320.38,5017.584000000001,No Discount,Online Payment,Pending,Returned,459.83
2723,500,P004,C1928,SP06,L05,30,158.74,680.5617000000001,No Discount,Credit Card,Pending,Partially Returned,457.54
2724,500,P004,C0765,SP06,L01,36,380.78,5315.911999999999,Seasonal,Online Payment,Pending,Partially Returned,449.5
2725,500,P006,C0473,SP04,L05,11,46.11,1337.2632,Seasonal,Installment,Pending,Partially Returned,235.17
2726,500,P006,C0654,SP05,L05,21,498.63,296.6691,Seasonal,Credit Card,Delivered,Returned,432.5
2727,501,P001,C0177,SP05,L01,22,421.6,1892.5536,Seasonal,Installment,Delivered,Returned,488.13
2728,501,P002,C1589,SP05,L08,21,42.14,940.2075,Seasonal,Credit Card,Pending,Partially Returned,283.4
2729,501,P003,C0084,SP01,L07,8,334.67,774.0432000000001,Promotional,Installment,Cancelled,Partially Returned,303.21
2730,501,P005,C1465,SP01,L08,13,396.81,2617.704,Promotional,Cash,Delivered,Returned,27.83
2731,501,P006,C1233,SP04,L01,18,220.8,1304.5312,Seasonal,Installment,Pending,Returned,55.21
2732,502,P001,C1672,SP05,L01,32,97.32,600.8128,No Discount,Installment,Cancelled,Partially Returned,317.88
2733,502,P002,C1189,SP05,L01,31,166.86,3029.124,No Discount,Credit Card,Pending,Returned,363.39
2734,502,P006,C1305,SP01,L03,27,90.38,930.9168,Promotional,Online Payment,Delivered,No Returns,52.73
2735,503,P001,C0263,SP01,L11,36,174.26,1268.1728,Seasonal,Installment,Delivered,Returned,207.0
2736,503,P001,C0763,SP04,L08,32,270.26,1787.328,Seasonal,Installment,Delivered,No Returns,496.65
2737,503,P002,C1130,SP02,L09,43,29.18,1922.03264,No Discount,Installment,Delivered,No Returns,315.04
2738,503,P002,C0307,SP03,L02,49,446.35,2497.7344,No Discount,Online Payment,Delivered,Returned,485.83
2739,503,P003,C0486,SP01,L07,27,100.28,985.1519999999998,Bulk Purchase,Online Payment,Cancelled,No Returns,130.22
2740,503,P003,C1678,SP03,L05,48,368.36,1173.52872,Bulk Purchase,Cash,Pending,No Returns,175.57
2741,503,P005,C1362,SP05,L08,33,111.49,6343.199999999999,Promotional,Online Payment,Cancelled,Returned,346.69
2742,503,P005,C1379,SP06,L05,43,250.71,1921.7562,Bulk Purchase,Credit Card,Delivered,Partially Returned,384.43
2743,504,P005,C1213,SP03,L07,10,142.06,1611.6912,Seasonal,Installment,Delivered,Partially Returned,467.91
2744,504,P006,C0229,SP02,L12,35,297.43,2914.5888,No Discount,Online Payment,Delivered,Returned,77.66
2745,504,P006,C0186,SP04,L04,8,26.29,1035.60768,Promotional,Installment,Delivered,Returned,364.71
2746,504,P006,C0617,SP04,L03,21,418.8,1150.04448,Seasonal,Installment,Delivered,No Returns,360.89
2747,505,P001,C1029,SP03,L03,8,14.35,1870.82784,Seasonal,Cash,Pending,Returned,244.28
2748,505,P001,C1534,SP06,L11,49,343.89,2779.584000000001,Promotional,Credit Card,Pending,No Returns,119.05
2749,505,P002,C1978,SP03,L11,9,296.4,3186.944,Seasonal,Online Payment,Cancelled,Partially Returned,318.73
2750,505,P006,C0297,SP05,L04,33,261.09,420.4396800000001,Seasonal,Installment,Delivered,Partially Returned,456.35
2751,506,P001,C0970,SP05,L02,8,402.48,3770.8608,Bulk Purchase,Online Payment,Delivered,Partially Returned,228.78
2752,506,P003,C1901,SP03,L08,44,317.84,1015.335,No Discount,Credit Card,Cancelled,Returned,270.3
2753,506,P005,C1080,SP01,L01,10,306.47,2027.6928,Promotional,Installment,Cancelled,No Returns,460.25
2754,506,P005,C0170,SP02,L11,23,114.86,1583.36,Bulk Purchase,Online Payment,Pending,Partially Returned,304.91
2755,507,P001,C1109,SP02,L11,42,13.94,1646.528,Seasonal,Online Payment,Cancelled,No Returns,286.8
2756,507,P001,C2029,SP03,L08,22,330.28,4166.280000000001,No Discount,Online Payment,Cancelled,Partially Returned,24.06
2757,507,P001,C0969,SP04,L05,26,310.81,3199.1596,No Discount,Online Payment,Pending,No Returns,407.26
2758,507,P002,C0832,SP03,L11,30,284.05,537.4720000000001,Seasonal,Online Payment,Cancelled,Returned,111.92
2759,507,P002,C0425,SP05,L03,19,91.85,236.5459200000001,Promotional,Installment,Pending,No Returns,489.65
2760,507,P003,C0581,SP01,L04,35,399.9,1061.5968,Seasonal,Installment,Pending,Returned,338.33
2761,507,P004,C1759,SP05,L01,42,312.63,327.5104,Bulk Purchase,Installment,Cancelled,Returned,213.85
2762,508,P003,C0695,SP06,L08,13,189.87,3098.844,Promotional,Installment,Delivered,Returned,366.17
2763,508,P004,C0960,SP03,L02,37,120.61,1717.5424,No Discount,Online Payment,Pending,Returned,293.23
2764,508,P006,C0761,SP01,L08,46,239.78,1869.48,No Discount,Credit Card,Cancelled,Partially Returned,221.75
2765,509,P002,C0404,SP02,L02,20,432.9,2137.12128,Seasonal,Cash,Delivered,No Returns,89.77
2766,509,P002,C1659,SP02,L04,9,394.89,745.5456,Seasonal,Online Payment,Pending,Partially Returned,228.95
2767,509,P002,C0329,SP03,L08,37,285.26,8187.39,Seasonal,Online Payment,Cancelled,Returned,307.81
2768,509,P003,C1371,SP01,L08,28,17.63,4064.445,Promotional,Credit Card,Cancelled,No Returns,447.34
2769,509,P003,C1692,SP01,L11,10,25.58,998.144,Promotional,Installment,Delivered,Partially Returned,114.08
2770,510,P004,C0587,SP03,L02,33,310.63,221.2224,Bulk Purchase,Credit Card,Delivered,Partially Returned,413.25
2771,510,P006,C0490,SP06,L01,17,230.3,3282.384,Seasonal,Credit Card,Pending,Returned,376.13
2772,511,P002,C1623,SP03,L07,45,315.12,2463.7536,No Discount,Cash,Delivered,Partially Returned,337.93
2773,511,P004,C0069,SP01,L09,32,283.49,2737.2576,Bulk Purchase,Credit Card,Delivered,No Returns,405.5
2774,512,P002,C1031,SP05,L07,26,221.29,1168.65,Seasonal,Online Payment,Pending,No Returns,124.78
2775,512,P003,C1041,SP03,L02,29,100.1,1758.65088,Promotional,Cash,Pending,Returned,92.61
2776,512,P004,C1945,SP01,L10,13,260.29,3977.3888,Promotional,Installment,Cancelled,Returned,170.07
2777,512,P004,C1731,SP03,L10,14,458.64,9231.712,No Discount,Online Payment,Delivered,No Returns,140.48
2778,512,P005,C1211,SP02,L09,48,184.82,884.1395200000003,Bulk Purchase,Installment,Cancelled,Partially Returned,178.37
2779,512,P006,C1993,SP04,L02,27,123.81,4384.2176,Promotional,Online Payment,Delivered,Returned,331.66
2780,512,P006,C0531,SP06,L02,7,242.8,3483.5584,Promotional,Online Payment,Delivered,No Returns,431.57
2781,513,P001,C1082,SP01,L01,35,465.11,2107.3472,No Discount,Installment,Delivered,Partially Returned,301.23
2782,513,P002,C1047,SP05,L05,46,266.68,87.11248,Bulk Purchase,Installment,Pending,No Returns,74.11
2783,513,P003,C0266,SP03,L01,21,80.68,1483.0704,Seasonal,Cash,Pending,Partially Returned,32.73
2784,513,P004,C0194,SP06,L02,22,71.66,2315.22816,Bulk Purchase,Cash,Delivered,Returned,461.64
2785,513,P005,C0909,SP02,L02,8,475.85,1557.91104,Bulk Purchase,Installment,Pending,Partially Returned,257.69
2786,513,P005,C0123,SP04,L01,34,143.25,3982.104,Bulk Purchase,Online Payment,Cancelled,Partially Returned,201.68
2787,513,P006,C0399,SP03,L03,27,76.26,523.3896,Seasonal,Online Payment,Cancelled,Partially Returned,147.83
2788,514,P002,C1572,SP04,L01,44,187.08,1315.818,Bulk Purchase,Credit Card,Delivered,Returned,8.31
2789,514,P002,C1775,SP05,L11,31,172.96,349.9264000000001,Seasonal,Installment,Pending,Partially Returned,39.35
2790,514,P003,C0794,SP02,L07,43,327.38,370.3896,Promotional,Installment,Pending,No Returns,208.26
2791,514,P004,C2055,SP05,L06,14,270.39,4338.432,Seasonal,Online Payment,Cancelled,No Returns,106.76
2792,515,P002,C0640,SP02,L01,49,313.6,1425.48,Seasonal,Credit Card,Delivered,Partially Returned,235.61
2793,515,P002,C0232,SP06,L12,40,86.2,4335.7344,Seasonal,Online Payment,Pending,No Returns,494.84
2794,515,P005,C0143,SP02,L12,9,462.87,784.5432000000001,Bulk Purchase,Credit Card,Cancelled,Partially Returned,13.54
2795,515,P006,C2058,SP01,L12,40,273.36,2030.4256,Seasonal,Installment,Delivered,Partially Returned,476.89
2796,516,P001,C1508,SP02,L08,44,26.82,913.5,Seasonal,Online Payment,Pending,Partially Returned,132.14
2797,516,P002,C2069,SP03,L10,24,251.28,2268.784,Bulk Purchase,Online Payment,Pending,No Returns,208.2
2798,516,P002,C0469,SP06,L12,12,103.29,575.37792,Seasonal,Cash,Cancelled,No Returns,100.11
2799,516,P003,C1598,SP02,L03,10,227.47,990.77904,Seasonal,Cash,Cancelled,Returned,74.4
2800,516,P003,C2103,SP03,L03,28,495.28,2879.064,No Discount,Cash,Cancelled,Returned,56.25
2801,516,P005,C1892,SP01,L03,25,108.61,1226.32704,Promotional,Installment,Cancelled,No Returns,432.88
2802,516,P006,C1562,SP03,L11,8,178.74,2061.9776,Promotional,Installment,Delivered,No Returns,247.34
2803,517,P001,C0309,SP02,L12,45,130.51,2543.676,Seasonal,Credit Card,Pending,Returned,174.45
2804,517,P001,C0904,SP06,L10,47,130.3,5699.483999999999,No Discount,Credit Card,Pending,No Returns,360.64
2805,517,P002,C1525,SP02,L06,12,132.6,3992.639999999999,Bulk Purchase,Online Payment,Cancelled,Returned,222.52
2806,517,P003,C0096,SP04,L01,8,267.94,1049.888,Bulk Purchase,Installment,Pending,No Returns,160.93
2807,517,P004,C0702,SP02,L09,13,16.24,4112.116800000001,No Discount,Credit Card,Delivered,No Returns,334.89
2808,518,P002,C0182,SP01,L09,25,404.97,3256.123200000001,Promotional,Credit Card,Delivered,No Returns,442.08
2809,518,P002,C0560,SP03,L06,4,300.82,6148.584,Bulk Purchase,Credit Card,Delivered,Returned,145.13
2810,518,P003,C0593,SP02,L12,33,443.23,3109.90656,Promotional,Cash,Pending,Returned,312.82
2811,518,P003,C2157,SP02,L06,28,229.56,2333.4912,No Discount,Cash,Pending,Partially Returned,132.17
2812,518,P004,C1745,SP04,L04,14,62.85,3094.4592,Promotional,Online Payment,Pending,Returned,86.13
2813,518,P004,C0282,SP05,L05,19,484.93,1119.54752,Seasonal,Installment,Pending,Returned,126.23
2814,518,P005,C1543,SP05,L06,6,128.63,4144.512,Bulk Purchase,Online Payment,Cancelled,Returned,440.7
2815,518,P006,C0523,SP04,L02,8,324.67,3284.8256,No Discount,Online Payment,Pending,No Returns,107.34
2816,518,P006,C1655,SP04,L05,22,175.16,1032.58064,No Discount,Installment,Cancelled,Partially Returned,481.32
2817,518,P006,C0060,SP05,L11,43,300.41,3805.4784,Promotional,Cash,Delivered,No Returns,263.33
2818,519,P001,C0219,SP01,L05,18,135.13,1629.41688,Bulk Purchase,Cash,Delivered,No Returns,398.72
2819,519,P001,C1188,SP06,L06,15,329.41,1082.016,Promotional,Cash,Cancelled,Partially Returned,79.42
2820,519,P003,C1169,SP05,L02,33,347.59,1155.6384,Promotional,Credit Card,Delivered,Partially Returned,273.83
2821,519,P004,C0692,SP01,L05,47,487.02,2903.1912,Seasonal,Online Payment,Pending,Returned,300.08
2822,519,P004,C1505,SP02,L11,27,273.78,393.456,Promotional,Credit Card,Cancelled,Returned,348.33
2823,519,P004,C1280,SP05,L10,1,160.82,790.944,No Discount,Online Payment,Pending,Returned,68.9
2824,519,P005,C0091,SP04,L03,24,147.66,584.4441600000001,Seasonal,Installment,Delivered,Partially Returned,253.97
2825,519,P005,C0890,SP06,L08,49,68.75,2370.096,No Discount,Installment,Delivered,No Returns,140.89
2826,519,P006,C0056,SP04,L03,23,125.87,2381.944320000001,Bulk Purchase,Installment,Delivered,No Returns,48.41
2827,520,P001,C0734,SP06,L01,15,155.53,442.008,Seasonal,Online Payment,Pending,No Returns,45.81
2828,520,P002,C0252,SP01,L09,43,416.66,2620.3584,No Discount,Online Payment,Pending,Partially Returned,226.17
2829,520,P002,C1538,SP04,L06,8,101.12,4646.376,Bulk Purchase,Credit Card,Delivered,Partially Returned,95.99
2830,520,P003,C1900,SP02,L11,17,450.57,624.816,No Discount,Credit Card,Pending,No Returns,341.49
2831,520,P004,C0856,SP04,L11,44,81.99,134.912,No Discount,Installment,Delivered,Partially Returned,124.49
2832,520,P006,C1765,SP03,L10,45,404.5,6676.32,No Discount,Cash,Delivered,Returned,84.49
2833,521,P001,C0082,SP01,L03,48,474.93,3193.87536,Seasonal,Cash,Delivered,Returned,497.22
2834,521,P004,C0971,SP02,L06,29,410.12,2746.4256,No Discount,Cash,Delivered,Returned,334.33
2835,522,P003,C0383,SP05,L07,45,39.44,1071.504,No Discount,Credit Card,Cancelled,No Returns,31.72
2836,522,P004,C0815,SP02,L07,18,51.64,2635.038,Seasonal,Online Payment,Cancelled,Partially Returned,349.59
2837,522,P004,C0450,SP05,L06,37,276.95,8244.864,Promotional,Online Payment,Delivered,Returned,307.32
2838,522,P005,C0382,SP03,L04,30,143.78,1390.446,Bulk Purchase,Credit Card,Cancelled,Returned,155.13
2839,522,P005,C0349,SP06,L02,47,291.54,1603.44576,Seasonal,Cash,Cancelled,Returned,14.82
2840,523,P001,C0306,SP01,L08,11,168.11,307.296,Promotional,Installment,Delivered,Returned,113.74
2841,523,P002,C1787,SP04,L09,4,465.28,1503.6736,No Discount,Online Payment,Pending,No Returns,360.53
2842,523,P002,C0914,SP06,L03,15,25.26,1772.85024,Promotional,Installment,Cancelled,No Returns,326.44
2843,523,P003,C0713,SP04,L02,46,202.03,1449.71904,No Discount,Cash,Delivered,Partially Returned,410.62
2844,523,P004,C1529,SP02,L12,16,291.78,1578.3616,No Discount,Installment,Cancelled,Returned,72.96
2845,523,P005,C0048,SP02,L12,23,493.04,227.20704,No Discount,Cash,Cancelled,Returned,441.74
2846,524,P003,C1472,SP05,L11,49,164.91,2445.504,Promotional,Online Payment,Pending,Partially Returned,262.31
2847,525,P004,C0009,SP03,L12,22,192.1,4012.884,Seasonal,Credit Card,Delivered,No Returns,72.85
2848,525,P006,C1878,SP01,L12,36,483.76,2666.13312,No Discount,Cash,Delivered,Returned,412.04
2849,525,P006,C0572,SP06,L05,3,284.62,781.7992,Bulk Purchase,Installment,Cancelled,No Returns,17.22
2850,526,P001,C1471,SP01,L06,12,426.85,2724.768,Bulk Purchase,Credit Card,Cancelled,Returned,8.43
2851,526,P001,C1220,SP03,L02,35,135.88,1604.736,Promotional,Cash,Cancelled,Returned,262.6
2852,526,P002,C2042,SP04,L08,7,113.64,2212.4475,Bulk Purchase,Credit Card,Delivered,Returned,287.52
2853,526,P003,C1812,SP01,L02,31,344.64,237.384,Bulk Purchase,Credit Card,Pending,Partially Returned,178.62
2854,526,P004,C0315,SP02,L08,49,251.48,2152.3725,Seasonal,Credit Card,Delivered,Partially Returned,192.5
2855,526,P006,C0784,SP01,L04,11,131.71,1299.96576,Bulk Purchase,Cash,Pending,Returned,265.98
2856,526,P006,C1735,SP01,L06,31,258.56,801.3888,Bulk Purchase,Cash,Cancelled,Partially Returned,204.36
2857,527,P002,C1365,SP01,L08,20,206.68,3721.7475,Seasonal,Credit Card,Pending,No Returns,123.04
2858,527,P002,C1991,SP02,L05,7,162.72,1568.19936,Seasonal,Cash,Cancelled,Partially Returned,157.26
2859,527,P003,C1077,SP02,L10,15,445.12,3675.0,Seasonal,Credit Card,Delivered,No Returns,136.48
2860,527,P003,C1112,SP03,L12,46,57.61,1871.96928,Bulk Purchase,Installment,Cancelled,Partially Returned,81.07
2861,527,P004,C0500,SP01,L09,49,473.64,3105.0624,Promotional,Cash,Delivered,Partially Returned,248.4
2862,527,P004,C0715,SP01,L03,1,208.4,4680.0342,No Discount,Credit Card,Cancelled,No Returns,449.75
2863,527,P004,C0318,SP01,L10,2,412.89,4108.832,No Discount,Installment,Delivered,Partially Returned,29.97
2864,527,P004,C0442,SP04,L11,37,288.2,2323.6864,Promotional,Installment,Pending,No Returns,347.65
2865,527,P006,C0306,SP06,L02,24,433.73,2827.148799999999,No Discount,Online Payment,Cancelled,No Returns,148.27
2866,528,P001,C1275,SP03,L04,43,72.62,971.53344,Bulk Purchase,Installment,Pending,No Returns,309.0
2867,528,P001,C1203,SP05,L02,13,468.19,154.48832,Bulk Purchase,Installment,Pending,No Returns,266.35
2868,528,P002,C2108,SP01,L10,19,485.04,4236.1536,Seasonal,Cash,Delivered,No Returns,185.81
2869,528,P003,C0561,SP05,L03,29,329.88,2423.80512,No Discount,Installment,Pending,Returned,375.8
2870,528,P004,C1405,SP04,L04,45,144.06,1020.0168,Seasonal,Credit Card,Pending,Returned,302.93
2871,528,P005,C1792,SP01,L06,26,184.49,3822.048,Bulk Purchase,Online Payment,Cancelled,Returned,140.63
2872,529,P001,C0688,SP04,L09,10,273.32,2438.34624,Bulk Purchase,Cash,Cancelled,No Returns,404.99
2873,529,P002,C2080,SP04,L11,40,31.68,1320.2176,Promotional,Installment,Cancelled,Returned,100.6
2874,529,P002,C0876,SP06,L04,13,338.65,308.5344,Seasonal,Online Payment,Pending,Partially Returned,429.08
2875,529,P004,C1332,SP02,L05,23,197.95,1069.614,Bulk Purchase,Credit Card,Pending,No Returns,244.03
2876,529,P005,C1996,SP04,L06,16,100.37,5056.876799999999,No Discount,Cash,Delivered,Returned,318.3
2877,529,P006,C0052,SP01,L06,37,499.51,1046.016,Seasonal,Installment,Delivered,Partially Returned,13.78
2878,530,P001,C0240,SP05,L09,14,385.8,3535.593600000001,No Discount,Credit Card,Cancelled,Returned,450.52
2879,530,P002,C1006,SP02,L03,1,489.78,409.63968,Seasonal,Cash,Pending,Returned,126.19
2880,530,P004,C0082,SP06,L07,49,252.35,1497.678,Bulk Purchase,Online Payment,Pending,Returned,386.52
2881,530,P006,C0593,SP02,L06,29,277.47,1155.0528,Seasonal,Cash,Delivered,No Returns,61.95
2882,530,P006,C0593,SP05,L05,42,98.08,991.38312,No Discount,Cash,Delivered,Partially Returned,392.47
2883,530,P006,C1121,SP06,L09,29,484.97,1616.48256,Bulk Purchase,Cash,Delivered,No Returns,98.21
2884,531,P002,C1558,SP06,L05,33,92.61,312.55224,Seasonal,Cash,Cancelled,No Returns,370.58
2885,531,P003,C2001,SP01,L02,2,431.76,2422.784,Bulk Purchase,Online Payment,Cancelled,Returned,262.1
2886,531,P003,C1080,SP03,L07,22,453.27,915.2471999999998,Bulk Purchase,Installment,Delivered,Returned,475.63
2887,531,P004,C0284,SP04,L05,14,221.24,1282.5176,Promotional,Online Payment,Cancelled,No Returns,427.92
2888,531,P004,C0570,SP05,L02,13,62.6,1744.59264,No Discount,Cash,Cancelled,Partially Returned,237.56
2889,531,P005,C0907,SP02,L12,22,78.32,4130.809600000001,Bulk Purchase,Online Payment,Cancelled,Partially Returned,214.75
2890,532,P002,C1569,SP02,L08,35,474.4,5312.898,Promotional,Cash,Cancelled,Returned,83.85
2891,532,P002,C0043,SP03,L07,28,285.15,1825.6455,Promotional,Credit Card,Delivered,Returned,476.44
2892,532,P005,C1767,SP01,L03,38,163.36,714.9546000000001,Promotional,Credit Card,Cancelled,Partially Returned,231.05
2893,532,P005,C0203,SP05,L04,34,108.37,1242.3456,Seasonal,Online Payment,Cancelled,No Returns,497.18
2894,532,P005,C1243,SP06,L12,37,279.94,3042.99456,Seasonal,Cash,Pending,Returned,174.87
2895,533,P001,C1295,SP01,L06,36,280.23,6461.712,Seasonal,Credit Card,Pending,Returned,57.66
2896,533,P003,C0068,SP03,L06,12,276.36,2905.92,Promotional,Online Payment,Cancelled,Returned,64.2
2897,533,P003,C1905,SP05,L02,47,496.76,2023.56,Promotional,Credit Card,Delivered,Partially Returned,340.81
2898,533,P003,C0836,SP06,L11,41,327.36,3626.88,Bulk Purchase,Cash,Cancelled,Partially Returned,344.02
2899,534,P001,C1450,SP05,L02,40,365.06,1477.18144,Bulk Purchase,Installment,Pending,Partially Returned,155.0
2900,534,P002,C0228,SP05,L07,40,397.63,163.1448,No Discount,Installment,Pending,No Returns,389.7
2901,534,P004,C1870,SP01,L08,8,101.52,648.8774999999999,No Discount,Credit Card,Cancelled,Partially Returned,152.13
2902,534,P004,C1472,SP03,L08,20,206.67,4998.24,No Discount,Online Payment,Cancelled,Returned,390.02
2903,534,P004,C0863,SP04,L10,11,128.97,8275.232,Bulk Purchase,Online Payment,Cancelled,Partially Returned,305.48
2904,534,P004,C1021,SP04,L11,46,199.85,776.4096,Bulk Purchase,Cash,Cancelled,Partially Returned,218.41
2905,534,P004,C1328,SP05,L01,28,246.3,1858.752,Bulk Purchase,Installment,Cancelled,No Returns,36.96
2906,534,P006,C1304,SP03,L11,3,487.4,3362.048000000001,Seasonal,Online Payment,Delivered,Returned,362.09
2907,534,P006,C0523,SP06,L03,41,384.85,277.6032,Promotional,Installment,Cancelled,Partially Returned,204.22
2908,535,P001,C1190,SP03,L12,9,341.19,3788.2528,Seasonal,Online Payment,Pending,Returned,279.05
2909,535,P002,C1028,SP01,L10,40,234.46,2181.8496,Bulk Purchase,Cash,Pending,Returned,304.85
2910,535,P003,C1946,SP03,L11,16,45.73,2836.032,Promotional,Cash,Pending,Partially Returned,343.1
2911,535,P003,C1685,SP04,L02,17,84.81,1458.0384,Seasonal,Credit Card,Delivered,Partially Returned,135.4
2912,535,P005,C1268,SP01,L10,8,349.8,974.652,No Discount,Credit Card,Delivered,No Returns,413.91
2913,535,P005,C1917,SP05,L07,26,118.74,1459.4832,No Discount,Cash,Cancelled,Returned,224.91
2914,535,P006,C1263,SP03,L10,6,270.32,2292.0576,No Discount,Cash,Pending,Partially Returned,380.51
2915,535,P006,C0217,SP05,L06,14,45.8,3913.5744,Bulk Purchase,Cash,Delivered,Returned,59.26
2916,536,P002,C1995,SP01,L08,3,316.56,1909.17,Bulk Purchase,Cash,Delivered,No Returns,141.62
2917,536,P002,C1423,SP02,L10,27,252.82,1594.908,No Discount,Credit Card,Pending,Partially Returned,213.16
2918,536,P002,C1918,SP05,L10,28,238.64,4292.3328,Seasonal,Installment,Delivered,No Returns,86.46
2919,536,P003,C0451,SP02,L03,46,410.73,3754.738800000001,Seasonal,Credit Card,Delivered,Partially Returned,0.83
2920,536,P003,C1637,SP04,L05,3,339.41,765.8851199999999,No Discount,Cash,Pending,Partially Returned,135.74
2921,536,P003,C1196,SP05,L09,27,60.97,2756.047360000001,Bulk Purchase,Installment,Delivered,No Returns,89.32
2922,536,P003,C1098,SP05,L10,38,406.8,611.5871999999999,No Discount,Cash,Pending,Partially Returned,367.51
2923,536,P004,C2136,SP06,L06,49,180.31,2531.7888,Bulk Purchase,Installment,Pending,Partially Returned,23.61
2924,536,P006,C2128,SP04,L07,7,214.73,2737.665,Bulk Purchase,Credit Card,Pending,No Returns,21.53
2925,537,P002,C0278,SP02,L12,13,181.44,235.5792,Seasonal,Credit Card,Pending,Partially Returned,20.92
2926,537,P002,C1663,SP03,L07,29,340.01,3249.918,No Discount,Online Payment,Pending,No Returns,371.25
2927,537,P002,C1431,SP06,L08,5,165.1,1883.844,Seasonal,Installment,Pending,Partially Returned,470.28
2928,537,P002,C0691,SP06,L06,26,404.46,5062.9824,No Discount,Cash,Delivered,No Returns,380.23
2929,537,P003,C1770,SP02,L07,10,279.63,1650.8268,Seasonal,Cash,Pending,No Returns,198.23
2930,537,P003,C1377,SP04,L03,32,67.94,1146.1176,Bulk Purchase,Online Payment,Delivered,No Returns,192.93
2931,537,P005,C0258,SP06,L12,16,205.98,2380.69632,Promotional,Cash,Cancelled,No Returns,249.75
2932,538,P001,C1002,SP04,L12,1,121.53,3316.5912,Bulk Purchase,Credit Card,Delivered,Returned,498.36
2933,538,P001,C1732,SP06,L10,42,351.21,3121.3728,No Discount,Cash,Pending,No Returns,281.62
2934,538,P003,C0323,SP03,L05,11,111.23,172.92912,Seasonal,Installment,Pending,No Returns,178.68
2935,538,P005,C1247,SP01,L02,12,457.46,825.1264000000001,Seasonal,Online Payment,Delivered,Returned,31.51
2936,539,P002,C0426,SP01,L12,21,285.22,317.3696,Seasonal,Online Payment,Pending,Partially Returned,164.82
2937,539,P002,C0455,SP02,L05,16,261.11,2924.4124,Bulk Purchase,Online Payment,Delivered,Partially Returned,298.1
2938,539,P003,C0464,SP02,L08,11,338.4,4690.845,Seasonal,Credit Card,Delivered,No Returns,456.02
2939,539,P004,C2150,SP01,L12,21,181.42,1234.608,Bulk Purchase,Credit Card,Cancelled,No Returns,480.76
2940,539,P006,C1543,SP05,L02,22,99.63,745.2032000000002,No Discount,Installment,Cancelled,Returned,113.42
2941,540,P001,C0593,SP02,L07,41,117.44,2956.747499999999,No Discount,Credit Card,Pending,Returned,464.85
2942,540,P002,C1934,SP03,L06,24,401.49,2019.8016,Promotional,Installment,Pending,No Returns,55.16
2943,540,P004,C0574,SP04,L05,19,333.17,1106.76384,Seasonal,Installment,Pending,No Returns,340.18
2944,540,P005,C1429,SP01,L02,37,445.49,301.7728,Bulk Purchase,Online Payment,Delivered,No Returns,137.5
2945,540,P005,C0546,SP06,L07,32,17.21,475.4295,Bulk Purchase,Credit Card,Pending,Partially Returned,57.33
2946,541,P004,C1351,SP02,L08,2,140.58,2612.16,Promotional,Installment,Pending,No Returns,202.15
2947,541,P004,C1911,SP03,L03,18,186.46,861.7752000000002,Seasonal,Credit Card,Cancelled,No Returns,91.16
2948,541,P004,C2017,SP06,L04,8,337.82,2058.7284,Bulk Purchase,Credit Card,Delivered,Returned,130.52
2949,541,P005,C0329,SP04,L07,35,336.64,1132.6728,Promotional,Installment,Pending,Partially Returned,243.6
2950,542,P005,C1396,SP02,L09,48,282.82,2135.73888,Seasonal,Installment,Pending,Partially Returned,68.39
2951,542,P005,C0872,SP03,L03,30,495.79,1133.23536,Bulk Purchase,Cash,Delivered,No Returns,201.16
2952,542,P005,C1051,SP06,L12,19,98.82,641.4576,Bulk Purchase,Credit Card,Delivered,Partially Returned,133.25
2953,542,P006,C1822,SP04,L12,22,229.06,2165.56608,Bulk Purchase,Cash,Delivered,Returned,55.73
2954,543,P002,C0133,SP02,L07,1,64.37,2115.2565,Promotional,Credit Card,Delivered,Returned,253.38
2955,543,P002,C1003,SP05,L06,9,383.64,216.8064,Promotional,Installment,Cancelled,No Returns,115.21
2956,543,P002,C0220,SP06,L09,32,30.96,1714.8736,Promotional,Online Payment,Delivered,No Returns,289.88
2957,543,P004,C1940,SP02,L04,42,110.62,2263.15296,Bulk Purchase,Cash,Cancelled,Returned,24.44
2958,543,P006,C0701,SP01,L07,24,23.47,2150.2404,Bulk Purchase,Cash,Cancelled,Returned,496.82
2959,544,P003,C1551,SP02,L02,19,70.85,664.5273599999999,Seasonal,Installment,Delivered,Partially Returned,25.73
2960,544,P003,C0685,SP02,L06,49,354.62,1415.04,No Discount,Online Payment,Pending,Returned,300.18
2961,544,P004,C0340,SP02,L12,32,85.66,1473.0432,No Discount,Online Payment,Cancelled,Partially Returned,41.82
2962,544,P005,C1175,SP06,L06,17,280.89,2938.4064,Bulk Purchase,Installment,Cancelled,Returned,167.09
2963,544,P005,C0237,SP06,L10,47,165.97,3157.559999999999,No Discount,Credit Card,Cancelled,No Returns,85.45
2964,544,P006,C1622,SP02,L10,41,377.37,8436.848,Promotional,Online Payment,Delivered,Returned,476.98
2965,544,P006,C0722,SP05,L06,26,181.05,1466.496,Promotional,Online Payment,Delivered,No Returns,374.37
2966,545,P001,C0882,SP01,L08,49,477.63,7659.9,Bulk Purchase,Online Payment,Pending,Returned,155.58
2967,545,P001,C0678,SP02,L05,35,128.07,1141.4676,Bulk Purchase,Cash,Delivered,Returned,372.61
2968,545,P002,C0909,SP02,L02,21,312.19,201.6672,No Discount,Credit Card,Cancelled,Returned,243.33
2969,545,P002,C1470,SP02,L06,48,74.72,5729.644799999999,No Discount,Cash,Pending,Partially Returned,128.78
2970,545,P003,C1555,SP04,L06,34,221.31,1220.0064,Bulk Purchase,Installment,Cancelled,Partially Returned,187.24
2971,545,P006,C1899,SP02,L01,10,465.6,1545.936,Bulk Purchase,Credit Card,Pending,Partially Returned,131.89
2972,545,P006,C1884,SP02,L05,25,33.92,1130.0744,Seasonal,Online Payment,Cancelled,Returned,0.02
2973,545,P006,C1564,SP05,L09,10,252.37,2026.42176,Promotional,Cash,Delivered,Partially Returned,397.79
2974,546,P001,C1843,SP02,L08,29,141.99,1466.604,Bulk Purchase,Installment,Pending,No Returns,227.87
2975,546,P001,C0430,SP03,L05,34,443.91,821.60624,No Discount,Installment,Cancelled,Returned,128.73
2976,546,P001,C1786,SP06,L04,47,59.43,2402.784,Promotional,Online Payment,Delivered,No Returns,400.75
2977,546,P003,C1319,SP02,L10,3,452.67,3659.3088,No Discount,Cash,Cancelled,Partially Returned,479.25
2978,546,P003,C0453,SP05,L05,3,367.82,1374.1182,Promotional,Credit Card,Pending,No Returns,6.51
2979,546,P003,C0072,SP06,L08,23,452.07,1265.472,Promotional,Installment,Cancelled,No Returns,381.59
2980,546,P004,C2089,SP03,L03,48,175.85,1606.75488,Promotional,Installment,Cancelled,Partially Returned,214.48
2981,546,P006,C0535,SP03,L09,44,196.04,921.4656,Seasonal,Online Payment,Pending,Returned,145.43
2982,546,P006,C0451,SP06,L07,39,366.6,1124.7432,Seasonal,Installment,Pending,Returned,407.57
2983,547,P001,C0832,SP01,L03,43,182.09,1100.97792,Seasonal,Installment,Pending,Partially Returned,341.6
2984,547,P002,C1625,SP06,L02,49,483.57,2203.5552,No Discount,Credit Card,Pending,No Returns,30.9
2985,547,P005,C2029,SP01,L08,30,406.75,1548.6525,No Discount,Credit Card,Cancelled,Partially Returned,132.28
2986,547,P006,C1127,SP04,L05,40,316.52,1111.06632,Seasonal,Cash,Delivered,Returned,180.42
2987,548,P001,C2086,SP01,L05,14,337.29,314.5506,Bulk Purchase,Credit Card,Delivered,Partially Returned,254.5
2988,548,P001,C1293,SP05,L03,8,82.94,3510.345600000001,Bulk Purchase,Online Payment,Delivered,No Returns,84.74
2989,548,P002,C1534,SP01,L12,11,66.65,1008.168,Bulk Purchase,Credit Card,Pending,No Returns,31.59
2990,548,P002,C0721,SP02,L02,10,31.07,2869.1712,Bulk Purchase,Online Payment,Pending,Returned,317.81
2991,548,P002,C0713,SP06,L12,23,395.14,1912.67136,Promotional,Cash,Pending,Returned,96.19
2992,548,P003,C0238,SP03,L01,46,107.52,1875.328,Seasonal,Online Payment,Delivered,No Returns,13.62
2993,548,P003,C0373,SP04,L06,24,137.54,5892.12,Bulk Purchase,Credit Card,Delivered,Returned,292.8
2994,548,P004,C0488,SP06,L04,49,213.54,688.5561600000002,No Discount,Installment,Delivered,Partially Returned,433.06
2995,548,P005,C1577,SP02,L03,22,19.36,3941.46,Seasonal,Online Payment,Cancelled,Partially Returned,362.71
2996,548,P005,C0660,SP03,L04,8,283.7,3800.088,Seasonal,Online Payment,Pending,Returned,45.18
2997,548,P005,C1450,SP04,L10,24,332.93,1306.284,Seasonal,Credit Card,Delivered,Partially Returned,425.4
2998,548,P006,C0029,SP04,L08,11,238.07,2683.935,Bulk Purchase,Credit Card,Delivered,No Returns,30.9
2999,549,P002,C1411,SP01,L03,32,431.58,546.8472,Promotional,Credit Card,Delivered,Returned,262.45
3000,549,P003,C1283,SP02,L06,6,178.78,4609.5552,Promotional,Cash,Pending,Partially Returned,89.79
3001,550,P002,C0449,SP04,L06,22,154.01,3706.344,No Discount,Credit Card,Cancelled,Returned,423.26
3002,550,P004,C1007,SP04,L12,23,379.99,895.5600000000001,Seasonal,Credit Card,Pending,Returned,392.32
3003,550,P005,C0035,SP06,L10,44,392.69,429.6768,Bulk Purchase,Installment,Cancelled,Returned,296.3
3004,550,P006,C1169,SP01,L12,28,230.51,3282.5504,No Discount,Online Payment,Pending,Partially Returned,408.72
3005,550,P006,C1776,SP01,L05,2,216.94,1132.8135,No Discount,Credit Card,Pending,Partially Returned,413.52
3006,550,P006,C0688,SP02,L09,45,313.37,1146.35136,Promotional,Cash,Pending,Partially Returned,442.19
3007,550,P006,C1787,SP06,L05,41,458.79,244.2804,Seasonal,Credit Card,Delivered,No Returns,22.49
3008,551,P001,C1134,SP06,L03,23,463.19,1384.9704,No Discount,Online Payment,Delivered,Partially Returned,445.04
3009,551,P002,C0603,SP04,L03,13,173.19,3120.5088,No Discount,Online Payment,Delivered,No Returns,184.38
3010,551,P002,C0783,SP04,L03,34,217.79,1330.55136,Promotional,Installment,Cancelled,Returned,108.08
3011,551,P002,C1906,SP04,L01,24,489.06,1005.76,Seasonal,Installment,Delivered,Returned,352.49
3012,551,P002,C0756,SP04,L07,30,175.4,413.0027999999999,Promotional,Cash,Pending,Returned,115.57
3013,551,P003,C1341,SP02,L08,42,316.21,363.6360000000001,Seasonal,Installment,Cancelled,Partially Returned,193.61
3014,551,P005,C1644,SP01,L10,49,72.97,10910.48,Bulk Purchase,Online Payment,Delivered,No Returns,61.62
3015,552,P002,C0667,SP03,L06,21,143.78,3746.9376,Bulk Purchase,Cash,Cancelled,Partially Returned,247.22
3016,552,P003,C1875,SP02,L05,20,112.08,1365.45136,Seasonal,Installment,Pending,Partially Returned,484.98
3017,552,P006,C0325,SP06,L12,49,481.96,1227.4816,Promotional,Installment,Delivered,No Returns,337.43
3018,552,P006,C1026,SP06,L08,21,405.89,2142.576,No Discount,Installment,Pending,Returned,404.2
3019,553,P003,C0212,SP02,L01,13,69.91,3601.639999999999,No Discount,Online Payment,Delivered,Partially Returned,37.02
3020,553,P003,C1288,SP05,L11,40,179.81,1449.84,Bulk Purchase,Credit Card,Pending,No Returns,385.52
3021,553,P004,C1624,SP04,L06,40,367.07,5747.687999999999,Bulk Purchase,Credit Card,Pending,Partially Returned,381.72
3022,553,P005,C0717,SP01,L11,24,157.9,1344.672,Promotional,Credit Card,Pending,Partially Returned,267.62
3023,553,P006,C1179,SP03,L06,4,201.53,6819.456,Seasonal,Online Payment,Cancelled,Returned,123.77
3024,553,P006,C0064,SP05,L08,4,478.8,3723.084,Bulk Purchase,Cash,Pending,No Returns,77.46
3025,554,P002,C1788,SP01,L03,21,117.3,244.86624,Seasonal,Cash,Delivered,Partially Returned,138.11
3026,554,P002,C2073,SP04,L02,11,248.31,2130.3744,No Discount,Cash,Delivered,Returned,175.16
3027,554,P004,C1886,SP02,L03,34,374.76,3144.8088,Promotional,Credit Card,Pending,Returned,343.38
3028,554,P006,C1533,SP01,L06,1,417.63,2237.616,Bulk Purchase,Credit Card,Pending,Partially Returned,243.41
3029,555,P001,C0532,SP04,L01,31,305.9,3705.996,Bulk Purchase,Credit Card,Pending,Partially Returned,25.8
3030,555,P001,C0758,SP05,L09,13,238.16,1950.168000000001,Promotional,Credit Card,Cancelled,No Returns,273.51
3031,555,P002,C1503,SP03,L01,10,203.03,3046.89,Promotional,Credit Card,Pending,Partially Returned,310.15
3032,555,P004,C0243,SP01,L04,11,257.27,4313.088,Promotional,Online Payment,Cancelled,Returned,284.43
3033,555,P004,C1524,SP05,L06,13,39.95,1683.1104,No Discount,Installment,Cancelled,Partially Returned,356.4
3034,555,P005,C1783,SP05,L03,31,351.53,1888.89408,Bulk Purchase,Installment,Delivered,Returned,450.44
3035,555,P006,C0800,SP03,L11,33,498.73,2591.616,Bulk Purchase,Cash,Cancelled,No Returns,379.27
3036,556,P001,C1134,SP05,L09,43,394.3,4876.256,Promotional,Online Payment,Cancelled,No Returns,407.95
3037,556,P002,C1660,SP06,L08,22,45.22,3839.454,Promotional,Cash,Pending,No Returns,66.43
3038,556,P003,C1076,SP02,L08,24,111.97,871.6679999999999,Seasonal,Cash,Cancelled,Returned,139.76
3039,556,P005,C0479,SP05,L03,15,398.58,1806.5106,Seasonal,Credit Card,Pending,No Returns,76.85
3040,557,P001,C1712,SP06,L03,31,339.17,2145.476160000001,No Discount,Cash,Pending,Returned,72.5
3041,557,P002,C0080,SP05,L02,11,366.04,2642.68032,Promotional,Cash,Cancelled,Returned,91.21
3042,557,P003,C0257,SP04,L07,13,115.83,3417.414,Promotional,Online Payment,Pending,Partially Returned,92.5
3043,557,P004,C0595,SP04,L06,40,33.33,2329.056,Promotional,Cash,Delivered,Partially Returned,157.92
3044,557,P005,C0789,SP04,L06,13,243.87,3318.144,Bulk Purchase,Online Payment,Cancelled,No Returns,62.26
3045,558,P001,C0663,SP04,L12,37,292.12,2061.19424,Promotional,Installment,Pending,Returned,491.45
3046,558,P002,C0836,SP06,L09,21,201.38,779.5532800000001,Bulk Purchase,Installment,Delivered,No Returns,3.6
3047,558,P003,C0660,SP05,L02,29,457.22,1867.00416,Seasonal,Cash,Pending,No Returns,310.91
3048,558,P004,C2144,SP03,L06,4,151.52,560.2560000000001,Bulk Purchase,Installment,Delivered,Partially Returned,43.14
3049,558,P004,C1506,SP04,L04,21,208.98,2177.3772,Promotional,Credit Card,Delivered,Partially Returned,281.69
3050,558,P004,C0260,SP06,L07,39,400.56,1146.1464,Seasonal,Installment,Delivered,No Returns,318.34
3051,559,P002,C2084,SP03,L06,47,85.57,3815.6544,Bulk Purchase,Cash,Pending,Returned,363.44
3052,559,P003,C0161,SP02,L09,7,411.44,269.53344,Promotional,Cash,Cancelled,Partially Returned,246.55
3053,559,P004,C0889,SP04,L12,14,355.1,2718.19392,Bulk Purchase,Cash,Delivered,No Returns,149.13
3054,560,P001,C1665,SP01,L05,10,302.23,1473.8997,Promotional,Credit Card,Cancelled,Returned,430.3
3055,560,P001,C1081,SP03,L01,33,232.66,1613.346,Promotional,Credit Card,Pending,No Returns,459.11
3056,560,P002,C0840,SP05,L11,23,139.09,4788.928,Promotional,Online Payment,Delivered,Partially Returned,145.93
3057,560,P003,C0975,SP05,L01,22,156.34,2611.308,Promotional,Credit Card,Pending,Returned,141.3
3058,561,P001,C0938,SP06,L01,34,298.47,1664.4096,No Discount,Installment,Delivered,No Returns,458.55
3059,561,P003,C0255,SP02,L04,2,34.41,2067.984,Bulk Purchase,Online Payment,Cancelled,Partially Returned,452.57
3060,561,P004,C0490,SP02,L10,45,490.39,3330.8352,Seasonal,Installment,Delivered,No Returns,450.84
3061,561,P005,C1076,SP02,L07,3,182.24,2843.862,Seasonal,Online Payment,Delivered,No Returns,167.37
3062,561,P006,C0920,SP06,L07,49,271.78,2426.55,Bulk Purchase,Online Payment,Cancelled,No Returns,32.44
3063,562,P001,C0039,SP06,L10,32,350.95,3498.768,Promotional,Credit Card,Pending,Partially Returned,444.69
3064,562,P002,C0547,SP03,L11,15,483.81,4630.528,No Discount,Online Payment,Pending,Partially Returned,272.39
3065,562,P002,C0516,SP03,L11,45,315.09,1137.5872,No Discount,Installment,Cancelled,Partially Returned,298.39
3066,562,P002,C0810,SP04,L02,36,484.31,309.58592,Seasonal,Installment,Delivered,No Returns,486.43
3067,562,P003,C1453,SP04,L03,47,419.05,1484.77536,Promotional,Installment,Pending,Partially Returned,305.32
3068,562,P004,C2068,SP04,L03,14,178.81,582.5779200000001,Seasonal,Cash,Pending,Returned,138.49
3069,562,P004,C2039,SP06,L09,26,133.55,3853.5552,No Discount,Credit Card,Pending,Returned,374.0
3070,562,P006,C1878,SP06,L02,23,36.85,3062.4832,Bulk Purchase,Online Payment,Delivered,Partially Returned,186.13
3071,563,P001,C2097,SP03,L04,46,59.02,1307.95776,No Discount,Installment,Cancelled,Partially Returned,251.04
3072,563,P006,C1656,SP03,L02,18,436.86,3140.2112,Bulk Purchase,Online Payment,Delivered,No Returns,271.89
3073,563,P006,C1791,SP03,L07,19,139.34,662.9111999999999,No Discount,Cash,Pending,No Returns,78.76
3074,563,P006,C1808,SP05,L01,46,414.06,2712.99,No Discount,Credit Card,Pending,Partially Returned,21.79
3075,564,P003,C0193,SP06,L10,45,338.2,3013.4272,Promotional,Installment,Pending,Partially Returned,64.12
3076,564,P005,C0158,SP02,L09,36,208.96,1204.64256,Seasonal,Cash,Pending,Returned,228.03
3077,564,P005,C1685,SP04,L06,31,73.0,1712.832,Seasonal,Online Payment,Delivered,Returned,310.65
3078,564,P006,C0466,SP03,L03,30,122.21,3412.4976,Promotional,Cash,Cancelled,Partially Returned,487.49
3079,565,P002,C0421,SP02,L06,29,339.63,4158.719999999999,Promotional,Online Payment,Cancelled,Partially Returned,301.52
3080,565,P002,C1348,SP03,L03,25,237.99,1088.8344,Bulk Purchase,Credit Card,Cancelled,No Returns,20.6
3081,565,P002,C2160,SP04,L09,12,424.82,4330.2336,Promotional,Online Payment,Cancelled,Returned,277.66
3082,565,P004,C1449,SP02,L04,44,222.87,940.77504,Promotional,Installment,Delivered,Partially Returned,455.77
3083,565,P004,C0462,SP02,L11,4,249.5,3308.160000000001,Promotional,Credit Card,Cancelled,No Returns,67.95
3084,566,P002,C0235,SP02,L11,4,367.03,1365.6064,Promotional,Installment,Delivered,Partially Returned,115.18
3085,566,P006,C1363,SP03,L09,32,153.86,2172.43136,No Discount,Installment,Delivered,Partially Returned,425.51
3086,567,P004,C1658,SP02,L10,7,28.83,4800.767999999999,Promotional,Online Payment,Pending,Partially Returned,259.8
3087,567,P005,C1325,SP02,L06,32,267.28,2702.016,Bulk Purchase,Online Payment,Pending,Returned,345.13
3088,567,P006,C0745,SP04,L09,40,228.67,2274.11712,No Discount,Cash,Cancelled,Partially Returned,331.16
3089,568,P001,C1326,SP02,L11,46,244.95,1953.3312,Bulk Purchase,Installment,Pending,Partially Returned,224.47
3090,568,P003,C0717,SP04,L04,23,463.19,1781.45568,Bulk Purchase,Cash,Cancelled,No Returns,275.59
3091,568,P003,C0683,SP04,L10,21,72.35,1486.576,No Discount,Online Payment,Cancelled,Returned,238.78
3092,568,P005,C0416,SP01,L08,11,434.16,3918.078,Bulk Purchase,Cash,Pending,Returned,188.06
3093,568,P006,C1695,SP03,L08,14,449.23,1395.504,No Discount,Installment,Cancelled,Partially Returned,407.67
3094,569,P001,C0125,SP02,L12,40,459.58,947.172,Seasonal,Credit Card,Cancelled,No Returns,496.37
3095,569,P001,C0346,SP02,L03,29,394.65,1218.81024,Promotional,Cash,Pending,Returned,278.87
3096,569,P001,C1651,SP06,L12,28,47.98,1335.9552,No Discount,Cash,Delivered,No Returns,174.02
3097,569,P005,C2020,SP04,L02,8,172.34,1363.8912,No Discount,Credit Card,Cancelled,No Returns,118.47
3098,569,P005,C0882,SP06,L11,23,410.72,3563.280000000001,Promotional,Credit Card,Delivered,Partially Returned,390.84
3099,570,P001,C1421,SP02,L11,18,310.01,2462.208000000001,Seasonal,Cash,Delivered,No Returns,297.23
3100,570,P001,C0589,SP06,L05,26,227.64,3151.5484,Seasonal,Online Payment,Cancelled,No Returns,255.39
3101,570,P002,C0754,SP03,L10,9,20.61,3646.2272,Bulk Purchase,Installment,Delivered,No Returns,26.73
3102,570,P002,C1708,SP05,L11,27,373.35,2267.9808,Promotional,Installment,Pending,Returned,211.28
3103,570,P003,C0709,SP03,L03,1,150.1,696.91104,Promotional,Installment,Cancelled,Returned,474.19
3104,570,P003,C1984,SP06,L03,40,232.37,6034.0464,No Discount,Online Payment,Pending,Returned,44.0
3105,570,P003,C0458,SP06,L01,27,113.97,2863.616,Promotional,Online Payment,Pending,Returned,492.76
3106,570,P004,C0198,SP04,L03,17,91.25,250.46496,Bulk Purchase,Cash,Pending,Returned,421.8
3107,571,P001,C1246,SP01,L02,32,354.89,2426.323199999999,No Discount,Cash,Delivered,Partially Returned,476.37
3108,571,P001,C1280,SP01,L11,8,252.44,2315.7888,Bulk Purchase,Cash,Cancelled,Partially Returned,428.78
3109,571,P001,C2145,SP02,L08,8,346.1,3216.528000000001,No Discount,Installment,Pending,Partially Returned,255.88
3110,571,P001,C0728,SP04,L06,45,143.27,8677.152,No Discount,Online Payment,Pending,No Returns,220.5
3111,571,P002,C0045,SP01,L11,28,281.94,426.9568,No Discount,Installment,Cancelled,Partially Returned,125.97
3112,571,P003,C1823,SP03,L10,45,244.72,987.504,Bulk Purchase,Credit Card,Cancelled,Returned,350.24
3113,571,P003,C1112,SP04,L01,39,410.02,2140.656,Seasonal,Installment,Cancelled,Returned,358.59
3114,571,P006,C0507,SP01,L07,42,440.14,1096.0152,Seasonal,Installment,Delivered,Returned,456.24
3115,572,P001,C1768,SP03,L09,27,175.33,569.6768000000002,Seasonal,Installment,Cancelled,Returned,88.94
3116,572,P001,C0216,SP06,L11,15,321.13,2179.072,Promotional,Installment,Cancelled,No Returns,12.21
3117,572,P002,C1874,SP03,L06,45,214.5,6024.575999999999,No Discount,Online Payment,Delivered,Partially Returned,176.28
3118,572,P004,C1632,SP05,L05,49,372.37,1371.8523,Bulk Purchase,Credit Card,Delivered,Partially Returned,139.36
3119,573,P001,C2080,SP02,L01,42,178.16,663.8688,No Discount,Cash,Delivered,Returned,4.9
3120,573,P001,C0580,SP04,L04,31,239.38,2360.87136,Promotional,Cash,Pending,No Returns,457.66
3121,573,P002,C1726,SP05,L06,22,460.31,1465.1136,Seasonal,Cash,Cancelled,Partially Returned,407.61
3122,573,P004,C1240,SP04,L11,18,100.03,621.792,No Discount,Credit Card,Cancelled,No Returns,486.44
3123,573,P005,C1384,SP06,L08,43,455.41,5000.0625,Bulk Purchase,Credit Card,Cancelled,Returned,434.78
3124,574,P001,C1135,SP06,L09,17,47.99,2928.288,No Discount,Cash,Cancelled,No Returns,321.33
3125,574,P002,C2067,SP02,L01,19,10.53,3655.932,No Discount,Credit Card,Pending,Returned,311.23
3126,574,P002,C0144,SP04,L01,49,95.31,1433.712,No Discount,Installment,Delivered,No Returns,389.28
3127,574,P002,C0450,SP05,L02,43,402.67,2898.9072,Promotional,Credit Card,Delivered,No Returns,415.24
3128,574,P003,C0316,SP04,L09,14,108.74,1189.1088,No Discount,Credit Card,Cancelled,Partially Returned,117.69
3129,574,P003,C1245,SP06,L07,34,162.94,379.1256,No Discount,Installment,Delivered,Partially Returned,473.67
3130,574,P005,C0088,SP04,L12,6,347.88,1536.93056,Seasonal,Installment,Cancelled,No Returns,137.94
3131,574,P005,C1774,SP05,L09,19,491.39,1573.2992,No Discount,Installment,Cancelled,Returned,42.77
3132,574,P005,C2034,SP05,L02,47,282.84,3342.976,Promotional,Online Payment,Cancelled,Returned,132.43
3133,574,P006,C0378,SP01,L04,22,78.14,1427.89824,Bulk Purchase,Installment,Cancelled,Partially Returned,104.17
3134,575,P002,C0418,SP04,L12,21,274.6,1977.1272,No Discount,Credit Card,Delivered,Partially Returned,46.57
3135,575,P005,C1434,SP04,L01,17,295.16,1007.6192,Seasonal,Installment,Delivered,Partially Returned,121.07
3136,576,P001,C2127,SP01,L06,4,66.56,5751.288,No Discount,Credit Card,Cancelled,Partially Returned,179.94
3137,576,P001,C0032,SP04,L12,35,181.5,489.46944,Promotional,Cash,Delivered,No Returns,21.67
3138,576,P003,C0408,SP04,L04,43,477.54,2609.7552,Promotional,Online Payment,Cancelled,Partially Returned,372.28
3139,576,P005,C1423,SP06,L01,19,180.36,729.6576000000001,No Discount,Installment,Cancelled,Returned,204.14
3140,577,P001,C1262,SP02,L11,2,256.83,3143.904,Bulk Purchase,Credit Card,Delivered,Partially Returned,333.99
3141,577,P002,C0871,SP01,L07,26,367.94,934.71,Seasonal,Online Payment,Delivered,No Returns,297.5
3142,577,P006,C1861,SP05,L11,7,67.14,2449.2672,Bulk Purchase,Cash,Pending,Returned,386.42
3143,578,P001,C1796,SP03,L02,47,258.18,1389.05088,Promotional,Installment,Pending,Returned,185.67
3144,578,P001,C1638,SP05,L10,43,308.85,2978.751999999999,Bulk Purchase,Online Payment,Cancelled,Partially Returned,133.03
3145,578,P002,C1681,SP03,L08,15,344.83,2487.348,No Discount,Cash,Delivered,No Returns,105.71
3146,578,P002,C2048,SP06,L01,28,290.71,856.4864,Bulk Purchase,Installment,Delivered,Returned,138.73
3147,578,P004,C1957,SP03,L04,37,214.78,3410.6832,Promotional,Online Payment,Cancelled,No Returns,294.79
3148,578,P005,C1361,SP01,L09,4,114.47,2221.6656,Seasonal,Credit Card,Cancelled,Partially Returned,443.53
3149,579,P002,C1015,SP04,L09,25,471.06,3466.6368,Bulk Purchase,Credit Card,Pending,Returned,26.01
3150,579,P004,C1399,SP01,L06,14,25.22,4142.1312,Promotional,Cash,Cancelled,Returned,141.96
3151,579,P004,C0306,SP05,L08,46,204.15,3344.472,No Discount,Installment,Cancelled,Returned,117.65
3152,579,P005,C1155,SP01,L06,43,300.56,3118.636799999999,Promotional,Cash,Delivered,No Returns,391.18
3153,579,P005,C0010,SP06,L01,6,59.01,1629.3088,Seasonal,Installment,Cancelled,No Returns,258.22
3154,579,P006,C1927,SP01,L10,47,469.68,6404.271999999999,Bulk Purchase,Online Payment,Pending,Partially Returned,263.58
3155,579,P006,C0206,SP05,L08,18,364.45,556.7760000000001,Seasonal,Installment,Cancelled,Partially Returned,195.14
3156,579,P006,C1616,SP06,L02,24,104.16,2406.0288,No Discount,Cash,Pending,Returned,424.86
3157,580,P001,C1938,SP05,L02,15,405.37,1103.76,Promotional,Credit Card,Delivered,No Returns,447.42
3158,580,P002,C0213,SP02,L05,43,284.21,138.91696,No Discount,Installment,Pending,Partially Returned,281.24
3159,580,P003,C0111,SP01,L05,15,468.48,1634.8605,No Discount,Credit Card,Cancelled,Returned,50.41
3160,580,P003,C0582,SP03,L11,29,36.97,5956.096,No Discount,Online Payment,Pending,No Returns,266.98
3161,580,P003,C1328,SP04,L04,11,363.9,1404.57024,Promotional,Installment,Cancelled,Returned,492.37
3162,580,P004,C1830,SP05,L02,11,73.86,1110.0096,No Discount,Cash,Cancelled,No Returns,160.87
3163,580,P005,C1105,SP02,L07,10,444.54,445.1327999999999,Promotional,Installment,Delivered,Returned,375.78
3164,581,P001,C0401,SP04,L05,17,408.77,179.87424,Bulk Purchase,Installment,Cancelled,Partially Returned,431.65
3165,581,P002,C0703,SP02,L10,36,221.61,2736.0256,Seasonal,Installment,Delivered,Returned,115.28
3166,581,P006,C1713,SP02,L06,3,467.53,3762.144,No Discount,Online Payment,Pending,Partially Returned,318.68
3167,582,P002,C2037,SP01,L05,38,81.65,1389.388,Bulk Purchase,Online Payment,Cancelled,No Returns,497.24
3168,582,P002,C0476,SP03,L11,28,206.19,1281.216,Seasonal,Online Payment,Delivered,Returned,335.47
3169,582,P004,C0783,SP04,L11,6,111.08,1797.552,Promotional,Credit Card,Pending,No Returns,494.2
3170,582,P005,C0562,SP02,L02,47,310.27,940.6924799999998,Bulk Purchase,Cash,Delivered,Returned,66.85
3171,582,P005,C0931,SP03,L06,36,412.36,6155.424,Bulk Purchase,Online Payment,Pending,Partially Returned,230.35
3172,583,P003,C0318,SP05,L09,47,98.84,541.64352,Seasonal,Cash,Delivered,Returned,326.74
3173,583,P003,C1404,SP06,L03,31,310.23,818.5212,Seasonal,Credit Card,Delivered,Returned,43.4
3174,583,P003,C0279,SP06,L05,2,430.99,1174.45328,Seasonal,Installment,Pending,Returned,484.21
3175,583,P004,C0690,SP01,L11,39,386.61,1737.472,Promotional,Installment,Delivered,No Returns,394.75
3176,583,P005,C1981,SP04,L07,38,116.14,3811.121999999999,Promotional,Online Payment,Pending,No Returns,179.74
3177,583,P006,C2044,SP02,L02,38,167.3,273.47712,Bulk Purchase,Cash,Delivered,Partially Returned,12.65
3178,584,P001,C1654,SP06,L05,7,491.47,460.4691,Bulk Purchase,Credit Card,Pending,No Returns,192.64
3179,584,P005,C1136,SP02,L10,27,284.38,9697.071999999998,Seasonal,Online Payment,Delivered,No Returns,469.53
3180,584,P006,C1224,SP01,L05,19,114.61,1939.665,No Discount,Credit Card,Delivered,Partially Returned,482.5
3181,584,P006,C1492,SP03,L09,23,262.02,226.0684800000001,Bulk Purchase,Cash,Pending,No Returns,352.67
3182,584,P006,C1880,SP05,L05,42,71.8,912.16944,Seasonal,Installment,Pending,No Returns,21.03
3183,585,P001,C0229,SP01,L11,49,371.86,3041.664,No Discount,Credit Card,Cancelled,Partially Returned,110.35
3184,585,P001,C0537,SP05,L08,27,198.95,3381.6825,Seasonal,Credit Card,Cancelled,Returned,439.63
3185,585,P002,C0518,SP01,L04,43,432.63,154.08576,Bulk Purchase,Installment,Cancelled,Partially Returned,57.71
3186,585,P002,C0493,SP02,L06,28,293.95,1477.224,Seasonal,Credit Card,Pending,No Returns,7.61
3187,585,P002,C1902,SP04,L03,31,263.02,5754.888000000001,Bulk Purchase,Online Payment,Pending,Returned,104.58
3188,585,P002,C1496,SP05,L11,31,104.08,2345.3184,Bulk Purchase,Installment,Pending,Returned,241.85
3189,585,P004,C0702,SP05,L05,6,442.48,149.53848,Seasonal,Cash,Pending,Returned,451.86
3190,586,P001,C0360,SP01,L04,29,389.9,1348.9632,Bulk Purchase,Installment,Cancelled,No Returns,91.4
3191,586,P001,C0328,SP04,L11,39,497.82,2331.696,Seasonal,Credit Card,Delivered,Partially Returned,48.52
3192,586,P002,C0397,SP01,L02,24,352.78,564.46208,Seasonal,Installment,Cancelled,No Returns,344.74
3193,586,P004,C0160,SP06,L10,38,160.43,4304.495999999999,Promotional,Online Payment,Delivered,No Returns,425.31
3194,586,P005,C0140,SP01,L08,25,88.58,3196.206,Promotional,Cash,Pending,Returned,239.51
3195,586,P005,C1269,SP04,L03,4,228.77,3529.83744,Promotional,Cash,Pending,Partially Returned,320.54
3196,586,P005,C1670,SP06,L12,14,279.0,2271.15648,No Discount,Cash,Delivered,Returned,40.91
3197,586,P006,C1844,SP05,L04,17,341.43,1424.89152,No Discount,Installment,Pending,Partially Returned,376.69
3198,586,P006,C1732,SP06,L05,37,340.59,2552.2588,Bulk Purchase,Online Payment,Cancelled,Returned,186.59
3199,587,P001,C0776,SP02,L08,9,275.12,2459.43,Seasonal,Cash,Pending,Returned,140.65
3200,587,P002,C0295,SP05,L10,35,241.58,1145.76,Promotional,Cash,Cancelled,No Returns,247.73
3201,587,P003,C2150,SP03,L04,20,316.77,1236.87648,Promotional,Cash,Delivered,No Returns,419.76
3202,587,P006,C1805,SP03,L09,32,415.05,4318.9344,Seasonal,Credit Card,Pending,Returned,304.75
3203,587,P006,C2132,SP03,L03,30,158.15,6318.5832,Bulk Purchase,Online Payment,Delivered,Partially Returned,135.46
3204,587,P006,C0916,SP05,L03,21,10.31,546.7305600000001,Bulk Purchase,Installment,Cancelled,Returned,47.79
3205,588,P001,C0145,SP02,L05,38,169.98,429.74568,No Discount,Cash,Delivered,Returned,174.19
3206,588,P002,C1075,SP04,L05,31,329.38,807.4612000000001,Bulk Purchase,Online Payment,Delivered,Partially Returned,188.47
3207,588,P002,C1556,SP06,L04,32,397.18,1607.1696,Bulk Purchase,Credit Card,Pending,Returned,495.16
3208,588,P003,C0977,SP05,L09,32,386.6,2824.747200000001,Bulk Purchase,Credit Card,Delivered,No Returns,335.32
3209,588,P004,C1973,SP02,L10,36,455.16,3733.38,No Discount,Credit Card,Delivered,Partially Returned,90.37
3210,588,P005,C1858,SP02,L06,34,378.71,5648.544,Bulk Purchase,Credit Card,Pending,Returned,424.34
3211,588,P006,C0296,SP04,L09,2,211.36,2117.632000000001,Seasonal,Installment,Delivered,Partially Returned,34.47
3212,589,P001,C0311,SP02,L11,35,475.17,1139.072,Bulk Purchase,Online Payment,Cancelled,No Returns,163.9
3213,589,P002,C1792,SP02,L04,48,411.02,308.15424,Bulk Purchase,Installment,Delivered,Returned,444.98
3214,589,P002,C0449,SP02,L05,36,145.89,1131.858,No Discount,Online Payment,Pending,Partially Returned,398.59
3215,589,P002,C0242,SP02,L11,22,268.11,2313.5488,Bulk Purchase,Installment,Delivered,No Returns,166.36
3216,589,P002,C0549,SP03,L02,23,208.53,1341.01632,Promotional,Cash,Cancelled,Partially Returned,157.6
3217,589,P003,C1809,SP05,L12,2,133.61,2078.64576,No Discount,Installment,Cancelled,Returned,226.13
3218,589,P004,C0958,SP03,L09,26,483.07,897.9696000000001,Promotional,Credit Card,Pending,No Returns,369.29
3219,589,P004,C1526,SP03,L07,49,193.34,582.246,No Discount,Online Payment,Pending,Partially Returned,368.45
3220,589,P004,C0823,SP05,L04,20,114.45,4022.5248,Seasonal,Online Payment,Pending,Returned,48.29
3221,589,P004,C0051,SP06,L12,28,60.6,2427.30624,Bulk Purchase,Cash,Delivered,Partially Returned,154.18
3222,590,P002,C0869,SP05,L05,32,45.49,373.646,No Discount,Online Payment,Delivered,No Returns,449.34
3223,590,P003,C0990,SP05,L10,13,463.77,4370.6432,Bulk Purchase,Installment,Cancelled,Partially Returned,218.85
3224,590,P004,C1421,SP03,L11,3,131.18,2412.9024,Seasonal,Cash,Delivered,Returned,324.36
3225,590,P004,C0454,SP05,L10,8,103.47,3428.6784,No Discount,Installment,Delivered,Partially Returned,182.67
3226,590,P005,C1690,SP03,L12,19,486.72,2585.70816,Bulk Purchase,Cash,Delivered,No Returns,346.54
3227,591,P001,C0329,SP05,L10,46,402.11,4255.776,Seasonal,Credit Card,Pending,Partially Returned,358.34
3228,591,P002,C0085,SP06,L02,27,232.43,544.26624,Promotional,Installment,Cancelled,Returned,488.88
3229,591,P005,C0646,SP03,L07,43,384.14,142.128,Promotional,Installment,Cancelled,Returned,84.63
3230,591,P006,C2019,SP03,L06,32,265.34,3391.3152,Seasonal,Cash,Cancelled,No Returns,178.24
3231,592,P001,C0083,SP01,L12,45,190.75,1076.20608,Promotional,Installment,Delivered,No Returns,60.16
3232,592,P001,C0295,SP05,L09,19,290.91,3764.499200000001,No Discount,Online Payment,Pending,No Returns,297.43
3233,592,P002,C1452,SP04,L04,19,20.38,2172.71808,Seasonal,Cash,Pending,Returned,253.61
3234,592,P003,C1175,SP03,L08,29,62.63,5224.77,No Discount,Cash,Delivered,Returned,54.03
3235,592,P005,C1419,SP06,L05,11,123.6,633.6057,Bulk Purchase,Credit Card,Pending,Partially Returned,492.74
3236,592,P006,C1557,SP02,L08,39,401.45,3190.482,No Discount,Cash,Pending,Returned,264.33
3237,592,P006,C0523,SP04,L01,39,272.79,2215.6064,Bulk Purchase,Installment,Delivered,Returned,109.24
3238,593,P001,C1552,SP03,L04,39,252.05,671.1552,Bulk Purchase,Installment,Pending,Partially Returned,208.11
3239,593,P005,C1520,SP01,L12,22,320.04,2037.3072,No Discount,Credit Card,Cancelled,No Returns,244.64
3240,593,P006,C1736,SP01,L11,8,254.33,1429.0432,Seasonal,Installment,Cancelled,Partially Returned,311.9
3241,593,P006,C1289,SP02,L03,35,113.81,2813.454,Bulk Purchase,Credit Card,Pending,No Returns,379.48
3242,593,P006,C1801,SP03,L03,22,424.68,2870.7696,Promotional,Online Payment,Cancelled,Returned,491.05
3243,593,P006,C1039,SP06,L08,22,425.31,6350.58,No Discount,Online Payment,Cancelled,Returned,377.21
3244,594,P002,C1129,SP04,L02,28,396.94,756.9408,Seasonal,Installment,Pending,Partially Returned,392.59
3245,594,P002,C0605,SP04,L11,11,234.82,4119.872,Bulk Purchase,Online Payment,Delivered,Returned,50.7
3246,594,P002,C0306,SP04,L11,40,311.73,811.056,No Discount,Credit Card,Pending,Returned,147.99
3247,594,P004,C1304,SP05,L06,30,327.15,3759.0336,Bulk Purchase,Cash,Pending,No Returns,370.85
3248,594,P005,C1194,SP01,L07,24,137.67,1989.372,Bulk Purchase,Online Payment,Pending,Returned,223.42
3249,594,P005,C1659,SP05,L11,25,428.73,4866.048000000001,Promotional,Online Payment,Delivered,Returned,369.37
3250,594,P006,C0310,SP03,L03,29,31.73,2156.9976,Seasonal,Online Payment,Cancelled,Partially Returned,278.87
3251,595,P004,C1540,SP02,L04,35,466.4,1634.4288,No Discount,Online Payment,Pending,Partially Returned,306.78
3252,595,P004,C0760,SP05,L06,23,440.39,205.7472,Seasonal,Installment,Pending,No Returns,436.86
3253,595,P006,C0260,SP04,L11,3,10.09,3645.7728,No Discount,Cash,Pending,Partially Returned,130.31
3254,595,P006,C0885,SP06,L08,42,191.26,189.252,Seasonal,Installment,Delivered,No Returns,266.34
3255,596,P001,C0390,SP04,L08,21,274.86,6494.9175,Promotional,Credit Card,Pending,Partially Returned,492.55
3256,596,P002,C1106,SP01,L11,46,200.44,1702.6304,Promotional,Installment,Pending,No Returns,56.39
3257,596,P003,C0721,SP04,L07,9,416.45,2238.0624,Bulk Purchase,Cash,Delivered,No Returns,325.83
3258,596,P003,C0741,SP05,L05,2,303.09,1861.99104,Promotional,Cash,Cancelled,No Returns,207.17
3259,596,P005,C1984,SP02,L11,13,187.61,3569.088,Bulk Purchase,Online Payment,Pending,Returned,333.72
3260,596,P005,C0752,SP03,L09,15,306.52,849.8688,No Discount,Cash,Delivered,No Returns,145.48
3261,596,P006,C1955,SP03,L08,48,213.75,3999.402,No Discount,Cash,Pending,Returned,236.55
3262,597,P001,C0213,SP03,L01,33,102.2,2598.288,Seasonal,Credit Card,Delivered,Partially Returned,389.6
3263,597,P001,C0496,SP05,L01,35,34.4,2173.9648,Seasonal,Installment,Cancelled,No Returns,338.0
3264,597,P005,C2019,SP03,L08,47,499.91,3369.87,Promotional,Credit Card,Pending,Partially Returned,47.91
3265,597,P005,C1968,SP05,L02,19,290.0,2031.29472,Promotional,Cash,Pending,No Returns,229.13
3266,598,P001,C0084,SP05,L10,31,462.05,893.648,Promotional,Online Payment,Cancelled,Partially Returned,138.87
3267,598,P001,C1927,SP06,L06,33,484.57,2275.584,No Discount,Online Payment,Pending,No Returns,412.07
3268,598,P002,C0591,SP01,L07,30,217.43,2369.0016,No Discount,Cash,Delivered,Returned,268.82
3269,598,P002,C2034,SP01,L07,49,265.69,910.8456,Bulk Purchase,Installment,Cancelled,Partially Returned,202.57
3270,598,P002,C0196,SP06,L12,42,82.3,1024.93952,Bulk Purchase,Installment,Pending,No Returns,276.28
3271,598,P003,C0053,SP05,L04,8,398.53,3072.2328,Seasonal,Credit Card,Pending,Returned,202.16
3272,599,P001,C0352,SP01,L03,17,268.11,4286.7144,Bulk Purchase,Online Payment,Cancelled,No Returns,183.96
3273,599,P002,C0344,SP01,L05,25,53.68,1610.8456,Seasonal,Online Payment,Cancelled,Partially Returned,315.46
3274,599,P002,C1787,SP02,L09,43,402.38,3324.763200000001,Bulk Purchase,Credit Card,Delivered,No Returns,123.78
3275,599,P005,C1629,SP05,L08,9,145.99,624.672,Seasonal,Installment,Delivered,Returned,486.17
3276,599,P005,C0011,SP06,L01,24,344.59,2472.5568,Promotional,Cash,Cancelled,Returned,31.2
3277,599,P006,C1080,SP01,L12,11,76.76,382.5408,Bulk Purchase,Credit Card,Delivered,No Returns,346.84
3278,600,P001,C0440,SP06,L08,36,269.5,4036.59,Bulk Purchase,Online Payment,Delivered,Returned,387.66
3279,600,P001,C0461,SP06,L05,39,197.1,1028.2272,Seasonal,Cash,Delivered,No Returns,173.57
3280,600,P002,C1826,SP05,L03,8,447.96,2242.13184,Promotional,Installment,Cancelled,No Returns,298.91
3281,600,P003,C1343,SP05,L08,39,328.62,567.972,Bulk Purchase,Installment,Cancelled,Returned,365.0
3282,600,P005,C1864,SP03,L04,35,45.01,211.5072,No Discount,Cash,Pending,Partially Returned,8.26
3283,601,P001,C1097,SP02,L08,12,173.0,1853.208,Seasonal,Installment,Cancelled,Returned,338.31
3284,601,P001,C2122,SP02,L07,34,56.49,2487.324,No Discount,Online Payment,Pending,Returned,422.25
3285,601,P001,C0020,SP02,L07,44,44.87,880.3535999999999,No Discount,Installment,Pending,Returned,482.91
3286,601,P002,C0090,SP02,L10,13,309.63,972.9216,No Discount,Cash,Pending,Partially Returned,289.08
3287,601,P003,C0813,SP01,L06,9,30.28,4748.832,Bulk Purchase,Cash,Pending,Returned,441.6
3288,601,P004,C0112,SP02,L02,44,45.8,773.3824000000001,Seasonal,Online Payment,Cancelled,No Returns,415.77
3289,601,P005,C0954,SP01,L10,7,18.98,467.292,Seasonal,Credit Card,Cancelled,Returned,328.87
3290,601,P006,C0281,SP06,L04,45,60.97,1397.9304,Seasonal,Credit Card,Delivered,No Returns,173.81
3291,602,P001,C1160,SP01,L12,40,200.6,1345.32288,Seasonal,Cash,Cancelled,Partially Returned,484.15
3292,602,P004,C1877,SP06,L04,37,393.78,907.4268,Seasonal,Credit Card,Delivered,Returned,149.35
3293,602,P005,C0474,SP02,L05,40,256.36,1034.91024,Bulk Purchase,Cash,Cancelled,No Returns,271.41
3294,602,P005,C0624,SP04,L12,49,365.83,743.9308800000001,Bulk Purchase,Installment,Cancelled,Returned,129.94
3295,602,P005,C0627,SP05,L01,36,472.06,2451.12,Seasonal,Cash,Pending,Returned,391.45
3296,602,P005,C0976,SP05,L01,37,486.52,1757.3024,Bulk Purchase,Installment,Pending,Partially Returned,95.55
3297,602,P006,C0641,SP01,L04,39,499.95,1305.936,Promotional,Installment,Pending,Partially Returned,420.2
3298,602,P006,C0113,SP02,L07,31,148.82,252.441,Promotional,Credit Card,Cancelled,Partially Returned,230.01
3299,603,P002,C0819,SP05,L04,12,494.41,735.0912,Seasonal,Online Payment,Delivered,Partially Returned,18.48
3300,603,P002,C1057,SP05,L06,47,477.05,1138.2528,Promotional,Installment,Cancelled,Returned,57.72
3301,603,P002,C1271,SP06,L01,41,498.46,1130.6848,No Discount,Installment,Cancelled,No Returns,300.27
3302,603,P003,C1377,SP01,L09,35,397.87,853.0227200000002,Promotional,Installment,Pending,Returned,220.98
3303,603,P005,C1103,SP05,L05,1,455.37,1262.7888,Seasonal,Online Payment,Cancelled,Returned,105.73
3304,603,P006,C0512,SP04,L12,29,439.26,4449.5936,No Discount,Online Payment,Delivered,Partially Returned,271.15
3305,603,P006,C0948,SP04,L06,42,181.59,861.6576,Seasonal,Installment,Pending,No Returns,490.37
3306,604,P001,C0225,SP03,L12,1,351.68,543.71712,Bulk Purchase,Installment,Cancelled,No Returns,341.22
3307,604,P001,C0166,SP05,L12,13,158.21,243.4944,Bulk Purchase,Cash,Delivered,No Returns,10.97
3308,604,P001,C0312,SP06,L01,13,246.12,1023.1648,Promotional,Installment,Pending,Partially Returned,216.47
3309,604,P001,C1633,SP06,L11,43,130.79,3453.9648,No Discount,Cash,Delivered,Returned,248.68
3310,604,P002,C1280,SP03,L07,1,241.76,2265.354,Promotional,Cash,Pending,No Returns,125.88
3311,604,P002,C0781,SP06,L01,14,491.99,1168.72,No Discount,Online Payment,Cancelled,No Returns,193.58
3312,604,P004,C1367,SP01,L07,41,145.75,1638.7308,No Discount,Cash,Pending,Partially Returned,19.53
3313,604,P004,C1433,SP05,L09,24,230.25,662.5344,Bulk Purchase,Online Payment,Pending,No Returns,188.7
3314,604,P006,C1250,SP06,L10,1,444.98,560.784,No Discount,Credit Card,Cancelled,No Returns,109.88
3315,605,P001,C1540,SP02,L11,4,202.06,2274.0224,No Discount,Installment,Cancelled,No Returns,455.26
3316,605,P002,C0035,SP02,L05,20,493.96,1944.3788,No Discount,Online Payment,Pending,Partially Returned,452.79
3317,605,P003,C0182,SP02,L02,3,63.54,301.73696,Bulk Purchase,Installment,Pending,Returned,9.72
3318,605,P003,C1553,SP04,L12,22,403.84,385.87008,Promotional,Cash,Cancelled,Partially Returned,86.37
3319,605,P004,C1229,SP03,L05,22,131.04,1417.416,Bulk Purchase,Cash,Pending,Returned,377.92
3320,605,P004,C0136,SP06,L04,49,314.27,3100.1292,No Discount,Credit Card,Pending,No Returns,7.79
3321,605,P005,C0139,SP01,L10,31,41.92,868.0,Promotional,Online Payment,Cancelled,Returned,303.13
3322,606,P001,C0795,SP05,L02,32,164.45,513.4752,Seasonal,Credit Card,Cancelled,No Returns,96.59
3323,606,P003,C1936,SP03,L10,13,456.13,5030.995199999999,Bulk Purchase,Cash,Cancelled,Partially Returned,485.66
3324,606,P004,C0508,SP02,L01,5,42.46,268.9344,Bulk Purchase,Cash,Cancelled,Partially Returned,94.56
3325,606,P005,C1453,SP02,L06,39,216.09,3804.048,Bulk Purchase,Credit Card,Cancelled,Returned,340.41
3326,606,P006,C1522,SP02,L11,23,431.66,302.64,Promotional,Credit Card,Pending,Partially Returned,396.04
3327,607,P002,C1713,SP05,L04,42,162.47,1237.1616,No Discount,Online Payment,Cancelled,No Returns,347.81
3328,607,P004,C1923,SP01,L09,5,289.66,4195.234560000001,No Discount,Cash,Pending,Returned,350.31
3329,607,P005,C1881,SP02,L12,22,191.18,1087.76064,Bulk Purchase,Installment,Cancelled,Returned,168.17
3330,607,P005,C0303,SP03,L09,28,26.49,6965.305600000002,Promotional,Online Payment,Cancelled,No Returns,246.66
3331,608,P001,C1319,SP01,L04,43,422.63,3029.3676,Seasonal,Credit Card,Cancelled,Partially Returned,60.28
3332,608,P002,C0121,SP04,L10,17,180.01,2596.4288,Bulk Purchase,Installment,Pending,No Returns,270.05
3333,608,P004,C1744,SP04,L06,30,23.88,4241.304,Promotional,Credit Card,Cancelled,No Returns,350.14
3334,608,P005,C1157,SP03,L08,38,340.13,1455.228,Promotional,Installment,Delivered,Partially Returned,117.44
3335,608,P005,C0882,SP06,L03,4,354.72,2943.216,No Discount,Credit Card,Delivered,No Returns,177.4
3336,609,P001,C0260,SP03,L12,14,154.67,120.04992,Promotional,Installment,Delivered,Partially Returned,157.96
3337,609,P001,C1168,SP05,L02,19,204.1,177.92768,Seasonal,Installment,Cancelled,Returned,129.56
3338,609,P001,C0212,SP06,L10,36,254.18,3079.664,No Discount,Online Payment,Pending,Partially Returned,265.65
3339,609,P004,C1800,SP01,L05,37,489.82,1840.1656,No Discount,Online Payment,Delivered,No Returns,230.55
3340,609,P004,C0438,SP05,L08,32,127.33,5062.716,Promotional,Cash,Pending,Returned,450.83
3341,609,P006,C0944,SP05,L01,27,198.13,775.2191999999999,No Discount,Cash,Delivered,Returned,316.82
3342,610,P001,C1174,SP05,L03,8,356.45,456.21792,Bulk Purchase,Installment,Delivered,Partially Returned,255.15
3343,610,P001,C1521,SP06,L07,24,494.99,578.781,Promotional,Credit Card,Pending,No Returns,56.97
3344,610,P002,C1985,SP01,L06,47,450.13,6353.568,No Discount,Online Payment,Cancelled,Partially Returned,482.77
3345,610,P003,C1411,SP06,L11,2,208.88,2117.7344,Seasonal,Installment,Pending,No Returns,347.76
3346,610,P004,C1383,SP02,L11,3,176.52,4905.728,Promotional,Online Payment,Delivered,No Returns,5.94
3347,611,P001,C0850,SP05,L06,24,205.7,2241.984,No Discount,Installment,Pending,Returned,182.41
3348,611,P002,C2107,SP04,L06,1,104.13,221.2224,Seasonal,Installment,Delivered,No Returns,119.11
3349,612,P002,C1374,SP01,L08,26,19.65,5040.197999999999,Bulk Purchase,Cash,Pending,No Returns,81.96
3350,612,P003,C0405,SP01,L06,2,432.65,5328.192,No Discount,Online Payment,Cancelled,No Returns,52.64
3351,612,P004,C0078,SP05,L12,13,135.72,1512.76608,Bulk Purchase,Cash,Cancelled,Returned,105.43
3352,613,P002,C0616,SP05,L12,34,39.51,984.096,Bulk Purchase,Credit Card,Cancelled,Partially Returned,140.93
3353,613,P003,C0074,SP02,L08,4,129.67,3115.476,No Discount,Installment,Delivered,Returned,130.87
3354,613,P004,C1763,SP04,L12,32,486.57,207.6992,Seasonal,Installment,Delivered,Returned,366.15
3355,613,P004,C2004,SP06,L09,18,388.64,2222.176,Seasonal,Online Payment,Delivered,Returned,158.28
3356,613,P004,C0973,SP06,L07,16,274.74,1668.744,Promotional,Installment,Pending,No Returns,275.95
3357,613,P006,C1262,SP04,L11,23,109.12,2144.2176,Seasonal,Cash,Cancelled,Partially Returned,83.85
3358,614,P001,C0511,SP02,L08,45,155.29,6221.2725,No Discount,Credit Card,Delivered,No Returns,383.51
3359,614,P001,C1047,SP06,L05,12,221.23,3435.5412,Promotional,Online Payment,Delivered,No Returns,218.18
3360,614,P002,C1100,SP04,L03,49,258.28,3609.11376,No Discount,Cash,Pending,Returned,381.64
3361,614,P003,C2029,SP03,L11,6,53.96,2452.48,Seasonal,Online Payment,Cancelled,Partially Returned,373.72
3362,614,P004,C0625,SP01,L04,41,215.06,542.8512,Bulk Purchase,Installment,Pending,Partially Returned,51.84
3363,614,P005,C1621,SP03,L12,7,450.65,715.3164800000001,No Discount,Installment,Cancelled,No Returns,285.39
3364,614,P005,C0506,SP03,L12,45,160.11,2152.57536,Bulk Purchase,Cash,Pending,Partially Returned,248.39
3365,615,P002,C1770,SP03,L03,15,63.18,4508.395200000001,Promotional,Online Payment,Delivered,Partially Returned,17.1
3366,615,P002,C1311,SP03,L01,49,267.05,2694.888,Seasonal,Online Payment,Delivered,Returned,456.19
3367,615,P002,C1740,SP06,L09,14,466.49,745.7894400000001,Bulk Purchase,Installment,Cancelled,Partially Returned,200.2
3368,615,P003,C1455,SP01,L06,34,367.51,8623.872,No Discount,Online Payment,Delivered,No Returns,77.25
3369,615,P004,C1586,SP02,L12,47,245.39,1074.92224,No Discount,Installment,Pending,Returned,403.37
3370,615,P004,C1109,SP03,L10,21,440.04,6178.592,Seasonal,Online Payment,Delivered,No Returns,27.65
3371,615,P004,C0230,SP04,L07,8,323.91,732.9504,Promotional,Installment,Delivered,No Returns,69.52
3372,615,P005,C0607,SP01,L03,8,424.57,2093.8824,No Discount,Credit Card,Cancelled,No Returns,452.38
3373,615,P005,C1718,SP01,L08,14,486.56,3165.084000000001,No Discount,Installment,Cancelled,No Returns,458.86
3374,615,P005,C1616,SP04,L11,48,43.1,1061.3248,Seasonal,Installment,Delivered,Returned,485.75
3375,616,P001,C1583,SP06,L01,5,149.19,903.8624,Bulk Purchase,Installment,Cancelled,Partially Returned,161.86
3376,616,P003,C0721,SP02,L01,1,489.21,2313.8976,Bulk Purchase,Cash,Delivered,Returned,27.34
3377,616,P003,C0699,SP03,L07,13,209.59,114.4752,Seasonal,Installment,Cancelled,Returned,498.75
3378,616,P005,C1779,SP02,L01,26,95.6,1818.096,Bulk Purchase,Credit Card,Cancelled,No Returns,333.19
3379,616,P005,C1265,SP05,L04,1,376.39,1744.70112,Promotional,Cash,Pending,Partially Returned,11.4
3380,616,P006,C0442,SP04,L08,11,95.04,1018.035,Promotional,Credit Card,Delivered,Partially Returned,466.15
3381,617,P002,C0493,SP05,L02,45,326.35,1563.91424,Seasonal,Installment,Pending,Partially Returned,198.72
3382,617,P003,C0265,SP04,L10,29,375.27,1235.0464,No Discount,Installment,Delivered,Partially Returned,382.32
3383,617,P003,C0934,SP06,L12,30,373.13,982.4232,Bulk Purchase,Credit Card,Pending,Returned,230.35
3384,617,P004,C2140,SP06,L05,42,380.74,1517.79264,Seasonal,Cash,Pending,No Returns,102.33
3385,617,P005,C1628,SP02,L07,34,80.22,2845.206,Bulk Purchase,Credit Card,Delivered,No Returns,39.41
3386,617,P005,C0102,SP05,L08,12,198.14,3891.9825,Bulk Purchase,Credit Card,Pending,Partially Returned,477.85
3387,617,P006,C1052,SP06,L10,31,378.61,1091.5296,No Discount,Cash,Pending,Partially Returned,90.61
3388,618,P002,C0777,SP02,L01,16,363.79,5497.799999999999,Promotional,Online Payment,Pending,Partially Returned,251.14
3389,618,P003,C0425,SP02,L11,27,80.77,535.7952,Seasonal,Cash,Delivered,No Returns,109.86
3390,618,P004,C0892,SP01,L07,39,426.34,458.052,No Discount,Installment,Delivered,Returned,219.05
3391,618,P005,C0482,SP06,L10,47,230.15,8731.184,Seasonal,Online Payment,Cancelled,Partially Returned,180.14
3392,618,P006,C0736,SP03,L01,3,200.11,2178.5568,Promotional,Cash,Cancelled,Returned,252.44
3393,618,P006,C1782,SP06,L10,38,196.63,1775.536,Bulk Purchase,Online Payment,Delivered,Returned,227.65
3394,619,P001,C1287,SP03,L08,16,284.87,3160.836,Bulk Purchase,Installment,Delivered,Partially Returned,147.23
3395,619,P001,C1613,SP03,L11,22,120.04,2335.3344,Seasonal,Installment,Cancelled,No Returns,170.79
3396,619,P005,C1943,SP06,L06,31,290.7,1789.7088,No Discount,Installment,Delivered,Partially Returned,401.27
3397,619,P006,C1519,SP01,L10,41,345.19,2015.5296,Bulk Purchase,Cash,Delivered,No Returns,10.24
3398,620,P001,C1086,SP04,L12,2,69.21,216.79488,Promotional,Cash,Delivered,No Returns,67.04
3399,620,P001,C0295,SP06,L09,29,325.98,2167.897600000001,Seasonal,Installment,Pending,Partially Returned,404.05
3400,620,P002,C1303,SP04,L11,19,88.57,3378.496,No Discount,Online Payment,Pending,Partially Returned,337.53
3401,620,P002,C0309,SP05,L09,32,368.73,6455.468800000001,Promotional,Online Payment,Pending,No Returns,258.65
3402,620,P003,C1522,SP06,L12,38,479.41,3089.66976,Seasonal,Cash,Delivered,No Returns,473.54
3403,620,P004,C1565,SP05,L11,49,295.48,3509.424,No Discount,Credit Card,Delivered,Partially Returned,200.66
3404,620,P006,C1952,SP02,L10,6,448.97,2045.988,Bulk Purchase,Credit Card,Pending,Partially Returned,391.02
3405,621,P002,C1661,SP02,L04,41,98.6,2687.6448,No Discount,Credit Card,Pending,Partially Returned,340.31
3406,622,P005,C0990,SP03,L05,35,495.63,2297.4315,Bulk Purchase,Credit Card,Delivered,Partially Returned,400.35
3407,623,P001,C0803,SP01,L04,34,290.77,1395.32544,Seasonal,Cash,Cancelled,No Returns,433.39
3408,623,P002,C1607,SP05,L07,24,53.0,4167.198,Promotional,Online Payment,Pending,Returned,249.2
3409,623,P004,C1156,SP02,L04,31,247.11,1062.8496,No Discount,Credit Card,Cancelled,Returned,186.76
3410,623,P005,C1679,SP02,L04,6,15.16,2570.95296,Promotional,Cash,Cancelled,Partially Returned,392.72
3411,623,P006,C0025,SP02,L05,6,276.55,145.29424,No Discount,Installment,Pending,Returned,265.32
3412,623,P006,C0170,SP05,L10,9,140.01,4545.8784,Bulk Purchase,Cash,Delivered,Returned,496.33
3413,624,P002,C1085,SP06,L02,10,14.32,975.3139199999998,No Discount,Cash,Delivered,Returned,177.38
3414,624,P003,C1591,SP03,L09,6,227.4,2033.1168,Bulk Purchase,Credit Card,Cancelled,Partially Returned,147.86
3415,624,P003,C0972,SP04,L05,32,456.91,155.12224,No Discount,Installment,Cancelled,Partially Returned,467.57
3416,624,P004,C1285,SP03,L09,12,372.48,888.3635200000002,Bulk Purchase,Installment,Pending,No Returns,143.57
3417,624,P005,C0970,SP01,L11,7,102.57,700.2719999999999,Seasonal,Credit Card,Delivered,No Returns,405.3
3418,624,P005,C1380,SP02,L10,49,341.73,3228.5568,Bulk Purchase,Installment,Cancelled,Partially Returned,455.7
3419,624,P005,C1268,SP03,L04,29,292.07,901.00512,Promotional,Cash,Pending,Partially Returned,456.18
3420,624,P006,C0605,SP03,L01,35,117.68,2613.408,Bulk Purchase,Online Payment,Delivered,Returned,324.34
3421,625,P003,C1010,SP03,L02,18,348.87,2756.9808,No Discount,Credit Card,Cancelled,Partially Returned,342.59
3422,625,P005,C1025,SP04,L01,18,316.96,1946.826,No Discount,Credit Card,Cancelled,Returned,178.37
3423,625,P006,C1921,SP02,L05,47,260.15,1408.22136,Promotional,Cash,Pending,Partially Returned,452.77
3424,625,P006,C0815,SP03,L03,27,340.27,4370.4522,Promotional,Credit Card,Delivered,No Returns,423.68
3425,626,P001,C1493,SP03,L01,45,180.2,4478.767999999999,Bulk Purchase,Online Payment,Cancelled,Partially Returned,399.46
3426,626,P001,C1853,SP04,L06,25,361.48,3755.52,No Discount,Online Payment,Delivered,Returned,162.75
3427,626,P003,C1721,SP02,L11,12,353.94,1292.0576,Promotional,Installment,Cancelled,Partially Returned,94.59
3428,626,P003,C0175,SP04,L10,25,333.72,672.224,Seasonal,Online Payment,Pending,No Returns,478.34
3429,626,P003,C0319,SP05,L06,22,377.5,2101.896,Seasonal,Credit Card,Cancelled,Returned,278.62
3430,627,P001,C0396,SP01,L06,11,478.37,1182.1824,Bulk Purchase,Installment,Pending,No Returns,30.44
3431,627,P001,C1157,SP01,L10,40,50.11,2353.344,Seasonal,Cash,Cancelled,Returned,449.98
3432,627,P001,C0374,SP05,L11,22,240.46,3094.336,Promotional,Online Payment,Pending,Returned,339.46
3433,627,P003,C1408,SP03,L06,5,174.01,1334.784,Promotional,Installment,Delivered,Returned,322.83
3434,627,P004,C1098,SP02,L02,14,340.77,947.072,Promotional,Installment,Delivered,No Returns,421.31
3435,627,P004,C0886,SP02,L05,12,466.39,831.012,No Discount,Credit Card,Pending,Partially Returned,319.56
3436,627,P005,C2030,SP02,L07,42,295.65,1929.438,Promotional,Online Payment,Delivered,No Returns,409.19
3437,627,P006,C1546,SP06,L05,31,209.42,545.8689599999999,No Discount,Cash,Pending,Returned,453.22
3438,628,P002,C1310,SP04,L06,42,373.69,4991.4,Seasonal,Credit Card,Pending,Returned,124.64
3439,628,P002,C1469,SP05,L02,1,268.64,749.4950399999998,No Discount,Cash,Pending,Returned,36.41
3440,628,P004,C1279,SP01,L10,39,252.19,728.672,No Discount,Online Payment,Pending,Partially Returned,405.38
3441,628,P005,C0793,SP02,L04,12,366.58,878.7657599999999,Bulk Purchase,Cash,Pending,No Returns,168.07
3442,628,P005,C0359,SP06,L02,47,318.03,1321.7904,Seasonal,Credit Card,Pending,Returned,204.51
3443,628,P006,C0483,SP06,L10,25,493.01,1858.08,Promotional,Installment,Cancelled,Returned,115.09
3444,629,P002,C1759,SP02,L09,29,135.93,493.7433600000001,No Discount,Cash,Pending,No Returns,320.2
3445,629,P002,C1012,SP04,L03,18,135.43,4601.9016,Bulk Purchase,Online Payment,Cancelled,Partially Returned,376.64
3446,629,P003,C1921,SP02,L01,27,78.99,5506.312,Promotional,Online Payment,Pending,Partially Returned,50.86
3447,629,P003,C1950,SP04,L06,24,73.99,3160.896,Seasonal,Online Payment,Pending,Partially Returned,485.32
3448,629,P005,C1781,SP03,L06,9,428.56,2852.928,No Discount,Installment,Delivered,No Returns,235.76
3449,629,P005,C0283,SP03,L10,46,200.79,4427.852800000001,Bulk Purchase,Installment,Delivered,Partially Returned,325.79
3450,629,P005,C2040,SP06,L04,4,448.25,2413.8648,No Discount,Credit Card,Pending,Returned,79.71
3451,629,P006,C0116,SP06,L06,23,177.39,1824.0192,Bulk Purchase,Cash,Delivered,Returned,429.73
3452,630,P002,C1707,SP02,L05,26,260.01,1565.8734,No Discount,Credit Card,Cancelled,No Returns,76.87
3453,630,P003,C1048,SP06,L03,44,239.28,362.7504,No Discount,Installment,Pending,Partially Returned,460.31
3454,630,P004,C1920,SP03,L08,7,340.95,661.7025000000001,Promotional,Credit Card,Cancelled,Returned,458.7
3455,630,P006,C1393,SP02,L06,17,360.19,1375.632,Seasonal,Credit Card,Cancelled,Returned,484.63
3456,630,P006,C2049,SP03,L01,34,488.75,594.496,Bulk Purchase,Installment,Cancelled,Partially Returned,215.8
3457,630,P006,C1812,SP03,L11,4,174.41,542.8992000000001,Promotional,Installment,Cancelled,No Returns,12.42
3458,631,P001,C1325,SP03,L09,17,63.89,6667.0208,Promotional,Online Payment,Pending,No Returns,24.83
3459,631,P001,C1212,SP06,L02,6,136.25,2400.9216,Bulk Purchase,Credit Card,Delivered,Returned,182.66
3460,631,P002,C0855,SP02,L12,11,399.77,1612.80768,Seasonal,Installment,Delivered,Partially Returned,2.88
3461,631,P003,C0337,SP01,L08,16,213.86,549.18,Bulk Purchase,Credit Card,Pending,No Returns,8.78
3462,631,P004,C0042,SP03,L09,20,147.76,882.5625600000001,Bulk Purchase,Cash,Delivered,Partially Returned,177.81
3463,631,P004,C1231,SP04,L01,12,68.69,1604.0416,Bulk Purchase,Installment,Pending,Returned,334.6
3464,631,P005,C0753,SP02,L12,19,58.8,1772.33024,Promotional,Installment,Pending,Partially Returned,407.75
3465,631,P005,C0264,SP05,L12,33,192.42,587.52,Promotional,Cash,Delivered,Partially Returned,252.19
3466,631,P006,C0775,SP01,L06,3,359.18,699.6479999999999,Bulk Purchase,Installment,Delivered,Returned,269.27
3467,632,P001,C1587,SP05,L12,1,236.3,690.8256,Seasonal,Online Payment,Cancelled,Returned,348.27
3468,632,P002,C1650,SP02,L02,41,353.6,3583.5968,Bulk Purchase,Online Payment,Pending,Returned,337.12
3469,632,P002,C1030,SP04,L01,25,350.99,273.504,No Discount,Credit Card,Pending,Returned,423.73
3470,632,P003,C1537,SP03,L09,26,168.62,2634.42432,No Discount,Cash,Pending,No Returns,496.27
3471,632,P005,C2122,SP02,L04,29,125.07,606.0527999999999,Seasonal,Online Payment,Delivered,Partially Returned,207.03
3472,633,P001,C0139,SP03,L01,39,438.0,2958.872,Seasonal,Online Payment,Cancelled,Partially Returned,35.14
3473,633,P002,C1279,SP04,L12,2,131.33,3820.1448,Promotional,Credit Card,Cancelled,Returned,251.03
3474,633,P003,C0725,SP05,L09,2,186.74,3945.76512,Promotional,Cash,Pending,No Returns,367.65
3475,633,P006,C0739,SP05,L12,31,208.62,1582.02816,Seasonal,Cash,Cancelled,No Returns,42.38
3476,634,P002,C1543,SP03,L03,1,336.23,4497.12,No Discount,Online Payment,Pending,Returned,251.44
3477,634,P003,C0513,SP03,L08,26,326.4,983.88,Seasonal,Online Payment,Pending,Partially Returned,131.78
3478,634,P005,C0810,SP03,L10,28,251.91,6602.4,Seasonal,Cash,Pending,Partially Returned,471.8
3479,635,P001,C1685,SP06,L07,35,14.33,624.9096,Promotional,Cash,Delivered,Partially Returned,57.93
3480,635,P004,C0540,SP05,L05,8,475.91,319.0005,Promotional,Credit Card,Cancelled,Partially Returned,204.03
3481,636,P001,C0327,SP05,L04,14,276.46,2616.3648,Promotional,Credit Card,Cancelled,No Returns,487.18
3482,636,P002,C1953,SP01,L04,21,317.62,1489.64832,No Discount,Cash,Delivered,Partially Returned,393.7
3483,636,P004,C0488,SP04,L12,2,381.74,3156.74496,Bulk Purchase,Cash,Delivered,Returned,421.51
3484,636,P005,C0900,SP06,L05,49,107.53,241.17912,No Discount,Cash,Cancelled,Returned,252.02
3485,636,P006,C0003,SP03,L12,25,463.81,1073.61664,Bulk Purchase,Installment,Delivered,Returned,337.37
3486,637,P003,C0574,SP04,L09,47,369.73,4044.48,Promotional,Credit Card,Pending,Returned,303.89
3487,637,P004,C0120,SP02,L12,33,101.93,1598.8704,No Discount,Online Payment,Delivered,Returned,452.89
3488,637,P004,C0018,SP04,L04,34,159.65,506.52,Seasonal,Online Payment,Delivered,No Returns,235.2
3489,637,P004,C2002,SP05,L07,42,206.34,2666.727,Bulk Purchase,Credit Card,Cancelled,Returned,413.27
3490,637,P004,C0349,SP06,L06,38,304.97,6365.376,Seasonal,Credit Card,Delivered,Partially Returned,491.96
3491,637,P006,C0674,SP05,L04,28,66.77,808.1207999999999,Promotional,Credit Card,Cancelled,Partially Returned,324.24
3492,638,P001,C0186,SP02,L09,10,465.45,2773.4784,No Discount,Credit Card,Pending,Returned,445.87
3493,638,P001,C0270,SP06,L05,26,217.95,291.06168,Promotional,Cash,Delivered,Partially Returned,42.11
3494,638,P002,C0183,SP06,L04,27,24.6,2514.3696,Promotional,Credit Card,Pending,Returned,236.09
3495,638,P003,C0803,SP04,L11,41,98.21,1810.8672,Bulk Purchase,Cash,Pending,No Returns,462.54
3496,638,P003,C1144,SP06,L06,21,257.27,798.6239999999999,No Discount,Online Payment,Delivered,No Returns,287.69
3497,638,P004,C0210,SP03,L10,31,33.69,4880.96,Seasonal,Online Payment,Delivered,No Returns,2.3
3498,638,P005,C0620,SP04,L09,12,153.52,447.8003200000001,No Discount,Installment,Delivered,Returned,174.4
3499,639,P002,C1435,SP01,L05,45,80.0,954.4298399999998,No Discount,Cash,Pending,No Returns,75.31
3500,639,P002,C0912,SP06,L02,41,80.1,3898.9888,Promotional,Online Payment,Pending,Returned,340.78
3501,640,P001,C1621,SP01,L11,40,434.64,310.7072000000001,No Discount,Installment,Pending,Partially Returned,207.03
3502,640,P006,C1782,SP01,L05,35,285.45,568.48064,Seasonal,Installment,Delivered,Partially Returned,112.49
3503,640,P006,C1875,SP06,L07,25,250.28,1837.5,Seasonal,Online Payment,Delivered,Returned,472.37
3504,641,P001,C1658,SP03,L11,12,89.51,144.64,Promotional,Installment,Delivered,Partially Returned,244.72
3505,641,P001,C1850,SP04,L05,3,90.09,837.02528,Bulk Purchase,Installment,Cancelled,No Returns,403.82
3506,641,P001,C1761,SP06,L11,38,263.8,4185.744000000001,No Discount,Credit Card,Cancelled,Partially Returned,356.23
3507,641,P002,C1075,SP05,L03,32,129.75,1868.5728,Bulk Purchase,Cash,Pending,Returned,380.65
3508,641,P004,C1055,SP01,L06,21,205.12,1305.5616,Seasonal,Cash,Cancelled,No Returns,201.65
3509,641,P004,C2105,SP03,L12,25,30.24,1133.0976,No Discount,Credit Card,Pending,Returned,342.76
3510,641,P004,C2057,SP03,L08,1,364.1,4061.556,Bulk Purchase,Cash,Delivered,Partially Returned,269.05
3511,641,P004,C0315,SP06,L12,21,42.86,1814.76224,Seasonal,Installment,Pending,Partially Returned,24.01
3512,641,P005,C1876,SP04,L10,8,183.15,1596.5376,Promotional,Cash,Pending,Returned,256.13
3513,642,P001,C0262,SP03,L05,39,177.14,1780.506,No Discount,Cash,Cancelled,Partially Returned,370.91
3514,642,P001,C0530,SP05,L01,43,124.22,2674.28,Seasonal,Online Payment,Delivered,Returned,488.95
3515,642,P004,C1677,SP04,L07,35,348.36,1356.5496,No Discount,Installment,Cancelled,Partially Returned,450.05
3516,643,P001,C1336,SP02,L05,4,107.38,329.98784,Seasonal,Installment,Delivered,No Returns,207.82
3517,643,P001,C0471,SP05,L03,17,414.67,300.4905600000001,Bulk Purchase,Installment,Cancelled,Partially Returned,481.73
3518,643,P002,C0769,SP02,L09,13,228.56,726.9081600000002,Seasonal,Cash,Cancelled,Returned,284.32
3519,643,P003,C1370,SP06,L08,31,176.1,2011.284,Bulk Purchase,Installment,Pending,No Returns,312.53
3520,643,P004,C1448,SP05,L02,28,109.77,1154.11968,Seasonal,Cash,Delivered,Returned,431.91
3521,643,P004,C1899,SP06,L01,6,376.27,1938.9888,Seasonal,Cash,Delivered,Returned,40.59
3522,643,P005,C0986,SP04,L08,42,89.39,3069.792,Seasonal,Installment,Cancelled,No Returns,235.21
3523,643,P005,C1400,SP04,L11,19,148.9,4972.864,Promotional,Online Payment,Delivered,No Returns,326.73
3524,643,P005,C0924,SP06,L11,2,371.43,1336.3968,Seasonal,Cash,Delivered,Returned,69.46
3525,644,P002,C1637,SP02,L09,2,405.11,6985.721600000001,Bulk Purchase,Online Payment,Pending,Returned,158.09
3526,644,P004,C1897,SP02,L12,38,79.08,632.82432,Seasonal,Cash,Pending,Partially Returned,211.06
3527,644,P004,C2035,SP04,L09,9,200.07,2690.913280000001,No Discount,Installment,Delivered,Partially Returned,162.23
3528,644,P005,C0450,SP05,L07,30,344.82,535.059,Promotional,Credit Card,Pending,No Returns,353.86
3529,644,P006,C1727,SP01,L07,18,145.31,200.9952,Promotional,Installment,Pending,Partially Returned,331.61
3530,644,P006,C1967,SP05,L03,15,240.31,1354.239,No Discount,Credit Card,Pending,Returned,326.66
3531,645,P001,C1452,SP01,L07,1,161.79,269.2934999999999,Seasonal,Credit Card,Delivered,Returned,161.0
3532,645,P005,C1534,SP01,L12,4,235.05,2878.848,Promotional,Online Payment,Pending,Returned,79.84
3533,645,P005,C0515,SP02,L10,44,151.4,7394.128,Promotional,Online Payment,Delivered,No Returns,27.69
3534,645,P006,C1070,SP06,L01,35,39.22,614.992,Promotional,Online Payment,Delivered,Returned,256.33
3535,646,P004,C1317,SP01,L01,3,153.06,1807.428,No Discount,Credit Card,Cancelled,Returned,326.81
3536,646,P004,C0534,SP02,L06,43,361.08,7766.4,No Discount,Online Payment,Cancelled,Returned,289.92
3537,646,P004,C0094,SP05,L05,23,386.69,3482.3152,Promotional,Online Payment,Pending,Partially Returned,159.29
3538,646,P006,C1923,SP04,L09,7,180.78,1461.0816,Seasonal,Installment,Delivered,No Returns,377.88
3539,647,P003,C1406,SP03,L02,9,179.76,1115.19744,Seasonal,Installment,Pending,Partially Returned,472.9
3540,647,P003,C1367,SP03,L01,37,26.12,5451.487999999999,Seasonal,Online Payment,Cancelled,No Returns,174.58
3541,647,P003,C0850,SP04,L04,24,484.26,480.50496,Promotional,Installment,Pending,Partially Returned,258.01
3542,647,P006,C0019,SP01,L08,23,249.33,3168.468,Seasonal,Installment,Cancelled,No Returns,251.36
3543,647,P006,C0586,SP01,L01,24,293.37,1468.53,No Discount,Credit Card,Pending,No Returns,455.98
3544,647,P006,C1804,SP03,L06,24,323.08,2703.84,No Discount,Online Payment,Pending,No Returns,195.06
3545,647,P006,C0092,SP06,L06,23,53.75,4949.64,Bulk Purchase,Credit Card,Cancelled,No Returns,164.72
3546,648,P002,C2102,SP02,L02,27,74.21,1467.21792,No Discount,Cash,Cancelled,Partially Returned,271.36
3547,648,P002,C0727,SP05,L07,6,261.35,2065.1904,Promotional,Cash,Cancelled,Partially Returned,397.69
3548,648,P003,C1014,SP02,L11,32,437.35,3738.816,Seasonal,Credit Card,Delivered,Returned,487.17
3549,648,P003,C0387,SP04,L02,45,111.96,234.8304,Bulk Purchase,Credit Card,Delivered,No Returns,116.5
3550,648,P004,C1682,SP04,L09,25,162.35,1485.088,No Discount,Online Payment,Delivered,Returned,18.42
3551,648,P004,C1041,SP06,L11,26,202.71,478.224,No Discount,Credit Card,Delivered,Returned,137.95
3552,648,P005,C1596,SP01,L02,49,425.31,1271.80032,Bulk Purchase,Cash,Pending,Partially Returned,388.18
3553,649,P001,C1835,SP06,L10,11,138.98,3475.4496,Promotional,Installment,Cancelled,Partially Returned,269.92
3554,649,P002,C0763,SP03,L12,5,76.82,2452.0256,Bulk Purchase,Online Payment,Pending,Returned,325.71
3555,649,P003,C0925,SP02,L11,11,57.31,2623.8336,Promotional,Cash,Pending,Returned,298.61
3556,649,P004,C1924,SP02,L05,30,373.97,2722.6563,Seasonal,Credit Card,Pending,Returned,194.11
3557,650,P001,C1911,SP03,L07,38,211.35,2161.236,Bulk Purchase,Online Payment,Delivered,Partially Returned,372.38
3558,650,P002,C1695,SP04,L09,29,80.24,1608.3408,Seasonal,Credit Card,Cancelled,Partially Returned,110.03
3559,650,P002,C1946,SP06,L05,49,241.73,2365.1901,Bulk Purchase,Credit Card,Delivered,Returned,202.06
3560,650,P004,C0467,SP01,L09,48,25.74,954.6944000000002,No Discount,Online Payment,Delivered,Partially Returned,274.94
3561,650,P004,C1940,SP05,L06,38,337.5,2842.7328,No Discount,Cash,Pending,Returned,111.89
3562,650,P004,C1752,SP06,L06,10,153.39,8500.127999999999,Seasonal,Online Payment,Delivered,Partially Returned,244.07
3563,650,P005,C0824,SP04,L03,30,253.6,2352.57696,Promotional,Installment,Pending,Returned,146.65
3564,650,P006,C2032,SP05,L03,49,169.66,177.6816,Promotional,Installment,Delivered,No Returns,330.4
3565,651,P001,C0992,SP02,L01,32,331.11,2087.7024,Bulk Purchase,Cash,Pending,Returned,483.06
3566,651,P002,C1911,SP02,L07,28,111.66,1631.91,Promotional,Online Payment,Delivered,No Returns,191.3
3567,651,P006,C1997,SP01,L07,38,329.65,2554.86,Promotional,Online Payment,Pending,No Returns,365.43
3568,651,P006,C0694,SP05,L11,11,292.87,1212.1344,Promotional,Installment,Pending,No Returns,14.72
3569,652,P002,C1345,SP04,L06,1,167.28,8454.624,Seasonal,Online Payment,Delivered,Returned,18.28
3570,652,P002,C0345,SP05,L11,21,72.39,363.8528000000001,Seasonal,Installment,Pending,Returned,43.93
3571,652,P002,C0981,SP06,L03,34,473.23,4235.7168,Bulk Purchase,Online Payment,Cancelled,Returned,346.69
3572,652,P004,C0145,SP02,L01,49,203.45,528.1919999999999,Promotional,Cash,Delivered,Partially Returned,281.68
3573,652,P005,C0136,SP03,L04,9,371.54,2614.712399999999,Bulk Purchase,Credit Card,Delivered,Returned,216.15
3574,653,P001,C1863,SP05,L11,18,264.09,1341.824,Bulk Purchase,Installment,Delivered,No Returns,212.42
3575,653,P003,C2001,SP02,L09,7,374.26,1502.8992,Bulk Purchase,Installment,Cancelled,Partially Returned,414.16
3576,653,P006,C1780,SP05,L03,32,155.39,3391.463519999999,No Discount,Cash,Delivered,Partially Returned,486.09
3577,653,P006,C2150,SP05,L07,12,191.33,1205.0472,Seasonal,Installment,Cancelled,No Returns,448.04
3578,654,P004,C1062,SP04,L01,36,409.7,2355.0912,No Discount,Cash,Cancelled,No Returns,198.04
3579,654,P006,C0501,SP03,L11,49,34.04,2947.84,Seasonal,Online Payment,Cancelled,No Returns,383.4
3580,655,P001,C2109,SP06,L04,27,165.09,971.6112,Seasonal,Credit Card,Pending,No Returns,414.18
3581,655,P003,C0441,SP04,L11,31,321.14,1540.56,Bulk Purchase,Credit Card,Delivered,Returned,384.36
3582,655,P003,C1229,SP05,L01,9,246.06,2877.335999999999,Bulk Purchase,Cash,Delivered,Returned,495.89
3583,655,P003,C0784,SP06,L08,10,403.16,794.6100000000001,Seasonal,Cash,Delivered,Partially Returned,253.51
3584,655,P006,C0907,SP05,L03,25,391.43,5585.0472,Bulk Purchase,Online Payment,Delivered,Partially Returned,56.63
3585,656,P001,C0122,SP02,L03,3,324.96,2095.1784,Seasonal,Online Payment,Cancelled,Returned,71.07
3586,656,P001,C1939,SP04,L10,23,216.92,5123.731199999999,No Discount,Cash,Cancelled,No Returns,241.44
3587,656,P002,C0421,SP03,L12,24,213.74,1421.472,No Discount,Credit Card,Delivered,Partially Returned,293.44
3588,656,P002,C1916,SP03,L02,41,165.69,1532.5968,Bulk Purchase,Credit Card,Pending,Returned,325.67
3589,656,P002,C0431,SP06,L11,7,40.44,2846.336,Promotional,Online Payment,Delivered,Returned,312.01
3590,657,P001,C1180,SP02,L06,37,481.85,3725.928,Bulk Purchase,Credit Card,Pending,Partially Returned,151.23
3591,657,P001,C0239,SP06,L12,36,316.71,1223.24928,Bulk Purchase,Cash,Cancelled,No Returns,218.37
3592,657,P002,C0308,SP02,L05,43,298.79,2901.1528,Seasonal,Online Payment,Cancelled,Returned,11.16
3593,657,P003,C0238,SP03,L08,32,19.36,2229.804,Bulk Purchase,Installment,Delivered,Returned,43.68
3594,657,P003,C1619,SP04,L04,31,194.18,2975.2272,No Discount,Online Payment,Cancelled,Returned,423.54
3595,657,P004,C2127,SP06,L07,5,425.35,578.2560000000001,Bulk Purchase,Installment,Cancelled,No Returns,108.91
3596,658,P001,C1758,SP04,L09,5,222.15,4496.2896,No Discount,Credit Card,Delivered,Partially Returned,473.38
3597,658,P005,C0880,SP01,L07,17,52.5,393.8445,Seasonal,Credit Card,Cancelled,Partially Returned,322.05
3598,658,P006,C0001,SP01,L11,49,202.43,901.3632,Promotional,Cash,Pending,Partially Returned,287.88
3599,658,P006,C0099,SP05,L12,31,271.41,284.35968,No Discount,Cash,Delivered,Partially Returned,238.02
3600,658,P006,C1770,SP06,L12,35,91.37,762.144,Promotional,Cash,Cancelled,No Returns,55.45
3601,659,P001,C1203,SP02,L01,21,72.4,1480.4384,No Discount,Installment,Delivered,Partially Returned,365.65
3602,659,P002,C0355,SP01,L10,17,335.87,3608.304,Seasonal,Cash,Delivered,Partially Returned,359.97
3603,659,P003,C1881,SP05,L11,12,307.54,3503.424,Promotional,Cash,Delivered,Partially Returned,387.15
3604,659,P003,C1158,SP06,L05,4,370.64,1145.2896,Seasonal,Online Payment,Delivered,Returned,389.18
3605,659,P005,C1700,SP01,L03,39,35.48,4089.0096,Bulk Purchase,Credit Card,Delivered,Returned,292.46
3606,659,P005,C0157,SP06,L06,38,456.91,5163.072,No Discount,Online Payment,Delivered,Partially Returned,474.43
3607,659,P006,C1952,SP03,L06,27,254.08,4020.192,No Discount,Credit Card,Delivered,Returned,302.73
3608,659,P006,C1524,SP04,L01,48,488.49,1809.1136,Seasonal,Installment,Delivered,Partially Returned,94.97
3609,660,P001,C1792,SP01,L11,14,223.0,1652.3008,No Discount,Installment,Cancelled,Partially Returned,375.53
3610,660,P001,C1177,SP02,L12,1,237.28,3386.7672,Promotional,Credit Card,Pending,No Returns,287.54
3611,660,P003,C1275,SP05,L07,45,487.18,2083.914,Seasonal,Credit Card,Pending,Returned,414.4
3612,660,P004,C1354,SP01,L09,9,34.75,3175.64544,Promotional,Cash,Cancelled,Returned,292.1
3613,660,P004,C1027,SP06,L03,33,447.83,6435.4824,No Discount,Online Payment,Pending,No Returns,452.5
3614,660,P004,C0401,SP06,L01,6,79.87,2505.608,No Discount,Online Payment,Pending,Returned,264.37
3615,661,P001,C0655,SP05,L01,43,260.29,1863.288,Bulk Purchase,Cash,Pending,Partially Returned,319.14
3616,661,P002,C0497,SP01,L09,36,99.1,1166.58432,Promotional,Cash,Pending,Returned,494.12
3617,661,P002,C0216,SP02,L04,24,155.8,610.2604799999999,Seasonal,Cash,Delivered,No Returns,431.17
3618,661,P004,C1949,SP06,L05,30,157.97,622.96416,Promotional,Cash,Pending,Returned,112.08
3619,661,P005,C0367,SP05,L05,19,301.12,1196.49712,Bulk Purchase,Installment,Delivered,Returned,409.47
3620,661,P006,C1904,SP01,L12,39,290.22,2544.22272,Promotional,Cash,Pending,No Returns,370.43
3621,661,P006,C0371,SP02,L02,47,441.83,1892.0832,Seasonal,Online Payment,Delivered,No Returns,412.09
3622,661,P006,C0660,SP04,L08,48,150.23,5713.74,No Discount,Credit Card,Delivered,Partially Returned,190.54
3623,662,P003,C1731,SP03,L11,1,339.73,3184.5504,Bulk Purchase,Cash,Pending,Returned,57.78
3624,662,P006,C0128,SP03,L12,14,294.81,3134.9088,Promotional,Online Payment,Delivered,Partially Returned,482.78
3625,662,P006,C1665,SP03,L08,19,146.0,2768.309999999999,No Discount,Online Payment,Delivered,Returned,171.99
3626,662,P006,C1980,SP04,L07,44,60.83,2107.0224,Promotional,Cash,Cancelled,Returned,58.78
3627,663,P001,C1421,SP04,L02,38,439.81,3582.0736,Bulk Purchase,Online Payment,Pending,Returned,118.42
3628,663,P003,C1543,SP02,L04,37,79.81,1362.4848,No Discount,Credit Card,Cancelled,Returned,62.83
3629,664,P001,C0604,SP01,L04,22,103.73,955.5408,Seasonal,Credit Card,Pending,Returned,335.92
3630,664,P001,C0081,SP01,L06,32,101.55,1376.5248,Seasonal,Installment,Delivered,No Returns,365.53
3631,664,P001,C1760,SP03,L10,8,378.06,4788.335999999999,Promotional,Credit Card,Pending,Returned,42.83
3632,664,P001,C0749,SP04,L09,21,292.46,1907.43168,No Discount,Cash,Cancelled,Partially Returned,326.96
3633,664,P001,C0574,SP05,L12,19,437.48,3595.9488,Seasonal,Credit Card,Delivered,No Returns,146.66
3634,664,P003,C1964,SP05,L02,12,439.91,1449.0112,Promotional,Online Payment,Cancelled,Returned,121.75
3635,664,P004,C2016,SP06,L03,1,365.17,3983.3532,Promotional,Credit Card,Pending,Returned,166.0
3636,664,P005,C1248,SP05,L05,49,189.23,1079.6968,Bulk Purchase,Online Payment,Pending,Returned,471.84
3637,664,P005,C0503,SP06,L10,10,142.51,10361.12,No Discount,Online Payment,Pending,Partially Returned,29.27
3638,665,P001,C2041,SP01,L05,32,17.79,381.37008,Bulk Purchase,Installment,Delivered,Partially Returned,97.0
3639,665,P001,C1124,SP04,L10,6,206.22,1549.548,No Discount,Credit Card,Cancelled,No Returns,30.43
3640,665,P002,C1095,SP03,L04,13,21.65,616.1615999999999,Promotional,Online Payment,Pending,No Returns,211.84
3641,665,P003,C0034,SP03,L03,41,174.54,1581.56064,No Discount,Installment,Delivered,Partially Returned,45.57
3642,666,P001,C2059,SP04,L04,33,433.71,1409.14944,Seasonal,Installment,Pending,No Returns,53.67
3643,666,P002,C0764,SP01,L11,23,464.39,6112.256,Promotional,Online Payment,Pending,Returned,322.65
3644,666,P003,C0751,SP05,L07,13,152.54,240.849,No Discount,Credit Card,Delivered,Partially Returned,271.56
3645,666,P004,C1871,SP05,L12,35,299.75,2364.47424,Bulk Purchase,Cash,Cancelled,Returned,402.18
3646,667,P001,C1862,SP05,L01,18,359.06,667.4752,No Discount,Installment,Delivered,Partially Returned,386.77
3647,667,P003,C0211,SP01,L01,3,464.02,550.48,Promotional,Installment,Cancelled,Partially Returned,0.72
3648,667,P004,C1075,SP02,L08,26,314.39,3889.89,Bulk Purchase,Credit Card,Pending,Returned,395.28
3649,667,P004,C1508,SP04,L12,44,213.72,2896.5824,Promotional,Online Payment,Delivered,Returned,55.35
3650,667,P004,C1623,SP04,L01,23,488.48,1852.928,Seasonal,Online Payment,Pending,Partially Returned,92.86
3651,667,P006,C1873,SP05,L12,4,28.57,1037.6256,Bulk Purchase,Cash,Delivered,No Returns,191.4
3652,668,P001,C0124,SP01,L03,41,473.0,177.62976,No Discount,Installment,Cancelled,Partially Returned,87.68
3653,668,P002,C0718,SP03,L12,6,255.46,1955.04896,Bulk Purchase,Installment,Pending,No Returns,212.21
3654,668,P002,C0929,SP05,L08,9,466.43,5438.25,Promotional,Online Payment,Cancelled,Returned,143.92
3655,668,P002,C1328,SP06,L07,6,188.32,2945.544,Bulk Purchase,Online Payment,Delivered,Returned,189.97
3656,668,P002,C0447,SP06,L06,11,144.43,8069.568,Bulk Purchase,Online Payment,Pending,Returned,249.01
3657,668,P005,C1468,SP01,L06,40,475.0,1397.2608,Promotional,Installment,Pending,Partially Returned,304.79
3658,668,P005,C1681,SP03,L11,43,355.67,1140.6592,Bulk Purchase,Installment,Cancelled,No Returns,448.24
3659,668,P006,C0016,SP04,L08,47,340.14,2732.886,Seasonal,Cash,Cancelled,No Returns,44.46
3660,669,P001,C0301,SP03,L12,29,298.8,2306.79936,No Discount,Cash,Delivered,Returned,47.11
3661,669,P002,C2083,SP05,L08,32,264.08,6188.940000000001,Promotional,Online Payment,Delivered,No Returns,457.18
3662,669,P002,C1085,SP06,L08,13,242.29,2737.296,Bulk Purchase,Installment,Pending,Partially Returned,94.74
3663,669,P003,C1878,SP04,L08,21,249.46,5673.240000000001,Bulk Purchase,Online Payment,Cancelled,Partially Returned,486.99
3664,669,P004,C1099,SP03,L07,14,23.77,1850.478,Promotional,Online Payment,Delivered,No Returns,420.24
3665,669,P006,C0656,SP05,L04,7,483.34,356.238,Seasonal,Credit Card,Cancelled,Returned,70.54
3666,669,P006,C1207,SP05,L06,9,252.02,581.112,Bulk Purchase,Credit Card,Delivered,Returned,478.89
3667,670,P002,C1318,SP04,L05,13,374.0,3309.3424,Promotional,Online Payment,Cancelled,No Returns,473.78
3668,670,P003,C0389,SP05,L03,17,18.56,1996.3584,Promotional,Online Payment,Pending,Returned,316.89
3669,670,P004,C0536,SP04,L09,4,221.87,2536.821760000001,Seasonal,Installment,Cancelled,No Returns,298.77
3670,670,P005,C0531,SP01,L01,20,320.67,2765.044799999999,No Discount,Cash,Pending,Partially Returned,220.49
3671,670,P005,C2026,SP01,L01,28,120.65,250.362,Promotional,Credit Card,Delivered,No Returns,80.62
3672,670,P006,C0089,SP03,L12,37,43.44,1534.79808,Bulk Purchase,Cash,Cancelled,Partially Returned,317.87
3673,671,P004,C0217,SP02,L08,17,207.2,6144.254999999999,Seasonal,Credit Card,Delivered,Returned,416.85
3674,671,P004,C2015,SP05,L11,45,355.46,716.6400000000001,Bulk Purchase,Credit Card,Delivered,Returned,483.76
3675,671,P006,C1818,SP01,L09,34,407.74,6463.9872,Bulk Purchase,Online Payment,Cancelled,Returned,416.04
3676,671,P006,C0249,SP01,L08,17,28.77,2018.25,Promotional,Online Payment,Pending,No Returns,43.53
3677,671,P006,C1042,SP02,L11,6,393.98,2746.688,No Discount,Online Payment,Pending,Partially Returned,80.91
3678,672,P001,C1118,SP02,L08,36,402.81,4896.773999999999,No Discount,Cash,Delivered,Returned,152.41
3679,672,P003,C1491,SP02,L09,41,79.01,2778.71616,Bulk Purchase,Installment,Delivered,Partially Returned,330.41
3680,672,P005,C0523,SP06,L07,1,340.37,2622.27,Promotional,Online Payment,Pending,No Returns,100.17
3681,672,P006,C1106,SP02,L06,9,130.12,8570.4,Seasonal,Online Payment,Cancelled,Returned,10.31
3682,672,P006,C0850,SP02,L11,43,411.47,2749.568,Promotional,Online Payment,Pending,Partially Returned,388.46
3683,672,P006,C2077,SP03,L08,18,172.85,2693.610000000001,Promotional,Online Payment,Cancelled,Returned,359.95
3684,672,P006,C0741,SP05,L07,20,478.28,1537.7544,No Discount,Installment,Delivered,Returned,122.4
3685,673,P002,C0262,SP02,L07,48,12.77,1197.7896,Bulk Purchase,Installment,Delivered,Partially Returned,53.56
3686,673,P003,C1684,SP03,L08,46,433.42,2332.908,No Discount,Cash,Delivered,Partially Returned,455.28
3687,674,P001,C1988,SP01,L11,23,262.59,4731.360000000001,Seasonal,Credit Card,Pending,Partially Returned,210.54
3688,674,P001,C0446,SP05,L10,43,102.9,7743.791999999999,Seasonal,Credit Card,Pending,Returned,321.18
3689,674,P002,C0940,SP03,L03,12,394.86,830.39904,Seasonal,Installment,Cancelled,Partially Returned,264.01
3690,674,P002,C1967,SP05,L05,36,313.82,442.39104,Bulk Purchase,Cash,Cancelled,No Returns,275.48
3691,674,P003,C1670,SP05,L08,34,450.52,5920.11,Seasonal,Online Payment,Pending,Partially Returned,316.22
3692,674,P003,C2157,SP05,L07,36,35.24,1652.868,Seasonal,Credit Card,Cancelled,Partially Returned,151.18
3693,674,P004,C1110,SP04,L08,36,496.5,4292.19,Bulk Purchase,Credit Card,Cancelled,Partially Returned,320.58
3694,674,P005,C0666,SP02,L08,3,117.8,1218.78,Bulk Purchase,Online Payment,Delivered,Returned,135.27
3695,675,P002,C1843,SP05,L10,39,94.1,1007.16,No Discount,Credit Card,Pending,Partially Returned,395.16
3696,675,P003,C0234,SP01,L11,2,296.03,1992.2304,Bulk Purchase,Cash,Cancelled,Returned,151.96
3697,675,P004,C2140,SP01,L11,15,449.14,4608.096,Bulk Purchase,Credit Card,Cancelled,Returned,127.53
3698,675,P004,C1590,SP04,L04,48,16.58,529.9992,Seasonal,Credit Card,Delivered,No Returns,473.62
3699,675,P006,C1975,SP01,L02,32,135.26,1450.9824,Seasonal,Online Payment,Pending,Returned,272.43
3700,675,P006,C1848,SP02,L02,41,343.23,230.7648,No Discount,Online Payment,Pending,Partially Returned,330.01
3701,675,P006,C0209,SP06,L07,41,157.18,1797.4404,Promotional,Cash,Pending,No Returns,43.08
3702,676,P001,C1396,SP05,L12,33,172.28,1148.2752,Promotional,Installment,Delivered,Returned,271.43
3703,676,P002,C0219,SP04,L07,11,139.74,3756.102,Seasonal,Online Payment,Pending,Partially Returned,7.59
3704,676,P002,C1963,SP04,L05,40,398.79,383.1281999999999,Bulk Purchase,Credit Card,Pending,No Returns,384.83
3705,676,P003,C0328,SP02,L02,41,49.36,1150.6432,No Discount,Online Payment,Delivered,No Returns,301.71
3706,676,P003,C1546,SP04,L11,25,410.14,4907.584,Bulk Purchase,Online Payment,Delivered,No Returns,167.44
3707,676,P004,C0959,SP05,L06,21,137.59,5012.6976,No Discount,Cash,Cancelled,No Returns,430.4
3708,677,P001,C1943,SP04,L12,20,443.69,1861.04576,No Discount,Installment,Delivered,Returned,292.95
3709,677,P001,C0532,SP04,L11,15,381.88,5126.848000000001,Bulk Purchase,Online Payment,Cancelled,No Returns,187.62
3710,677,P001,C1019,SP06,L07,45,218.55,2079.9765,Bulk Purchase,Credit Card,Cancelled,No Returns,46.63
3711,677,P002,C1940,SP03,L01,35,68.74,2070.264,Promotional,Cash,Delivered,Returned,235.99
3712,677,P002,C0919,SP06,L06,33,477.64,1860.7488,No Discount,Installment,Pending,Partially Returned,435.33
3713,677,P003,C0250,SP02,L06,35,106.18,3571.1616,Promotional,Installment,Delivered,No Returns,183.17
3714,677,P004,C1376,SP04,L04,45,290.78,3958.1136,Seasonal,Online Payment,Pending,Partially Returned,102.97
3715,677,P005,C0174,SP06,L11,48,273.87,306.7008,Seasonal,Cash,Delivered,Returned,126.88
3716,678,P003,C2120,SP04,L09,37,33.65,5772.377600000002,Promotional,Online Payment,Cancelled,Returned,126.15
3717,678,P003,C1073,SP05,L11,12,186.69,3062.352,Promotional,Credit Card,Pending,No Returns,242.91
3718,679,P001,C1617,SP03,L09,33,214.73,2057.55264,No Discount,Cash,Pending,No Returns,269.34
3719,679,P003,C1013,SP02,L10,19,28.41,3095.988,Seasonal,Credit Card,Delivered,No Returns,179.4
3720,679,P004,C0103,SP01,L08,42,178.64,8429.04,Seasonal,Online Payment,Delivered,Partially Returned,107.37
3721,679,P006,C0153,SP03,L02,38,344.33,678.8992,Seasonal,Online Payment,Pending,Returned,251.2
3722,679,P006,C0507,SP03,L05,8,378.29,1904.5572,No Discount,Credit Card,Delivered,No Returns,362.91
3723,680,P003,C1205,SP05,L02,2,64.65,2661.344,No Discount,Online Payment,Pending,Returned,124.68
3724,680,P004,C0260,SP01,L12,20,128.4,2795.0448,Bulk Purchase,Credit Card,Delivered,No Returns,5.52
3725,680,P005,C0726,SP01,L11,35,107.73,4096.832,Bulk Purchase,Online Payment,Delivered,Returned,97.24
3726,681,P001,C1192,SP04,L08,47,393.23,2632.896000000001,Seasonal,Installment,Cancelled,Returned,172.04
3727,681,P002,C1949,SP01,L01,32,333.09,2897.454,Promotional,Credit Card,Pending,No Returns,249.3
3728,681,P003,C0652,SP02,L04,16,352.3,2774.3904,Bulk Purchase,Online Payment,Cancelled,Partially Returned,92.58
3729,681,P003,C0521,SP04,L07,49,487.96,754.8408000000001,Bulk Purchase,Cash,Cancelled,Partially Returned,463.59
3730,681,P003,C1017,SP05,L09,47,268.98,4170.059520000001,No Discount,Cash,Pending,Returned,204.69
3731,681,P003,C1338,SP06,L04,49,479.81,520.1172,Bulk Purchase,Credit Card,Pending,No Returns,282.01
3732,681,P004,C1426,SP05,L04,3,128.49,2578.1004,Promotional,Credit Card,Delivered,Returned,357.17
3733,681,P005,C0928,SP03,L10,45,135.01,7311.108,Promotional,Credit Card,Cancelled,Returned,16.8
3734,681,P005,C1232,SP06,L10,23,63.93,6701.721599999999,Promotional,Cash,Cancelled,Partially Returned,76.22
3735,682,P001,C1165,SP04,L12,40,23.71,238.46784,Bulk Purchase,Installment,Delivered,No Returns,173.73
3736,682,P003,C0889,SP03,L09,9,288.24,499.5936000000001,Bulk Purchase,Credit Card,Cancelled,No Returns,349.64
3737,682,P004,C1489,SP01,L12,36,305.97,5065.3472,No Discount,Online Payment,Cancelled,No Returns,228.13
3738,682,P004,C0518,SP03,L04,47,212.48,3472.2432,Seasonal,Online Payment,Pending,Returned,387.21
3739,682,P004,C0512,SP06,L06,32,53.1,6509.304,Seasonal,Credit Card,Pending,No Returns,57.93
3740,682,P006,C0609,SP05,L05,9,229.17,1937.0988,No Discount,Cash,Delivered,Partially Returned,116.0
3741,683,P001,C0320,SP02,L06,37,418.87,4583.5776,No Discount,Cash,Delivered,Partially Returned,142.11
3742,683,P002,C1451,SP03,L12,19,295.86,1981.7784,No Discount,Credit Card,Delivered,Partially Returned,399.12
3743,683,P002,C1390,SP03,L11,2,369.86,1659.888,Bulk Purchase,Credit Card,Delivered,Returned,117.08
3744,683,P002,C1410,SP03,L10,41,264.42,3573.2256,Bulk Purchase,Cash,Delivered,Returned,260.96
3745,683,P002,C0390,SP04,L10,47,229.72,3716.0256,No Discount,Installment,Pending,Returned,115.27
3746,683,P004,C0644,SP03,L04,46,178.42,2587.56768,Seasonal,Cash,Delivered,Partially Returned,159.16
3747,683,P004,C0514,SP06,L10,26,288.84,6572.966399999999,Promotional,Cash,Pending,Partially Returned,234.79
3748,683,P006,C1189,SP05,L11,10,396.97,517.824,Bulk Purchase,Credit Card,Cancelled,Partially Returned,111.85
3749,684,P001,C1087,SP04,L06,48,135.59,4001.568,Promotional,Online Payment,Cancelled,No Returns,383.23
3750,684,P002,C2076,SP04,L12,39,53.96,3456.7392,Seasonal,Online Payment,Delivered,Partially Returned,441.21
3751,684,P003,C1186,SP02,L11,17,196.49,701.9520000000001,Promotional,Installment,Pending,Partially Returned,164.95
3752,684,P004,C0068,SP01,L08,25,445.72,3468.096,Promotional,Cash,Cancelled,Partially Returned,142.29
3753,684,P005,C0340,SP01,L06,26,366.21,2685.6,No Discount,Online Payment,Cancelled,Returned,28.8
3754,685,P001,C1593,SP03,L05,34,111.27,309.4454999999999,Promotional,Credit Card,Delivered,No Returns,252.8
3755,685,P003,C1731,SP04,L07,17,214.5,1305.2424,No Discount,Installment,Pending,Partially Returned,156.29
3756,685,P004,C0057,SP04,L04,48,188.5,1357.93152,No Discount,Installment,Pending,Partially Returned,91.74
3757,685,P004,C1362,SP06,L04,14,265.92,1486.4256,Bulk Purchase,Online Payment,Pending,Partially Returned,171.42
3758,685,P005,C0633,SP06,L04,43,418.4,189.648,No Discount,Installment,Delivered,Partially Returned,13.66
3759,686,P001,C1902,SP04,L04,23,71.01,1957.42656,No Discount,Cash,Delivered,No Returns,115.09
3760,686,P003,C1958,SP03,L07,21,81.08,571.3155,Promotional,Credit Card,Pending,No Returns,381.34
3761,686,P004,C0753,SP05,L04,5,162.41,817.7759999999998,Seasonal,Cash,Delivered,Returned,36.02
3762,686,P004,C0699,SP05,L03,36,235.07,2322.4968,Promotional,Cash,Cancelled,Returned,330.84
3763,686,P005,C1849,SP05,L10,33,290.84,6278.831999999999,Seasonal,Cash,Cancelled,Partially Returned,232.32
3764,687,P001,C1283,SP01,L06,27,273.57,1232.568,Bulk Purchase,Credit Card,Delivered,Returned,332.69
3765,687,P002,C0372,SP01,L12,29,236.62,451.7593600000001,No Discount,Installment,Delivered,Returned,163.83
3766,687,P002,C0885,SP05,L07,40,73.08,2925.4995,Seasonal,Credit Card,Cancelled,Returned,313.36
3767,687,P002,C0006,SP06,L07,44,167.3,170.982,Promotional,Credit Card,Cancelled,Returned,296.81
3768,687,P004,C1598,SP03,L05,23,194.31,3417.8144,Promotional,Online Payment,Cancelled,Returned,148.17
3769,687,P006,C1371,SP02,L04,17,267.59,225.8928,Promotional,Credit Card,Cancelled,No Returns,217.81
3770,687,P006,C0859,SP03,L06,1,329.83,1513.944,Seasonal,Credit Card,Delivered,Returned,131.93
3771,687,P006,C1681,SP03,L06,42,410.0,1937.7216,Seasonal,Cash,Pending,Returned,249.59
3772,688,P001,C0849,SP02,L01,38,438.45,705.0959999999999,Bulk Purchase,Cash,Delivered,No Returns,136.79
3773,688,P004,C1199,SP03,L07,21,495.39,802.368,No Discount,Installment,Delivered,Partially Returned,399.16
3774,688,P005,C2158,SP03,L03,20,254.2,6446.304,Seasonal,Online Payment,Cancelled,Returned,259.74
3775,688,P005,C2141,SP06,L12,14,222.57,863.4096000000001,Seasonal,Credit Card,Delivered,Partially Returned,288.76
3776,688,P005,C0761,SP06,L02,31,121.78,608.63488,Bulk Purchase,Installment,Delivered,No Returns,322.36
3777,689,P001,C0316,SP01,L12,20,329.85,138.41536,No Discount,Installment,Delivered,No Returns,177.03
3778,689,P002,C0423,SP04,L02,30,450.95,1117.41952,Bulk Purchase,Installment,Cancelled,No Returns,385.45
3779,689,P004,C2051,SP05,L09,27,387.02,1151.99744,Bulk Purchase,Installment,Delivered,Returned,156.83
3780,689,P005,C0576,SP04,L10,40,383.22,1457.0304,Promotional,Cash,Pending,Returned,265.12
3781,689,P005,C1739,SP06,L09,31,431.72,2267.936,No Discount,Online Payment,Delivered,Partially Returned,443.74
3782,689,P006,C1067,SP01,L05,30,468.49,492.6011999999999,Seasonal,Credit Card,Delivered,Returned,206.64
3783,689,P006,C1672,SP03,L10,17,442.3,5571.215999999999,No Discount,Credit Card,Delivered,Partially Returned,325.83
3784,690,P001,C0118,SP02,L10,23,14.46,919.632,Seasonal,Cash,Pending,No Returns,349.04
3785,690,P002,C0316,SP01,L03,20,185.57,531.4896,Bulk Purchase,Credit Card,Pending,No Returns,302.7
3786,690,P003,C0146,SP04,L08,16,71.91,1599.93,Seasonal,Online Payment,Pending,No Returns,490.16
3787,690,P003,C1795,SP05,L11,2,157.47,3217.28,Seasonal,Online Payment,Delivered,Returned,402.31
3788,690,P004,C1863,SP05,L01,25,324.52,713.3699999999999,Promotional,Credit Card,Delivered,Partially Returned,207.92
3789,690,P005,C0668,SP04,L03,48,194.68,1237.83552,Promotional,Installment,Cancelled,Partially Returned,207.25
3790,690,P006,C0908,SP02,L04,25,69.7,944.92224,Promotional,Installment,Pending,Returned,292.47
3791,690,P006,C1980,SP06,L10,20,210.59,2896.768,Bulk Purchase,Online Payment,Cancelled,Returned,421.81
3792,691,P003,C1922,SP01,L06,22,303.43,3178.2144,Bulk Purchase,Installment,Pending,Partially Returned,392.91
3793,691,P003,C1903,SP05,L09,36,463.07,927.5376,Bulk Purchase,Credit Card,Pending,Returned,42.82
3794,691,P004,C1751,SP01,L10,47,213.04,3019.716,Promotional,Credit Card,Delivered,No Returns,135.82
3795,691,P006,C2021,SP03,L06,32,197.57,5629.824,Promotional,Credit Card,Delivered,Returned,86.92
3796,692,P001,C0862,SP01,L06,35,283.32,1675.7568,Seasonal,Cash,Delivered,Returned,21.01
3797,692,P001,C0636,SP05,L01,34,183.98,5085.584,No Discount,Online Payment,Delivered,Partially Returned,265.66
3798,692,P002,C0649,SP05,L04,26,357.0,2203.9344,No Discount,Online Payment,Cancelled,Partially Returned,353.28
3799,692,P002,C1029,SP06,L09,25,425.4,3230.17728,No Discount,Cash,Cancelled,No Returns,482.82
3800,692,P004,C1699,SP05,L05,29,59.96,675.4238399999999,Bulk Purchase,Installment,Pending,Returned,52.09
3801,692,P004,C1940,SP05,L10,41,169.45,5483.772,Seasonal,Credit Card,Cancelled,Returned,335.61
3802,692,P005,C1332,SP03,L10,40,143.61,1653.344,Seasonal,Installment,Delivered,Returned,456.03
3803,692,P006,C0862,SP03,L05,21,48.13,1768.9035,Promotional,Credit Card,Pending,Partially Returned,465.79
3804,693,P001,C0307,SP01,L03,49,410.22,2674.32192,No Discount,Cash,Delivered,Partially Returned,496.48
3805,693,P004,C0270,SP06,L04,19,51.6,2457.0,Bulk Purchase,Online Payment,Delivered,No Returns,429.89
3806,694,P001,C0355,SP03,L07,32,339.03,955.248,Seasonal,Online Payment,Pending,No Returns,281.19
3807,694,P001,C0892,SP04,L03,35,406.65,2082.412800000001,Seasonal,Credit Card,Delivered,Returned,263.95
3808,694,P002,C0485,SP04,L12,37,326.05,433.0920000000001,Seasonal,Credit Card,Pending,Partially Returned,179.64
3809,694,P004,C2006,SP05,L02,10,355.62,912.79104,Seasonal,Installment,Cancelled,No Returns,368.36
3810,694,P005,C1175,SP01,L06,11,19.81,3757.44,Promotional,Installment,Cancelled,No Returns,317.63
3811,694,P005,C0667,SP02,L02,33,144.12,2897.2608,No Discount,Online Payment,Delivered,No Returns,27.94
3812,694,P005,C1673,SP03,L07,28,338.13,1121.358,Promotional,Online Payment,Cancelled,No Returns,131.21
3813,694,P005,C0642,SP06,L05,17,64.7,784.2379999999998,Seasonal,Online Payment,Delivered,Partially Returned,466.87
3814,695,P001,C1476,SP02,L12,37,414.15,2144.90496,No Discount,Installment,Cancelled,Partially Returned,125.24
3815,695,P002,C1818,SP05,L07,48,43.57,247.7412,Seasonal,Cash,Cancelled,Partially Returned,170.37
3816,695,P003,C0357,SP03,L01,13,416.27,2974.103999999999,Promotional,Cash,Pending,Returned,408.4
3817,695,P005,C1518,SP04,L10,5,151.07,3661.392,Promotional,Online Payment,Delivered,Partially Returned,333.83
3818,695,P005,C0516,SP04,L10,27,98.34,5370.175999999999,Seasonal,Online Payment,Pending,Returned,365.45
3819,695,P005,C1446,SP05,L02,41,110.21,373.0675199999999,Seasonal,Cash,Delivered,Returned,446.33
3820,695,P005,C1349,SP06,L02,1,360.46,588.7392,Promotional,Credit Card,Cancelled,Returned,79.43
3821,696,P001,C0854,SP02,L01,45,441.92,1503.8688,Promotional,Installment,Cancelled,Partially Returned,434.2
3822,696,P001,C0542,SP04,L02,44,116.08,1144.9536,Promotional,Cash,Cancelled,Partially Returned,410.2
3823,696,P002,C2118,SP05,L10,25,417.38,3988.32,Bulk Purchase,Credit Card,Cancelled,No Returns,396.27
3824,696,P002,C1338,SP06,L08,44,424.47,3717.467999999999,Promotional,Cash,Cancelled,Returned,307.26
3825,696,P003,C1091,SP02,L02,48,32.78,2789.92,Bulk Purchase,Online Payment,Pending,Partially Returned,275.93
3826,696,P003,C2051,SP05,L09,8,129.2,304.01536,Promotional,Installment,Delivered,No Returns,10.08
3827,696,P004,C1177,SP06,L02,39,240.44,330.54336,Promotional,Cash,Delivered,Partially Returned,358.07
3828,696,P004,C0140,SP06,L11,6,388.26,4575.744000000001,Seasonal,Credit Card,Delivered,No Returns,235.4
3829,697,P002,C0510,SP06,L04,45,159.53,3658.0032,Bulk Purchase,Online Payment,Pending,No Returns,262.75
3830,697,P003,C0644,SP05,L05,3,435.08,2182.95168,Bulk Purchase,Cash,Delivered,Partially Returned,129.74
3831,697,P003,C0246,SP06,L09,43,433.04,860.5696000000003,No Discount,Installment,Pending,No Returns,391.8
3832,697,P004,C0731,SP04,L02,49,443.7,1317.0864,No Discount,Credit Card,Pending,No Returns,91.56
3833,697,P004,C1257,SP04,L11,44,174.97,3197.0304,Promotional,Cash,Cancelled,Partially Returned,272.27
3834,697,P005,C0131,SP05,L06,40,383.86,6019.128000000001,Bulk Purchase,Credit Card,Delivered,Returned,169.49
3835,698,P002,C0604,SP04,L03,27,453.88,899.2458,Promotional,Credit Card,Delivered,No Returns,226.82
3836,698,P003,C1002,SP06,L11,39,133.62,4794.304,Promotional,Online Payment,Cancelled,Returned,221.92
3837,698,P004,C0726,SP01,L05,17,260.9,394.6761,Promotional,Credit Card,Pending,No Returns,81.85
3838,698,P005,C0068,SP01,L06,16,174.66,1935.744,No Discount,Installment,Pending,Partially Returned,15.76
3839,698,P005,C1069,SP03,L03,47,154.84,3838.8168,Promotional,Cash,Delivered,Returned,341.29
3840,698,P005,C1641,SP05,L03,47,427.64,2161.922399999999,Seasonal,Cash,Pending,Partially Returned,356.92
3841,699,P001,C1872,SP01,L09,29,267.29,404.4057600000002,Bulk Purchase,Installment,Pending,Partially Returned,308.51
3842,699,P001,C0501,SP02,L12,30,174.5,1219.52832,No Discount,Cash,Delivered,No Returns,353.47
3843,699,P001,C0934,SP03,L11,30,165.27,4153.44,Promotional,Credit Card,Delivered,No Returns,213.58
3844,699,P003,C0114,SP02,L02,10,63.01,897.46944,No Discount,Installment,Delivered,Returned,37.6
3845,699,P003,C1154,SP06,L09,1,324.86,389.7907200000001,Promotional,Cash,Cancelled,Returned,428.38
3846,699,P004,C0701,SP01,L12,6,333.89,842.6668800000001,Bulk Purchase,Cash,Pending,No Returns,329.87
3847,699,P005,C0859,SP02,L11,19,276.65,2228.8512,Bulk Purchase,Cash,Delivered,No Returns,335.5
3848,700,P003,C1797,SP05,L04,8,482.14,928.92096,Bulk Purchase,Cash,Delivered,No Returns,384.66
3849,700,P004,C0799,SP06,L01,38,404.1,3530.632,Promotional,Online Payment,Delivered,Partially Returned,362.83
3850,700,P005,C0328,SP05,L04,13,207.58,281.2968,No Discount,Credit Card,Delivered,Returned,460.14
3851,700,P005,C1273,SP06,L11,34,170.35,293.2992,Promotional,Installment,Pending,Returned,66.96
3852,701,P001,C0951,SP02,L02,36,28.91,1698.31424,Seasonal,Installment,Cancelled,Partially Returned,386.17
3853,701,P002,C1285,SP05,L08,45,367.46,4247.478,Seasonal,Cash,Cancelled,Partially Returned,280.35
3854,701,P004,C0126,SP06,L10,33,134.31,3264.0384,Promotional,Cash,Cancelled,No Returns,113.35
3855,701,P005,C1437,SP02,L04,39,135.38,794.9016,Promotional,Credit Card,Cancelled,Returned,238.5
3856,701,P005,C0554,SP02,L05,4,55.0,2688.9954,No Discount,Credit Card,Pending,Partially Returned,243.2
3857,702,P001,C0121,SP03,L08,25,471.9,3957.84,No Discount,Online Payment,Delivered,Partially Returned,186.64
3858,702,P001,C0205,SP05,L04,13,69.14,1178.89344,Seasonal,Cash,Cancelled,No Returns,498.6
3859,702,P004,C0610,SP02,L05,36,11.77,1617.29568,Promotional,Cash,Delivered,No Returns,137.09
3860,702,P004,C0078,SP05,L12,37,227.22,3154.6968,Bulk Purchase,Credit Card,Delivered,No Returns,394.87
3861,702,P006,C1695,SP01,L08,8,442.73,522.126,No Discount,Cash,Delivered,Returned,53.06
3862,702,P006,C0738,SP03,L10,35,361.78,1012.256,Promotional,Installment,Pending,Partially Returned,143.72
3863,703,P001,C0434,SP04,L11,3,82.57,3113.3184,Bulk Purchase,Cash,Pending,Partially Returned,148.81
3864,703,P001,C0173,SP06,L08,47,334.46,5786.190000000001,No Discount,Online Payment,Delivered,No Returns,40.7
3865,703,P002,C2049,SP01,L07,4,252.52,1465.38,Promotional,Cash,Cancelled,Returned,326.7
3866,703,P005,C1089,SP04,L10,46,193.75,1945.86,Seasonal,Credit Card,Cancelled,No Returns,79.66
3867,703,P006,C1460,SP01,L09,28,328.26,3048.29184,No Discount,Cash,Cancelled,Returned,489.83
3868,703,P006,C1590,SP04,L04,2,41.52,1102.13568,Bulk Purchase,Installment,Cancelled,Partially Returned,443.4
3869,703,P006,C1675,SP06,L08,29,445.42,4750.785,Seasonal,Credit Card,Delivered,Returned,59.54
3870,704,P001,C0542,SP01,L08,11,200.69,1627.668,Bulk Purchase,Cash,Cancelled,Partially Returned,215.62
3871,704,P001,C0193,SP05,L04,20,84.17,1392.1632,Bulk Purchase,Credit Card,Delivered,No Returns,29.57
3872,704,P002,C0475,SP06,L05,23,495.23,2646.3528,Bulk Purchase,Credit Card,Cancelled,Returned,377.3
3873,704,P003,C2047,SP03,L01,46,451.32,3349.8192,Promotional,Cash,Cancelled,No Returns,162.33
3874,704,P006,C1134,SP01,L12,47,317.61,291.11616,Promotional,Cash,Pending,Returned,482.39
3875,705,P001,C1992,SP02,L10,29,15.08,7731.808,Seasonal,Online Payment,Pending,No Returns,82.17
3876,705,P001,C0064,SP04,L07,44,299.32,507.9059999999999,Promotional,Online Payment,Cancelled,No Returns,361.45
3877,705,P001,C0496,SP05,L12,35,375.63,3646.704,Bulk Purchase,Credit Card,Cancelled,Returned,463.64
3878,705,P001,C0613,SP06,L06,16,139.37,2858.4192,Bulk Purchase,Installment,Cancelled,Returned,440.45
3879,705,P002,C1848,SP03,L03,46,339.66,798.9192000000002,Seasonal,Online Payment,Delivered,No Returns,61.39
3880,705,P003,C2040,SP01,L06,28,92.13,4948.704,Promotional,Credit Card,Delivered,Returned,239.3
3881,705,P003,C2137,SP05,L09,19,480.94,1204.91008,Promotional,Installment,Cancelled,Returned,256.7
3882,705,P005,C0253,SP05,L11,42,485.76,4670.592,No Discount,Online Payment,Cancelled,Partially Returned,400.01
3883,705,P006,C0805,SP06,L09,37,491.98,1848.50688,Promotional,Installment,Delivered,No Returns,66.48
3884,706,P003,C0204,SP06,L05,22,18.4,3116.4952,Bulk Purchase,Online Payment,Delivered,Partially Returned,126.46
3885,706,P006,C0935,SP02,L04,44,458.08,1581.56928,Bulk Purchase,Installment,Cancelled,No Returns,181.41
3886,707,P001,C1173,SP06,L12,21,279.98,2682.94272,Seasonal,Cash,Pending,Returned,494.03
3887,707,P002,C0525,SP01,L06,32,207.78,2887.6608,Seasonal,Cash,Cancelled,No Returns,200.43
3888,707,P002,C1125,SP02,L05,33,459.42,2506.3584,Seasonal,Credit Card,Pending,Returned,67.5
3889,707,P003,C1015,SP01,L02,41,326.07,2551.1472,Promotional,Credit Card,Cancelled,Returned,323.13
3890,707,P004,C0196,SP05,L01,35,267.0,1339.464,Promotional,Cash,Cancelled,Returned,317.28
3891,707,P005,C0857,SP06,L10,37,203.66,3635.3408,Promotional,Installment,Delivered,Returned,152.6
3892,707,P006,C2074,SP03,L01,10,33.83,1492.064,Promotional,Installment,Pending,No Returns,372.98
3893,708,P001,C1384,SP01,L02,24,222.29,1519.616,Bulk Purchase,Installment,Cancelled,No Returns,164.55
3894,708,P001,C1271,SP03,L04,43,79.43,2988.8352,No Discount,Online Payment,Delivered,Returned,363.0
3895,708,P001,C0673,SP05,L04,23,138.35,390.8088,No Discount,Credit Card,Delivered,No Returns,195.2
3896,708,P002,C0187,SP01,L12,42,317.05,1438.64064,Promotional,Cash,Pending,No Returns,276.76
3897,708,P002,C0223,SP05,L07,35,273.17,1652.805,Bulk Purchase,Credit Card,Cancelled,Returned,348.11
3898,708,P003,C0766,SP03,L04,49,270.8,2197.0656,No Discount,Online Payment,Delivered,Partially Returned,207.24
3899,708,P005,C1124,SP01,L07,24,430.17,1250.928,Promotional,Installment,Delivered,Returned,217.0
3900,708,P005,C1916,SP05,L01,48,66.51,1684.536,Seasonal,Online Payment,Delivered,No Returns,110.18
3901,708,P006,C0023,SP06,L01,20,315.34,383.4656,No Discount,Installment,Pending,Partially Returned,150.26
3902,709,P001,C0364,SP06,L10,10,305.64,6728.735999999999,No Discount,Credit Card,Delivered,Returned,225.23
3903,709,P002,C1529,SP05,L11,35,26.65,1119.504,Promotional,Credit Card,Cancelled,Partially Returned,52.54
3904,709,P004,C1456,SP05,L01,18,175.32,1952.664,Seasonal,Credit Card,Cancelled,Partially Returned,32.99
3905,710,P001,C1787,SP02,L10,21,219.39,6289.382399999999,Promotional,Cash,Cancelled,Returned,379.98
3906,710,P002,C1971,SP02,L07,28,302.92,1139.964,No Discount,Online Payment,Pending,Partially Returned,267.72
3907,710,P002,C1716,SP05,L02,12,344.5,1039.34208,Bulk Purchase,Cash,Pending,Partially Returned,180.57
3908,710,P003,C1641,SP06,L08,20,297.9,4602.42,No Discount,Cash,Cancelled,No Returns,427.49
3909,710,P004,C2027,SP04,L11,28,74.96,1597.392,No Discount,Credit Card,Pending,No Returns,289.1
3910,710,P006,C1082,SP04,L09,28,224.37,1170.30144,Seasonal,Cash,Delivered,Returned,211.45
3911,711,P003,C0522,SP02,L10,6,75.99,4712.567999999999,Seasonal,Credit Card,Pending,No Returns,346.26
3912,711,P005,C0905,SP01,L10,47,43.88,2242.464,Seasonal,Online Payment,Cancelled,Returned,295.74
3913,712,P001,C1701,SP01,L03,39,57.02,1880.54784,No Discount,Cash,Cancelled,Partially Returned,15.78
3914,712,P002,C2141,SP06,L11,17,330.69,927.5904,Seasonal,Installment,Delivered,Returned,360.92
3915,712,P003,C1884,SP01,L11,13,188.72,4572.336,Seasonal,Credit Card,Pending,Returned,104.93
3916,712,P004,C0724,SP01,L05,39,288.9,2150.3118,No Discount,Credit Card,Pending,Returned,119.36
3917,712,P004,C1541,SP03,L03,5,432.53,2387.80224,Seasonal,Installment,Cancelled,No Returns,237.03
3918,712,P004,C1771,SP04,L01,41,28.5,1901.9616,No Discount,Cash,Delivered,No Returns,338.07
3919,712,P005,C1528,SP06,L12,30,256.13,1785.5712,Bulk Purchase,Cash,Pending,Partially Returned,35.33
3920,712,P006,C0395,SP03,L09,25,102.36,5198.424,Promotional,Credit Card,Cancelled,Partially Returned,273.66
3921,712,P006,C0259,SP05,L10,37,41.7,4236.3552,Bulk Purchase,Cash,Cancelled,Partially Returned,91.69
3922,712,P006,C0340,SP06,L04,20,147.43,1170.4608,Seasonal,Online Payment,Cancelled,Partially Returned,93.31
3923,713,P001,C1204,SP04,L10,29,121.3,513.856,Bulk Purchase,Installment,Delivered,No Returns,474.1
3924,713,P002,C0610,SP02,L12,24,271.24,748.0761599999998,Promotional,Cash,Pending,No Returns,155.44
3925,713,P004,C1869,SP01,L04,45,392.06,495.02016,Seasonal,Cash,Cancelled,Returned,278.35
3926,713,P004,C1508,SP02,L05,42,120.39,772.8957599999999,Bulk Purchase,Cash,Delivered,Returned,466.47
3927,713,P004,C0038,SP02,L07,42,420.17,797.748,Seasonal,Installment,Delivered,Partially Returned,154.13
3928,713,P004,C0791,SP02,L10,30,337.97,2655.1392,Promotional,Cash,Delivered,No Returns,189.11
3929,713,P004,C0592,SP06,L05,35,162.4,2283.372,Bulk Purchase,Online Payment,Pending,No Returns,40.6
3930,713,P005,C1962,SP04,L06,28,153.31,2039.328,Bulk Purchase,Cash,Cancelled,Partially Returned,465.9
3931,713,P006,C1531,SP05,L12,32,116.56,588.72768,No Discount,Cash,Delivered,Partially Returned,39.99
3932,714,P002,C0898,SP05,L02,7,207.58,1661.20192,Seasonal,Installment,Pending,No Returns,11.83
3933,714,P004,C0089,SP01,L03,33,184.63,3633.2874,Seasonal,Credit Card,Pending,Returned,61.15
3934,714,P005,C0401,SP01,L05,14,299.88,2915.6036,Seasonal,Online Payment,Pending,No Returns,368.81
3935,714,P005,C0710,SP01,L06,31,463.81,5391.4176,No Discount,Cash,Pending,Returned,185.96
3936,714,P005,C1167,SP03,L04,1,315.02,2743.2432,Bulk Purchase,Credit Card,Delivered,Returned,395.64
3937,715,P001,C0627,SP02,L08,34,127.51,2202.408,Seasonal,Installment,Pending,No Returns,458.23
3938,715,P001,C1344,SP06,L11,40,283.61,2908.944,No Discount,Credit Card,Pending,Partially Returned,301.75
3939,715,P002,C1808,SP02,L12,15,359.45,3967.5008,Promotional,Online Payment,Cancelled,No Returns,302.99
3940,715,P002,C0179,SP06,L03,20,265.9,1557.89568,No Discount,Installment,Delivered,Partially Returned,230.44
3941,715,P003,C0528,SP05,L04,40,491.37,2263.4316,Seasonal,Credit Card,Delivered,No Returns,463.37
3942,715,P004,C1181,SP03,L02,17,133.28,1610.52416,Seasonal,Installment,Delivered,No Returns,346.05
3943,715,P005,C1241,SP02,L03,49,299.84,4640.2794,Seasonal,Credit Card,Pending,No Returns,431.31
3944,715,P005,C2013,SP02,L10,49,230.13,841.008,No Discount,Credit Card,Pending,Partially Returned,442.91
3945,716,P001,C1396,SP01,L06,30,41.85,2125.6704,Seasonal,Installment,Cancelled,Partially Returned,199.07
3946,716,P002,C0259,SP01,L11,29,327.7,3473.4336,No Discount,Cash,Delivered,Partially Returned,84.9
3947,716,P003,C0946,SP05,L04,15,398.06,2782.188,Seasonal,Credit Card,Cancelled,Returned,117.62
3948,716,P005,C0224,SP01,L11,19,491.46,3548.160000000001,Promotional,Credit Card,Delivered,No Returns,363.61
3949,717,P001,C0158,SP01,L06,20,358.91,1273.392,Promotional,Credit Card,Cancelled,Partially Returned,329.76
3950,717,P001,C1991,SP02,L02,16,328.79,1607.92576,No Discount,Installment,Delivered,No Returns,63.05
3951,717,P002,C1483,SP06,L12,3,348.85,2399.6928,No Discount,Cash,Pending,No Returns,389.72
3952,717,P003,C1471,SP01,L02,24,270.69,2462.96064,Bulk Purchase,Cash,Cancelled,No Returns,20.12
3953,717,P003,C0094,SP05,L04,36,89.19,2497.44384,No Discount,Cash,Cancelled,Returned,395.31
3954,717,P003,C0284,SP05,L05,6,197.43,2234.8508,Promotional,Online Payment,Delivered,Partially Returned,380.75
3955,717,P004,C0357,SP05,L12,9,430.09,1096.39936,Promotional,Installment,Pending,No Returns,234.82
3956,718,P001,C0409,SP02,L01,22,164.89,2013.648,Seasonal,Credit Card,Delivered,No Returns,338.44
3957,718,P003,C2144,SP04,L05,22,424.54,1538.34408,Seasonal,Cash,Cancelled,Returned,468.58
3958,718,P003,C0602,SP06,L02,19,417.2,1196.384,Seasonal,Online Payment,Pending,No Returns,154.49
3959,718,P004,C0487,SP01,L12,15,83.91,1079.92704,Seasonal,Cash,Delivered,Returned,152.03
3960,718,P004,C0324,SP01,L01,16,476.25,1859.2448,Promotional,Installment,Delivered,Returned,276.63
3961,718,P004,C0641,SP05,L09,5,374.87,987.6416,Promotional,Online Payment,Cancelled,Returned,210.22
3962,718,P006,C1132,SP01,L11,4,320.6,406.336,No Discount,Online Payment,Cancelled,No Returns,214.2
3963,719,P001,C0342,SP01,L01,10,499.14,1959.384,No Discount,Credit Card,Delivered,No Returns,488.1
3964,719,P001,C0544,SP03,L07,45,86.62,1837.668,Promotional,Online Payment,Delivered,Returned,325.8
3965,719,P002,C1015,SP06,L06,6,160.65,6390.648,No Discount,Credit Card,Pending,Partially Returned,394.85
3966,719,P004,C1835,SP04,L12,41,249.48,880.3660800000001,Seasonal,Cash,Pending,Partially Returned,374.75
3967,719,P004,C0594,SP06,L05,5,483.5,383.4084799999999,Bulk Purchase,Installment,Pending,Partially Returned,395.77
3968,720,P001,C0691,SP05,L04,35,406.0,1351.05408,Bulk Purchase,Cash,Cancelled,Partially Returned,276.09
3969,720,P003,C0188,SP06,L02,21,152.49,2768.416,Seasonal,Online Payment,Cancelled,No Returns,386.4
3970,720,P005,C1066,SP02,L03,26,393.5,4839.7824,Bulk Purchase,Credit Card,Pending,Returned,460.34
3971,720,P005,C1201,SP06,L05,46,283.65,2100.15624,Bulk Purchase,Cash,Delivered,No Returns,10.96
3972,720,P006,C0971,SP02,L02,47,381.8,1310.6016,Bulk Purchase,Credit Card,Delivered,Partially Returned,335.83
3973,720,P006,C0195,SP03,L12,7,290.32,597.37728,Bulk Purchase,Installment,Cancelled,Returned,203.57
3974,721,P001,C0617,SP01,L07,4,139.7,723.702,Seasonal,Online Payment,Cancelled,Partially Returned,491.28
3975,721,P001,C0841,SP03,L06,15,182.98,6442.56,Bulk Purchase,Online Payment,Pending,No Returns,35.97
3976,721,P001,C1229,SP04,L03,29,173.98,1229.72256,Seasonal,Installment,Delivered,Partially Returned,334.65
3977,721,P001,C2060,SP04,L07,28,344.86,1468.7568,Promotional,Installment,Delivered,Returned,294.43
3978,721,P001,C0390,SP05,L04,1,452.39,726.5376000000001,Promotional,Credit Card,Pending,Returned,450.29
3979,721,P003,C1008,SP01,L09,24,162.23,2819.8016,Bulk Purchase,Online Payment,Cancelled,No Returns,316.68
3980,721,P003,C1785,SP03,L08,39,218.45,2884.716,Bulk Purchase,Installment,Pending,No Returns,498.75
3981,721,P004,C1918,SP06,L04,30,199.87,2498.14368,No Discount,Cash,Pending,Returned,179.4
3982,721,P005,C1611,SP02,L09,17,329.42,1611.9488,Bulk Purchase,Online Payment,Cancelled,No Returns,251.99
3983,721,P005,C0541,SP02,L08,26,334.9,5897.07,No Discount,Online Payment,Delivered,Partially Returned,113.6
3984,721,P005,C1019,SP03,L11,39,280.31,2520.908800000001,No Discount,Installment,Cancelled,Returned,350.09
3985,722,P002,C0813,SP06,L06,30,28.95,397.1712000000001,No Discount,Installment,Cancelled,Returned,483.6
3986,722,P003,C1605,SP03,L03,35,60.38,3540.257279999999,Seasonal,Cash,Pending,Returned,444.23
3987,722,P004,C0262,SP06,L05,15,417.21,1482.10608,Bulk Purchase,Cash,Cancelled,Partially Returned,255.49
3988,722,P005,C1794,SP02,L06,35,374.01,3794.745599999999,Seasonal,Cash,Delivered,Returned,281.17
3989,722,P006,C0539,SP01,L07,41,148.71,2046.9015,Seasonal,Credit Card,Delivered,Returned,261.22
3990,723,P001,C1827,SP04,L06,33,232.43,2841.5616,Seasonal,Installment,Pending,Returned,229.03
3991,723,P002,C2090,SP03,L12,40,115.97,4607.3536,Bulk Purchase,Online Payment,Delivered,Returned,242.59
3992,723,P003,C0131,SP04,L06,27,352.39,3423.0528,No Discount,Installment,Pending,No Returns,188.9
3993,723,P003,C0489,SP05,L01,9,439.07,1456.112,Seasonal,Online Payment,Pending,No Returns,29.83
3994,723,P004,C1054,SP03,L03,16,148.64,2606.1264,No Discount,Cash,Pending,Partially Returned,24.92
3995,723,P005,C0418,SP01,L06,36,24.98,1451.52,Promotional,Installment,Delivered,No Returns,389.98
3996,723,P005,C2008,SP03,L01,45,269.64,1769.88,Promotional,Cash,Delivered,No Returns,128.21
3997,723,P005,C1046,SP06,L11,47,252.91,920.5504,Bulk Purchase,Installment,Pending,Partially Returned,200.37
3998,724,P002,C1507,SP01,L10,35,140.99,6099.996,Promotional,Credit Card,Delivered,Partially Returned,496.5
3999,724,P003,C1989,SP02,L10,38,469.17,1142.652,No Discount,Credit Card,Cancelled,No Returns,13.04
4000,724,P005,C0470,SP03,L01,34,306.94,1362.7824,Bulk Purchase,Cash,Delivered,No Returns,346.59
4001,724,P005,C1565,SP04,L11,3,189.04,3822.592,No Discount,Online Payment,Delivered,No Returns,338.93
4002,724,P006,C0363,SP02,L01,42,487.2,1784.4512,Promotional,Installment,Pending,Returned,7.15
4003,725,P002,C0950,SP05,L07,40,210.12,1347.696,Promotional,Credit Card,Cancelled,Partially Returned,349.14
4004,725,P006,C0713,SP02,L09,40,430.87,807.1641600000002,Promotional,Cash,Cancelled,Returned,122.04
4005,725,P006,C0820,SP03,L03,40,274.28,1145.44368,No Discount,Cash,Pending,Returned,472.96
4006,726,P001,C1715,SP06,L02,12,25.58,4089.9264,No Discount,Online Payment,Pending,No Returns,443.49
4007,726,P002,C1120,SP06,L04,36,351.13,1466.9424,Promotional,Online Payment,Pending,No Returns,103.01
4008,727,P001,C0939,SP04,L01,9,213.22,3507.448,Promotional,Online Payment,Cancelled,No Returns,151.04
4009,727,P001,C0325,SP05,L01,29,329.37,2214.128,No Discount,Online Payment,Delivered,Returned,442.29
4010,727,P002,C0915,SP02,L04,27,477.01,830.3990400000001,Seasonal,Cash,Cancelled,No Returns,111.38
4011,727,P004,C0182,SP02,L02,45,288.86,3534.3616,No Discount,Online Payment,Pending,Returned,40.58
4012,727,P004,C1147,SP05,L08,25,408.89,3806.64,No Discount,Online Payment,Cancelled,Partially Returned,433.51
4013,727,P006,C0861,SP01,L09,17,104.95,3192.816000000001,Seasonal,Credit Card,Cancelled,Returned,109.84
4014,728,P006,C1092,SP04,L06,29,259.77,7747.392,No Discount,Online Payment,Pending,Partially Returned,483.16
4015,729,P002,C1193,SP03,L02,28,337.79,2177.8176,No Discount,Cash,Pending,No Returns,74.54
4016,729,P004,C1049,SP03,L09,47,98.32,4486.5744,Seasonal,Credit Card,Delivered,Partially Returned,489.63
4017,729,P006,C0492,SP02,L06,3,370.01,1622.0736,Seasonal,Cash,Pending,Returned,171.31
4018,729,P006,C1375,SP03,L07,35,380.66,759.5699999999999,Promotional,Online Payment,Pending,Partially Returned,87.61
4019,729,P006,C1078,SP05,L03,35,299.77,1868.02848,Seasonal,Installment,Pending,Returned,436.59
4020,730,P001,C0206,SP01,L04,33,296.46,1111.15584,Seasonal,Installment,Pending,Returned,498.54
4021,730,P001,C1013,SP01,L05,17,39.68,2552.9868,No Discount,Online Payment,Pending,No Returns,484.37
4022,730,P001,C1291,SP06,L01,20,161.2,1458.464,Seasonal,Online Payment,Delivered,Partially Returned,485.33
4023,730,P004,C0116,SP02,L01,3,301.88,1386.84,Bulk Purchase,Credit Card,Pending,Partially Returned,32.62
4024,730,P005,C1832,SP05,L12,17,42.08,1030.6624,Bulk Purchase,Installment,Delivered,No Returns,210.41
4025,730,P006,C0234,SP03,L02,4,208.88,1420.944,No Discount,Credit Card,Cancelled,Returned,280.45
4026,730,P006,C0294,SP03,L04,39,432.93,1915.002,Bulk Purchase,Credit Card,Cancelled,Returned,270.53
4027,730,P006,C1668,SP03,L01,26,79.98,3139.584,No Discount,Credit Card,Cancelled,Partially Returned,410.31
4028,730,P006,C1166,SP04,L05,45,331.23,1607.0236,Seasonal,Online Payment,Delivered,Partially Returned,139.42
4029,731,P001,C0065,SP05,L02,3,134.36,107.46624,Seasonal,Installment,Cancelled,No Returns,413.6
4030,731,P003,C0326,SP06,L09,46,200.49,291.62496,Promotional,Cash,Delivered,No Returns,458.31
4031,731,P005,C1236,SP01,L02,33,496.78,979.43552,Bulk Purchase,Installment,Cancelled,Partially Returned,257.78
4032,731,P005,C1960,SP05,L07,19,77.24,459.4968,No Discount,Cash,Delivered,No Returns,234.22
4033,732,P001,C2108,SP06,L07,8,376.8,859.2947999999999,Bulk Purchase,Cash,Delivered,Partially Returned,442.53
4034,732,P003,C0402,SP03,L03,44,48.57,4187.133,Bulk Purchase,Credit Card,Pending,Returned,5.99
4035,732,P003,C1732,SP05,L02,30,104.14,934.3488,No Discount,Credit Card,Delivered,Returned,408.72
4036,732,P003,C1462,SP06,L03,47,471.97,1146.5712,Promotional,Credit Card,Cancelled,No Returns,51.39
4037,732,P004,C1211,SP02,L12,48,341.36,2267.9904,Bulk Purchase,Cash,Pending,Partially Returned,119.92
4038,732,P004,C2029,SP04,L01,12,449.45,1861.9776,Promotional,Cash,Cancelled,Returned,100.32
4039,732,P005,C1479,SP01,L10,5,202.21,2675.7024,No Discount,Cash,Delivered,Partially Returned,448.71
4040,732,P006,C1970,SP01,L12,3,85.27,605.38496,Seasonal,Installment,Cancelled,Partially Returned,104.81
4041,732,P006,C1411,SP05,L11,36,493.05,3739.776,Seasonal,Credit Card,Cancelled,Partially Returned,414.28
4042,733,P001,C0730,SP01,L05,10,465.42,1061.36576,Seasonal,Installment,Cancelled,No Returns,233.92
4043,733,P001,C1382,SP04,L06,20,422.44,3886.463999999999,Bulk Purchase,Online Payment,Delivered,No Returns,200.62
4044,733,P002,C0481,SP02,L01,16,303.72,3501.162,Promotional,Credit Card,Cancelled,Partially Returned,411.32
4045,733,P003,C1986,SP01,L05,23,94.96,1217.5072,Bulk Purchase,Online Payment,Pending,No Returns,69.7
4046,733,P004,C0978,SP03,L02,34,242.04,1166.69952,Bulk Purchase,Installment,Pending,Returned,164.55
4047,733,P006,C2158,SP04,L04,11,430.3,1279.18656,No Discount,Installment,Pending,No Returns,494.63
4048,733,P006,C0961,SP04,L03,36,165.34,910.521,Seasonal,Credit Card,Delivered,Partially Returned,351.37
4049,734,P001,C1881,SP05,L02,49,443.11,4193.1456,No Discount,Online Payment,Pending,Returned,31.83
4050,734,P001,C0304,SP05,L04,39,223.05,1328.00256,No Discount,Installment,Pending,No Returns,100.91
4051,734,P004,C1521,SP03,L02,45,45.25,2915.6736,Bulk Purchase,Credit Card,Cancelled,No Returns,199.5
4052,734,P004,C2144,SP06,L11,8,365.24,3514.0224,No Discount,Cash,Cancelled,Partially Returned,108.77
4053,734,P006,C1389,SP02,L03,49,211.78,251.52768,Promotional,Installment,Cancelled,Returned,50.88
4054,734,P006,C1580,SP03,L02,3,115.73,638.3283200000001,No Discount,Installment,Cancelled,Partially Returned,489.97
4055,734,P006,C2051,SP05,L02,44,334.36,3957.8112,No Discount,Online Payment,Cancelled,Partially Returned,196.03
4056,735,P001,C0818,SP04,L05,11,301.98,689.6343999999999,Seasonal,Online Payment,Delivered,No Returns,96.47
4057,736,P003,C0990,SP06,L07,10,229.14,2047.0968,Bulk Purchase,Cash,Delivered,No Returns,318.64
4058,736,P004,C0031,SP01,L04,24,273.91,2246.17536,Seasonal,Cash,Cancelled,Partially Returned,363.9
4059,736,P006,C1558,SP06,L10,26,234.83,3350.928,Bulk Purchase,Online Payment,Delivered,No Returns,29.01
4060,737,P001,C1893,SP05,L11,21,400.61,1446.192,Promotional,Credit Card,Pending,No Returns,386.74
4061,737,P003,C1874,SP03,L11,20,235.91,2993.856,Seasonal,Credit Card,Cancelled,Returned,292.67
4062,737,P003,C0648,SP03,L10,43,447.37,1118.432,No Discount,Online Payment,Pending,No Returns,280.85
4063,737,P003,C0723,SP04,L04,39,194.0,483.8292,Seasonal,Credit Card,Pending,Returned,135.83
4064,737,P004,C0556,SP04,L03,38,361.56,1921.33296,Promotional,Cash,Pending,Returned,120.83
4065,737,P005,C2069,SP01,L02,13,347.74,1829.47968,No Discount,Cash,Delivered,No Returns,190.36
4066,737,P005,C0119,SP02,L07,43,267.38,2890.9755,No Discount,Credit Card,Delivered,Returned,306.83
4067,737,P006,C1600,SP01,L09,30,412.85,2388.024320000001,Bulk Purchase,Installment,Delivered,No Returns,79.15
4068,737,P006,C1513,SP02,L01,49,109.12,2858.688,Promotional,Cash,Cancelled,No Returns,79.96
4069,738,P001,C1290,SP01,L09,30,276.02,313.36448,Seasonal,Installment,Delivered,Returned,281.97
4070,738,P001,C2008,SP05,L05,23,358.36,858.9308000000001,No Discount,Online Payment,Pending,Returned,210.9
4071,738,P002,C0963,SP03,L09,18,278.99,1142.6624,No Discount,Online Payment,Delivered,Partially Returned,322.02
4072,738,P002,C0951,SP05,L01,40,463.04,1431.738,Promotional,Credit Card,Delivered,No Returns,259.11
4073,738,P002,C1160,SP06,L12,28,411.88,2918.70144,Seasonal,Cash,Delivered,Partially Returned,371.09
4074,738,P003,C1485,SP01,L02,7,168.39,2157.12,Bulk Purchase,Online Payment,Pending,No Returns,183.69
4075,738,P003,C2047,SP05,L02,32,333.57,2778.5856,Seasonal,Credit Card,Delivered,No Returns,394.61
4076,738,P005,C1600,SP04,L12,32,394.77,3756.2656,Seasonal,Online Payment,Cancelled,Returned,90.65
4077,738,P006,C1238,SP01,L08,15,110.48,4307.9175,Bulk Purchase,Credit Card,Delivered,Returned,226.83
4078,738,P006,C1935,SP06,L07,2,392.46,1532.034,No Discount,Credit Card,Delivered,Partially Returned,404.01
4079,738,P006,C1362,SP06,L06,16,30.03,8100.096,Seasonal,Online Payment,Pending,No Returns,438.42
4080,739,P001,C0884,SP02,L10,23,91.87,7441.223999999999,Promotional,Credit Card,Delivered,No Returns,401.34
4081,739,P001,C1386,SP02,L11,39,314.26,577.9200000000001,Promotional,Credit Card,Delivered,Returned,213.35
4082,739,P003,C1163,SP01,L12,25,367.96,746.18304,Promotional,Cash,Delivered,Partially Returned,370.0
4083,739,P004,C2056,SP05,L07,11,202.2,4115.916,Bulk Purchase,Online Payment,Pending,Returned,127.97
4084,739,P004,C2122,SP06,L11,45,238.74,1501.2096,Seasonal,Installment,Delivered,Partially Returned,356.58
4085,739,P005,C1914,SP01,L08,22,309.93,6087.690000000001,No Discount,Online Payment,Delivered,No Returns,437.63
4086,739,P006,C1111,SP01,L10,29,156.21,9025.856,Promotional,Online Payment,Pending,No Returns,39.85
4087,739,P006,C1870,SP03,L09,12,350.09,2270.44224,No Discount,Cash,Cancelled,Partially Returned,341.62
4088,740,P001,C1092,SP01,L10,41,264.52,6370.14,No Discount,Credit Card,Pending,Partially Returned,427.27
4089,740,P001,C0388,SP04,L10,12,146.03,5816.495999999999,Bulk Purchase,Cash,Pending,Partially Returned,91.25
4090,740,P004,C0796,SP01,L11,21,85.47,1661.9008,Promotional,Installment,Pending,Returned,464.98
4091,740,P004,C1118,SP05,L08,17,194.04,1475.064,Bulk Purchase,Installment,Delivered,Partially Returned,220.06
4092,740,P005,C0380,SP02,L10,12,202.68,3959.4688,Seasonal,Installment,Pending,No Returns,437.47
4093,740,P006,C0841,SP04,L03,8,282.79,2294.7948,Seasonal,Credit Card,Cancelled,No Returns,420.06
4094,741,P002,C0572,SP05,L10,33,258.55,5218.3488,Bulk Purchase,Cash,Cancelled,No Returns,241.68
4095,741,P004,C1820,SP02,L12,47,29.11,2908.0064,Seasonal,Online Payment,Delivered,Returned,81.76
4096,741,P005,C0007,SP04,L03,2,393.65,2523.42864,No Discount,Cash,Cancelled,Partially Returned,304.7
4097,741,P006,C0761,SP02,L04,25,81.09,2270.95488,Seasonal,Cash,Pending,Returned,60.18
4098,741,P006,C1786,SP06,L07,14,45.55,2443.812,No Discount,Online Payment,Cancelled,Partially Returned,155.5
4099,742,P002,C0378,SP02,L05,19,145.82,1002.2376,Promotional,Installment,Pending,No Returns,228.14
4100,742,P003,C0774,SP02,L01,42,101.32,1569.33,No Discount,Credit Card,Cancelled,Partially Returned,398.76
4101,742,P003,C1010,SP02,L10,45,376.81,5705.28,Bulk Purchase,Online Payment,Delivered,Returned,277.01
4102,742,P003,C1581,SP05,L12,25,85.02,1606.63872,Promotional,Cash,Cancelled,No Returns,360.84
4103,742,P005,C0686,SP04,L10,7,390.89,8879.807999999999,Seasonal,Online Payment,Cancelled,Partially Returned,386.16
4104,743,P001,C1835,SP04,L06,44,313.38,3709.92,Bulk Purchase,Online Payment,Cancelled,No Returns,300.75
4105,743,P004,C0443,SP05,L03,25,123.32,2680.93152,Seasonal,Cash,Cancelled,Partially Returned,492.59
4106,743,P005,C1354,SP04,L11,23,291.06,3779.392,No Discount,Online Payment,Delivered,Returned,423.98
4107,743,P006,C1269,SP02,L02,8,443.59,1231.48032,Seasonal,Cash,Delivered,Partially Returned,97.05
4108,744,P002,C0363,SP04,L09,3,469.74,2685.3552,Seasonal,Credit Card,Delivered,Partially Returned,202.98
4109,744,P002,C1738,SP06,L11,2,317.85,2729.088,Seasonal,Online Payment,Pending,Returned,299.25
4110,744,P003,C0666,SP02,L12,4,45.41,4591.3056,Bulk Purchase,Online Payment,Pending,Returned,321.65
4111,744,P003,C1512,SP02,L01,13,349.02,5253.639999999999,Seasonal,Online Payment,Delivered,Partially Returned,5.62
4112,744,P003,C0103,SP06,L02,18,129.66,644.0,Seasonal,Online Payment,Pending,No Returns,111.01
4113,744,P005,C0837,SP01,L06,38,65.97,1656.144,No Discount,Credit Card,Delivered,No Returns,1.04
4114,744,P005,C1340,SP03,L08,35,196.84,4951.638000000001,Seasonal,Cash,Cancelled,Partially Returned,434.89
4115,744,P005,C1277,SP03,L10,4,234.34,10885.504,No Discount,Online Payment,Delivered,Partially Returned,247.26
4116,745,P001,C0881,SP06,L04,6,169.09,1272.89664,Seasonal,Installment,Cancelled,Returned,396.95
4117,746,P001,C1425,SP06,L04,34,424.44,2329.722,Promotional,Credit Card,Cancelled,No Returns,159.87
4118,746,P002,C1436,SP02,L04,39,376.55,371.5027200000001,Seasonal,Installment,Cancelled,Returned,421.23
4119,746,P002,C2066,SP02,L11,2,395.28,2975.9616,Promotional,Cash,Pending,Returned,275.19
4120,746,P002,C0879,SP03,L07,2,322.27,1455.5835,Seasonal,Credit Card,Cancelled,No Returns,205.07
4121,746,P003,C0372,SP02,L07,2,302.98,1556.772,Promotional,Online Payment,Delivered,Returned,289.81
4122,746,P003,C1191,SP04,L05,24,265.06,154.10304,Bulk Purchase,Cash,Pending,Returned,98.97
4123,746,P004,C0566,SP01,L05,15,44.05,1570.60176,No Discount,Cash,Pending,Returned,100.98
4124,747,P001,C1017,SP03,L04,28,427.4,2864.7216,Seasonal,Online Payment,Pending,Partially Returned,4.23
4125,747,P002,C0736,SP04,L05,15,402.95,1659.7854,Seasonal,Credit Card,Delivered,Partially Returned,341.47
4126,747,P002,C0048,SP04,L05,36,181.53,1103.03648,Seasonal,Installment,Cancelled,No Returns,139.06
4127,747,P003,C1358,SP06,L05,10,294.03,1025.99952,Promotional,Installment,Pending,Returned,68.18
4128,747,P004,C0773,SP03,L11,17,436.15,1863.792,Bulk Purchase,Credit Card,Delivered,No Returns,359.86
4129,747,P004,C1790,SP04,L12,22,150.68,3520.4416,No Discount,Online Payment,Cancelled,No Returns,117.72
4130,747,P005,C1709,SP03,L08,43,233.32,4816.800000000001,Bulk Purchase,Online Payment,Pending,No Returns,137.79
4131,747,P005,C1226,SP06,L05,49,461.18,1026.80032,Promotional,Installment,Cancelled,Returned,35.94
4132,748,P005,C1006,SP04,L02,8,14.81,1233.95328,Seasonal,Installment,Delivered,Returned,374.98
4133,748,P006,C0614,SP04,L02,8,316.69,662.26944,No Discount,Installment,Cancelled,Returned,426.05
4134,749,P001,C1687,SP05,L06,30,35.63,3255.4752,Promotional,Installment,Cancelled,No Returns,442.89
4135,749,P003,C0316,SP02,L05,19,155.07,744.1707,Seasonal,Credit Card,Cancelled,Partially Returned,33.49
4136,749,P003,C1745,SP05,L11,17,279.65,2203.136,No Discount,Online Payment,Pending,Partially Returned,104.73
4137,749,P004,C1064,SP06,L02,45,215.57,582.3462400000001,Bulk Purchase,Installment,Cancelled,Returned,241.04
4138,749,P005,C1336,SP04,L03,4,210.86,552.0960000000001,Seasonal,Online Payment,Pending,Partially Returned,130.01
4139,749,P006,C0629,SP02,L10,3,25.35,1886.976,Bulk Purchase,Cash,Delivered,Partially Returned,84.48
4140,750,P002,C0896,SP01,L08,37,177.0,4482.72,No Discount,Online Payment,Pending,Partially Returned,292.78
4141,750,P002,C1685,SP05,L11,49,295.17,3114.6624,Bulk Purchase,Cash,Pending,Returned,253.9
4142,750,P003,C1663,SP04,L12,47,459.15,1539.04128,No Discount,Cash,Cancelled,No Returns,122.57
4143,750,P005,C1532,SP02,L09,16,128.14,2162.688000000001,No Discount,Installment,Delivered,Partially Returned,457.0
4144,750,P005,C0696,SP06,L11,7,489.24,2763.1104,Bulk Purchase,Cash,Pending,Partially Returned,157.01
4145,750,P006,C1995,SP01,L12,15,368.01,1761.336,Seasonal,Credit Card,Pending,Partially Returned,157.14
4146,750,P006,C0739,SP03,L02,13,47.75,1852.54272,Promotional,Cash,Pending,No Returns,45.31
4147,751,P001,C1129,SP04,L02,24,236.67,1472.688,Promotional,Credit Card,Pending,Returned,467.97
4148,751,P002,C0123,SP01,L01,7,464.58,2422.224,Promotional,Online Payment,Cancelled,Returned,185.03
4149,751,P002,C1647,SP02,L08,14,352.69,859.392,No Discount,Installment,Cancelled,Partially Returned,180.81
4150,751,P004,C1687,SP04,L05,28,421.84,1909.4348,No Discount,Online Payment,Cancelled,Returned,68.34
4151,751,P004,C1548,SP05,L07,21,99.78,2501.572499999999,Bulk Purchase,Credit Card,Cancelled,No Returns,333.99
4152,751,P006,C1139,SP01,L09,5,484.5,1097.1136,Promotional,Installment,Delivered,Partially Returned,170.97
4153,751,P006,C1439,SP03,L11,44,444.58,2011.84,Bulk Purchase,Online Payment,Delivered,No Returns,414.75
4154,752,P001,C0793,SP02,L01,7,72.37,2434.026,No Discount,Credit Card,Delivered,Partially Returned,31.72
4155,752,P001,C0357,SP03,L05,5,369.66,793.6382999999998,Seasonal,Credit Card,Delivered,Returned,478.21
4156,752,P002,C1494,SP03,L10,26,304.68,10263.232,Bulk Purchase,Online Payment,Pending,No Returns,208.52
4157,752,P002,C0466,SP05,L04,44,124.47,1217.4624,No Discount,Installment,Cancelled,No Returns,0.85
4158,752,P004,C0290,SP05,L05,18,153.98,871.0337999999999,Seasonal,Credit Card,Delivered,No Returns,324.06
4159,752,P005,C1230,SP04,L02,26,338.66,3447.4944,Promotional,Online Payment,Delivered,No Returns,364.4
4160,752,P006,C1489,SP04,L08,3,217.41,6606.9000000000015,Seasonal,Online Payment,Delivered,Partially Returned,461.49
4161,752,P006,C2144,SP06,L01,31,115.01,1188.768,No Discount,Credit Card,Cancelled,Partially Returned,128.65
4162,753,P001,C1501,SP01,L03,48,462.27,2111.85792,Promotional,Installment,Pending,No Returns,150.92
4163,754,P002,C0867,SP02,L10,16,289.29,304.64,No Discount,Installment,Pending,Partially Returned,67.82
4164,754,P002,C0434,SP05,L09,13,495.22,6256.3072,Bulk Purchase,Online Payment,Pending,Partially Returned,153.82
4165,754,P003,C0320,SP01,L08,38,401.12,2869.128000000001,Promotional,Installment,Cancelled,Returned,393.1
4166,754,P003,C1905,SP02,L08,37,42.93,584.442,Bulk Purchase,Cash,Delivered,Partially Returned,116.53
4167,754,P005,C0577,SP04,L04,3,248.59,1426.1184,Promotional,Online Payment,Cancelled,No Returns,293.47
4168,755,P001,C0278,SP02,L12,20,23.41,996.02048,Bulk Purchase,Installment,Pending,No Returns,447.25
4169,755,P003,C2142,SP01,L01,33,259.45,2352.798,Bulk Purchase,Credit Card,Delivered,Returned,440.81
4170,755,P003,C0579,SP04,L07,46,75.36,2206.176,Bulk Purchase,Online Payment,Cancelled,Partially Returned,498.69
4171,755,P006,C1340,SP01,L06,17,404.92,3770.592,Seasonal,Online Payment,Pending,Partially Returned,229.81
4172,755,P006,C1158,SP06,L08,2,106.44,4272.75,Promotional,Credit Card,Pending,No Returns,47.77
4173,756,P002,C1607,SP02,L12,25,196.26,1390.2464,No Discount,Installment,Cancelled,Returned,11.6
4174,756,P002,C0088,SP03,L07,13,403.05,2625.84,Seasonal,Credit Card,Delivered,Partially Returned,112.5
4175,756,P002,C0248,SP05,L04,14,397.21,3990.168,Bulk Purchase,Online Payment,Pending,Partially Returned,217.11
4176,756,P002,C0679,SP05,L01,48,24.26,1696.8672,No Discount,Cash,Pending,Partially Returned,178.24
4177,756,P003,C0980,SP03,L04,15,26.47,1927.638,Promotional,Credit Card,Cancelled,Partially Returned,126.09
4178,756,P004,C2051,SP03,L07,18,253.72,741.0563999999998,Bulk Purchase,Cash,Delivered,No Returns,286.05
4179,756,P004,C0619,SP04,L09,48,72.86,2910.283200000001,No Discount,Credit Card,Delivered,Partially Returned,482.01
4180,756,P004,C0463,SP06,L10,48,429.59,4888.576,Promotional,Online Payment,Delivered,Partially Returned,1.81
4181,756,P005,C0894,SP02,L05,40,281.38,644.9934400000001,Promotional,Installment,Cancelled,Partially Returned,61.21
4182,756,P005,C1299,SP02,L10,43,167.41,3145.4304,No Discount,Cash,Pending,Returned,170.94
4183,756,P005,C0681,SP04,L02,30,81.92,2650.367999999999,Promotional,Credit Card,Delivered,No Returns,97.75
4184,756,P005,C0135,SP05,L04,24,106.33,3009.0528,Bulk Purchase,Online Payment,Delivered,No Returns,81.76
4185,757,P001,C1115,SP05,L07,38,417.81,450.324,Promotional,Credit Card,Pending,Returned,396.61
4186,757,P003,C1539,SP05,L03,6,238.15,1410.1776,Seasonal,Online Payment,Cancelled,No Returns,105.04
4187,757,P005,C1364,SP02,L06,1,132.43,2240.928,Bulk Purchase,Cash,Delivered,Partially Returned,446.37
4188,758,P003,C0235,SP01,L04,25,199.16,492.2856,Seasonal,Credit Card,Pending,No Returns,312.7
4189,758,P003,C1172,SP01,L01,9,236.93,1422.1536,Promotional,Cash,Delivered,No Returns,470.52
4190,758,P004,C1954,SP05,L05,13,124.17,1694.84952,Promotional,Cash,Cancelled,No Returns,307.87
4191,758,P005,C0989,SP02,L03,17,444.47,2492.7912,Seasonal,Online Payment,Cancelled,No Returns,293.6
4192,758,P005,C0523,SP03,L04,26,179.59,1337.18688,Bulk Purchase,Cash,Delivered,No Returns,379.07
4193,758,P005,C1202,SP04,L08,29,162.71,1014.984,No Discount,Installment,Cancelled,Returned,409.64
4194,758,P005,C0707,SP04,L01,2,437.48,557.6479999999999,Bulk Purchase,Installment,Cancelled,Partially Returned,249.83
4195,758,P006,C2045,SP05,L05,36,286.06,2017.0332,Bulk Purchase,Credit Card,Delivered,Returned,432.33
4196,759,P001,C0502,SP01,L01,4,162.15,1015.9296,No Discount,Installment,Cancelled,Returned,109.39
4197,759,P001,C0083,SP05,L04,29,367.93,1218.51648,Seasonal,Installment,Cancelled,Partially Returned,323.53
4198,759,P001,C1633,SP05,L07,24,345.93,1572.2784,No Discount,Cash,Pending,No Returns,341.75
4199,759,P001,C0368,SP05,L01,45,239.58,690.2783999999999,Promotional,Cash,Pending,Partially Returned,439.93
4200,759,P001,C1885,SP06,L04,25,281.92,2002.6764,Bulk Purchase,Credit Card,Delivered,Returned,319.95
4201,759,P001,C1875,SP06,L10,40,398.72,10805.2,Promotional,Online Payment,Cancelled,No Returns,107.86
4202,759,P002,C0204,SP04,L05,20,363.54,512.4028000000001,No Discount,Online Payment,Pending,No Returns,96.66
4203,759,P002,C1325,SP05,L04,23,291.12,869.5123199999999,No Discount,Cash,Pending,No Returns,126.84
4204,759,P002,C1741,SP05,L07,12,150.78,194.4936,Bulk Purchase,Installment,Cancelled,Partially Returned,378.22
4205,759,P005,C1865,SP01,L09,10,232.99,396.8448000000001,No Discount,Cash,Pending,No Returns,385.17
4206,759,P005,C1321,SP01,L12,10,72.73,1404.0096,Seasonal,Credit Card,Delivered,Partially Returned,47.33
4207,760,P001,C0465,SP01,L10,3,488.65,2617.7088,Promotional,Installment,Pending,No Returns,296.99
4208,760,P001,C0671,SP06,L11,22,287.16,3409.664,No Discount,Online Payment,Cancelled,No Returns,3.46
4209,760,P002,C0801,SP03,L05,40,285.92,1420.51728,Promotional,Cash,Cancelled,Returned,244.23
4210,760,P003,C1288,SP02,L06,6,443.2,2839.6032,Bulk Purchase,Installment,Cancelled,Partially Returned,343.15
4211,760,P003,C0869,SP04,L03,10,78.34,4774.3344,No Discount,Online Payment,Cancelled,Returned,45.68
4212,760,P006,C1505,SP05,L11,4,88.82,1338.24,Bulk Purchase,Online Payment,Cancelled,Partially Returned,306.25
4213,761,P001,C1982,SP06,L02,4,459.97,3006.4384,Promotional,Online Payment,Delivered,Returned,46.74
4214,761,P003,C1383,SP02,L02,22,95.35,355.91808,Bulk Purchase,Cash,Cancelled,Returned,53.75
4215,761,P003,C1355,SP04,L04,25,183.04,1967.43168,Promotional,Cash,Pending,No Returns,465.49
4216,761,P003,C0164,SP05,L10,38,175.03,6584.48,Bulk Purchase,Online Payment,Delivered,No Returns,473.23
4217,761,P005,C1213,SP01,L10,49,298.27,2413.6896,Promotional,Installment,Delivered,No Returns,343.14
4218,761,P005,C0371,SP02,L05,47,387.11,547.1648,Promotional,Online Payment,Pending,No Returns,43.98
4219,762,P002,C1045,SP05,L02,7,96.4,1290.464,Promotional,Online Payment,Cancelled,No Returns,268.78
4220,762,P003,C1770,SP02,L12,24,468.58,2603.2032,No Discount,Online Payment,Cancelled,No Returns,110.61
4221,762,P003,C1255,SP06,L07,31,417.94,1886.661,Promotional,Credit Card,Cancelled,Partially Returned,356.05
4222,762,P005,C1155,SP04,L01,40,213.2,1173.5136,Promotional,Cash,Pending,Returned,431.0
4223,762,P006,C2063,SP02,L11,3,132.75,1513.824,Bulk Purchase,Credit Card,Cancelled,Returned,283.75
4224,762,P006,C1850,SP05,L06,38,490.65,995.136,Seasonal,Online Payment,Pending,No Returns,366.46
4225,763,P002,C1374,SP01,L09,34,478.97,1089.792,Promotional,Credit Card,Cancelled,Returned,114.58
4226,763,P002,C1947,SP01,L03,20,220.49,2839.56192,No Discount,Cash,Delivered,Returned,389.41
4227,763,P002,C0248,SP04,L12,41,482.25,804.8208,Seasonal,Credit Card,Delivered,No Returns,359.68
4228,763,P003,C0743,SP05,L10,12,330.3,7254.128,Seasonal,Online Payment,Pending,No Returns,217.64
4229,763,P004,C0641,SP03,L05,5,72.04,1742.7774,Seasonal,Credit Card,Cancelled,Returned,423.32
4230,763,P004,C0059,SP05,L10,19,284.51,3215.9232,Promotional,Installment,Pending,Returned,27.48
4231,763,P005,C1496,SP04,L12,6,36.35,2556.33216,Promotional,Cash,Delivered,Partially Returned,1.89
4232,764,P002,C1803,SP02,L10,48,50.86,5545.904,Promotional,Online Payment,Cancelled,Returned,30.52
4233,764,P003,C1724,SP01,L09,21,395.53,3210.9792,Bulk Purchase,Credit Card,Cancelled,Returned,450.97
4234,764,P004,C2021,SP02,L02,13,215.63,2616.8016,Promotional,Credit Card,Pending,Returned,305.67
4235,764,P004,C1377,SP03,L06,25,38.42,3676.7232,No Discount,Installment,Delivered,Partially Returned,444.81
4236,764,P004,C1768,SP06,L12,24,104.06,2966.6904,Bulk Purchase,Credit Card,Pending,No Returns,153.75
4237,764,P004,C2159,SP06,L05,19,167.14,1071.1428,No Discount,Credit Card,Pending,No Returns,311.41
4238,764,P006,C1032,SP02,L09,49,404.59,2308.162560000001,Promotional,Cash,Delivered,No Returns,469.22
4239,764,P006,C2012,SP03,L09,47,432.39,1538.5216,Bulk Purchase,Online Payment,Pending,No Returns,230.6
4240,764,P006,C1902,SP06,L03,29,444.45,4681.492200000001,Bulk Purchase,Credit Card,Cancelled,Returned,164.25
4241,765,P001,C0581,SP01,L06,23,97.1,6699.383999999999,Promotional,Credit Card,Cancelled,Returned,251.98
4242,765,P001,C0629,SP04,L04,37,144.84,3946.7952,Promotional,Online Payment,Delivered,Partially Returned,332.98
4243,765,P002,C1331,SP06,L10,39,334.17,4762.531199999999,No Discount,Cash,Pending,No Returns,265.85
4244,765,P006,C0433,SP01,L10,12,45.12,2535.372,Bulk Purchase,Credit Card,Cancelled,Partially Returned,358.64
4245,766,P001,C1188,SP05,L11,11,18.38,1086.4,Bulk Purchase,Online Payment,Pending,Partially Returned,173.49
4246,766,P002,C1312,SP02,L12,13,253.01,2659.2352,No Discount,Online Payment,Pending,Partially Returned,476.41
4247,766,P002,C0144,SP05,L12,30,116.3,1637.28768,No Discount,Cash,Delivered,Partially Returned,246.43
4248,766,P002,C0331,SP05,L11,6,384.66,6056.96,Seasonal,Online Payment,Cancelled,Partially Returned,459.23
4249,766,P003,C1479,SP02,L06,11,409.64,423.0144,No Discount,Cash,Cancelled,Returned,232.5
4250,766,P004,C2116,SP03,L04,2,106.87,1793.04192,No Discount,Cash,Delivered,No Returns,67.9
4251,766,P005,C0961,SP01,L03,16,276.53,197.82144,Seasonal,Cash,Pending,Returned,303.17
4252,766,P006,C0244,SP01,L01,27,302.71,1643.8464,Seasonal,Cash,Cancelled,Partially Returned,74.84
4253,767,P001,C0327,SP05,L04,8,325.34,286.90848,Promotional,Cash,Pending,Returned,101.85
4254,767,P003,C2043,SP01,L04,8,452.15,2206.8288,Bulk Purchase,Credit Card,Pending,Returned,298.07
4255,767,P003,C1005,SP04,L03,3,134.4,2800.3968,Promotional,Online Payment,Pending,Partially Returned,336.45
4256,767,P004,C0369,SP04,L08,3,236.29,3527.172,No Discount,Cash,Cancelled,Partially Returned,197.89
4257,767,P005,C0856,SP03,L05,25,446.51,208.98696,No Discount,Cash,Pending,Returned,303.31
4258,767,P005,C0182,SP06,L07,32,92.83,2950.8255,Promotional,Credit Card,Pending,Partially Returned,460.13
4259,767,P006,C0575,SP02,L06,14,193.3,945.8304,Promotional,Installment,Delivered,Returned,469.82
4260,767,P006,C1100,SP02,L10,16,40.88,2432.136,Bulk Purchase,Credit Card,Delivered,Returned,229.95
4261,768,P003,C0166,SP01,L06,38,165.3,6356.52,Bulk Purchase,Credit Card,Pending,Partially Returned,57.09
4262,768,P003,C0150,SP03,L09,22,149.66,2490.364800000001,Promotional,Credit Card,Pending,Partially Returned,345.13
4263,768,P003,C0229,SP05,L07,21,168.58,2032.1595,Bulk Purchase,Credit Card,Delivered,Partially Returned,158.24
4264,768,P004,C1562,SP04,L01,36,330.77,2949.7776,Promotional,Cash,Delivered,Partially Returned,88.07
4265,768,P004,C0570,SP05,L07,35,93.67,1958.9724,Bulk Purchase,Cash,Cancelled,Partially Returned,393.86
4266,768,P004,C0284,SP06,L01,1,221.08,1809.808,Bulk Purchase,Online Payment,Delivered,Partially Returned,127.52
4267,768,P005,C0620,SP03,L06,32,321.2,4454.712,Bulk Purchase,Credit Card,Delivered,No Returns,279.36
4268,768,P005,C1151,SP04,L03,28,156.15,2145.0744,Bulk Purchase,Online Payment,Delivered,Returned,428.7
4269,768,P006,C1398,SP03,L09,30,474.67,855.2755200000001,No Discount,Installment,Cancelled,Partially Returned,202.42
4270,768,P006,C1165,SP03,L12,34,90.51,1944.8544,Promotional,Cash,Delivered,No Returns,422.41
4271,769,P003,C1381,SP01,L01,26,175.72,2109.296,Promotional,Online Payment,Cancelled,Returned,388.91
4272,769,P003,C0413,SP02,L01,36,108.82,822.3599999999999,No Discount,Online Payment,Pending,No Returns,127.91
4273,769,P003,C0842,SP04,L12,15,458.91,2174.629120000001,Promotional,Installment,Pending,No Returns,424.58
4274,769,P003,C1246,SP05,L05,4,254.09,1600.58808,Seasonal,Cash,Delivered,Partially Returned,39.72
4275,769,P004,C1216,SP06,L09,2,299.25,1069.60128,No Discount,Installment,Cancelled,No Returns,92.57
4276,770,P001,C0122,SP04,L12,45,197.57,3646.540800000001,Bulk Purchase,Online Payment,Pending,No Returns,379.56
4277,770,P002,C0692,SP01,L10,38,361.46,1840.2048,Bulk Purchase,Cash,Cancelled,Returned,453.21
4278,770,P004,C0674,SP02,L03,45,292.36,3951.666000000001,Bulk Purchase,Credit Card,Delivered,Returned,121.68
4279,771,P002,C0659,SP05,L06,15,437.89,4067.496,No Discount,Credit Card,Delivered,Returned,461.24
4280,771,P002,C1935,SP06,L08,1,291.71,3891.24,Seasonal,Credit Card,Cancelled,No Returns,121.37
4281,771,P005,C0495,SP01,L04,1,364.26,3415.0032,Seasonal,Online Payment,Cancelled,Returned,305.39
4282,771,P005,C1175,SP02,L10,35,119.71,2618.784,Promotional,Credit Card,Cancelled,Partially Returned,3.71
4283,772,P001,C1755,SP02,L07,5,275.52,867.1487999999999,Seasonal,Installment,Delivered,No Returns,268.4
4284,772,P001,C1085,SP04,L04,17,361.22,2663.6688,Seasonal,Credit Card,Pending,No Returns,104.54
4285,772,P002,C0539,SP06,L02,2,172.96,337.2096,Bulk Purchase,Online Payment,Cancelled,Returned,284.76
4286,772,P003,C0097,SP06,L04,35,219.28,1833.5376,Bulk Purchase,Online Payment,Delivered,No Returns,114.04
4287,772,P004,C2103,SP03,L06,40,196.54,3867.768,Bulk Purchase,Credit Card,Delivered,Partially Returned,87.1
4288,772,P005,C1445,SP02,L10,19,129.78,4229.478400000001,Promotional,Installment,Cancelled,No Returns,409.54
4289,772,P006,C1527,SP06,L12,48,468.63,554.3142400000002,Promotional,Installment,Cancelled,Partially Returned,358.27
4290,773,P001,C0364,SP01,L02,17,342.66,1505.69216,Seasonal,Installment,Delivered,No Returns,335.43
4291,773,P002,C1191,SP03,L03,20,29.7,174.8304,Seasonal,Installment,Cancelled,Partially Returned,300.01
4292,773,P002,C0970,SP04,L09,32,182.89,2558.81472,Promotional,Cash,Pending,Returned,452.34
4293,773,P002,C0491,SP04,L05,30,441.57,2157.0003,Seasonal,Credit Card,Delivered,Partially Returned,211.94
4294,773,P005,C0332,SP04,L04,33,188.63,1100.01888,Bulk Purchase,Cash,Delivered,Partially Returned,11.69
4295,773,P006,C0597,SP04,L05,45,284.3,242.697,Bulk Purchase,Credit Card,Pending,Returned,336.14
4296,773,P006,C1983,SP05,L11,11,286.85,3336.1152,Seasonal,Cash,Pending,Returned,485.92
4297,774,P001,C0997,SP04,L01,23,353.48,3750.894,Seasonal,Credit Card,Cancelled,Partially Returned,87.08
4298,774,P005,C1581,SP03,L09,5,247.62,4290.686400000001,Seasonal,Credit Card,Delivered,Returned,328.86
4299,774,P006,C1363,SP04,L04,6,316.64,761.51232,No Discount,Installment,Pending,Partially Returned,136.0
4300,775,P002,C1367,SP02,L04,8,55.29,751.3776,No Discount,Online Payment,Pending,Returned,34.64
4301,775,P004,C0822,SP05,L11,28,414.87,4104.064,Seasonal,Online Payment,Pending,No Returns,65.7
4302,775,P005,C0838,SP06,L06,40,103.48,7720.32,Promotional,Online Payment,Delivered,Partially Returned,19.57
4303,775,P006,C1449,SP04,L08,21,203.23,1689.21,Bulk Purchase,Online Payment,Delivered,Returned,227.23
4304,775,P006,C1404,SP06,L10,25,309.9,486.4832000000001,Bulk Purchase,Installment,Cancelled,Partially Returned,163.22
4305,776,P003,C0739,SP04,L04,43,132.66,1136.376,No Discount,Online Payment,Cancelled,Partially Returned,332.91
4306,776,P003,C1186,SP04,L11,4,288.24,1776.128,Promotional,Installment,Pending,Returned,175.36
4307,776,P004,C1939,SP02,L09,3,74.33,1459.9728,Bulk Purchase,Credit Card,Delivered,Returned,408.94
4308,776,P004,C1097,SP04,L04,28,468.88,2029.56192,Bulk Purchase,Cash,Cancelled,Returned,425.62
4309,776,P006,C0916,SP01,L08,35,313.39,4251.744,No Discount,Cash,Pending,No Returns,45.67
4310,776,P006,C1098,SP02,L06,42,482.92,3905.064,Promotional,Credit Card,Delivered,No Returns,428.56
4311,777,P003,C2071,SP05,L06,22,446.98,1628.208,Seasonal,Credit Card,Delivered,Partially Returned,100.33
4312,777,P005,C1255,SP02,L10,9,473.79,728.672,Seasonal,Online Payment,Pending,Partially Returned,99.27
4313,777,P005,C0439,SP06,L02,12,58.35,3507.7952,Seasonal,Online Payment,Delivered,Partially Returned,452.45
4314,777,P005,C1542,SP06,L07,47,293.84,1245.1488,No Discount,Installment,Delivered,Partially Returned,80.76
4315,778,P002,C1234,SP03,L10,20,419.08,4122.048,Promotional,Cash,Delivered,Returned,416.25
4316,778,P004,C0404,SP01,L09,20,343.07,311.2560000000001,Bulk Purchase,Credit Card,Cancelled,Partially Returned,161.91
4317,778,P004,C1998,SP01,L11,30,404.57,658.9184,Seasonal,Installment,Pending,Partially Returned,491.99
4318,778,P004,C2148,SP02,L05,40,385.32,1444.51216,Seasonal,Installment,Pending,No Returns,360.74
4319,779,P002,C0812,SP04,L01,47,114.19,723.0944,No Discount,Installment,Cancelled,No Returns,244.45
4320,779,P003,C1051,SP04,L08,8,376.12,3162.4425,Bulk Purchase,Credit Card,Delivered,Returned,288.2
4321,779,P005,C2104,SP04,L03,21,297.64,601.5384,Promotional,Online Payment,Cancelled,Returned,327.26
4322,780,P001,C1735,SP01,L10,34,419.64,1305.1584,No Discount,Installment,Delivered,Partially Returned,311.69
4323,780,P002,C1957,SP02,L03,8,90.22,2588.55264,Promotional,Installment,Pending,No Returns,390.27
4324,780,P002,C0293,SP04,L03,29,52.02,357.38496,Seasonal,Installment,Delivered,Partially Returned,313.18
4325,780,P006,C0079,SP02,L01,12,433.92,533.442,No Discount,Credit Card,Pending,Partially Returned,418.64
4326,781,P001,C0502,SP02,L12,5,22.26,3044.5776,Bulk Purchase,Credit Card,Pending,No Returns,175.48
4327,781,P003,C1070,SP03,L10,25,208.12,2792.8768,No Discount,Installment,Pending,Partially Returned,331.56
4328,781,P005,C2139,SP04,L05,35,454.56,322.6496,Bulk Purchase,Installment,Pending,Partially Returned,477.25
4329,781,P006,C1826,SP03,L11,47,281.6,1267.104,No Discount,Credit Card,Cancelled,No Returns,351.18
4330,782,P001,C0338,SP02,L12,5,213.71,5422.265600000001,Promotional,Online Payment,Cancelled,Partially Returned,160.84
4331,782,P003,C0881,SP01,L02,14,344.85,558.1542400000001,No Discount,Installment,Cancelled,Returned,152.89
4332,782,P006,C0967,SP03,L10,18,379.69,1763.5296,Promotional,Cash,Delivered,Returned,383.31
4333,783,P002,C1652,SP02,L07,23,340.47,666.3888,Promotional,Cash,Cancelled,Partially Returned,82.62
4334,783,P003,C0657,SP01,L01,24,252.81,2046.072,Bulk Purchase,Cash,Delivered,Returned,334.87
4335,783,P003,C1013,SP05,L04,35,160.01,1663.26912,No Discount,Installment,Pending,Returned,161.31
4336,783,P003,C1962,SP06,L05,29,133.69,2326.233,Seasonal,Credit Card,Cancelled,Partially Returned,224.26
4337,783,P004,C1274,SP04,L05,15,204.5,1233.6688,Promotional,Online Payment,Cancelled,Returned,80.1
4338,783,P006,C0284,SP04,L06,32,183.93,717.9264000000001,No Discount,Installment,Cancelled,Partially Returned,206.81
4339,784,P002,C1634,SP04,L05,46,279.86,135.97584,Seasonal,Cash,Pending,Partially Returned,147.6
4340,784,P004,C0098,SP05,L04,26,316.16,469.7740800000001,Bulk Purchase,Installment,Delivered,Returned,250.11
4341,784,P005,C1449,SP02,L08,32,158.89,5435.190000000001,Seasonal,Online Payment,Cancelled,Returned,257.03
4342,784,P005,C0222,SP02,L06,16,425.28,3512.159999999999,Promotional,Cash,Pending,Partially Returned,358.64
4343,784,P005,C1777,SP05,L03,23,217.15,2925.8496,Bulk Purchase,Online Payment,Delivered,No Returns,369.02
4344,784,P006,C1603,SP01,L05,49,381.62,2841.1292,Seasonal,Online Payment,Pending,No Returns,387.24
4345,784,P006,C1795,SP01,L11,45,249.51,4507.712,No Discount,Online Payment,Delivered,Partially Returned,97.78
4346,785,P001,C0756,SP01,L08,19,197.17,2959.740000000001,Bulk Purchase,Online Payment,Cancelled,No Returns,261.8
4347,785,P002,C1745,SP04,L12,23,368.03,2808.73728,Promotional,Cash,Cancelled,No Returns,456.78
4348,785,P002,C0755,SP04,L06,15,33.64,6492.096,Bulk Purchase,Credit Card,Pending,Partially Returned,289.89
4349,785,P003,C0570,SP04,L11,44,447.44,463.104,Bulk Purchase,Online Payment,Cancelled,Partially Returned,261.04
4350,785,P003,C0016,SP06,L03,5,422.57,2028.3696,Seasonal,Credit Card,Delivered,Partially Returned,383.12
4351,785,P004,C2081,SP03,L10,30,253.09,3182.7712,Bulk Purchase,Installment,Cancelled,Partially Returned,23.27
4352,785,P005,C0951,SP01,L01,18,48.64,3175.746,Promotional,Credit Card,Delivered,Returned,5.45
4353,785,P006,C0793,SP05,L09,11,88.06,1794.43968,Promotional,Cash,Delivered,No Returns,236.85
4354,786,P001,C0927,SP01,L10,47,326.42,7001.987999999999,Promotional,Credit Card,Delivered,No Returns,355.83
4355,786,P001,C1156,SP03,L04,12,106.33,2273.9616,No Discount,Online Payment,Cancelled,Partially Returned,232.24
4356,786,P002,C1092,SP04,L11,41,431.61,4426.128,Seasonal,Credit Card,Pending,No Returns,320.11
4357,786,P003,C1525,SP03,L07,3,373.87,950.7645,Promotional,Credit Card,Cancelled,Returned,179.55
4358,786,P003,C1808,SP06,L08,40,94.43,3442.464,Bulk Purchase,Installment,Cancelled,No Returns,315.26
4359,786,P005,C1372,SP04,L10,10,113.59,3284.3776,Promotional,Installment,Pending,No Returns,95.8
4360,786,P006,C0918,SP01,L07,40,238.31,1750.1715,Bulk Purchase,Credit Card,Delivered,Partially Returned,77.43
4361,786,P006,C1415,SP02,L11,38,301.78,3400.64,No Discount,Online Payment,Pending,Partially Returned,168.4
4362,786,P006,C0484,SP03,L01,12,44.2,2127.8432,Seasonal,Installment,Delivered,Returned,7.87
4363,786,P006,C0417,SP06,L09,8,73.96,301.88928,No Discount,Cash,Pending,Partially Returned,294.83
4364,786,P006,C0238,SP06,L04,27,394.52,2282.8608,Seasonal,Online Payment,Pending,No Returns,398.66
4365,787,P002,C0459,SP03,L06,34,165.6,1040.16,Promotional,Online Payment,Cancelled,Returned,491.29
4366,787,P002,C0869,SP04,L07,39,320.0,1033.3512,Bulk Purchase,Cash,Delivered,No Returns,39.48
4367,787,P004,C1833,SP03,L09,6,34.25,3848.222400000001,Promotional,Credit Card,Delivered,No Returns,374.98
4368,788,P002,C0984,SP02,L08,21,44.07,1607.175,Seasonal,Credit Card,Delivered,Partially Returned,273.8
4369,788,P005,C1103,SP06,L06,26,401.26,1471.896,No Discount,Credit Card,Delivered,Returned,409.86
4370,788,P006,C0519,SP01,L06,41,261.25,2472.12,Promotional,Credit Card,Pending,No Returns,20.42
4371,788,P006,C0430,SP04,L10,22,85.74,3368.8704,Bulk Purchase,Installment,Delivered,Partially Returned,295.34
4372,788,P006,C0275,SP05,L08,8,297.45,594.1080000000001,Seasonal,Cash,Delivered,Partially Returned,236.24
4373,789,P001,C1692,SP01,L11,8,311.6,4113.552000000001,No Discount,Credit Card,Pending,Returned,38.02
4374,789,P001,C1284,SP06,L04,36,356.77,3145.0464,Seasonal,Online Payment,Pending,No Returns,222.87
4375,789,P003,C0172,SP06,L08,45,81.37,2726.325,Seasonal,Credit Card,Cancelled,Returned,296.07
4376,789,P004,C0177,SP05,L10,16,418.99,2672.88,Promotional,Credit Card,Cancelled,Returned,287.42
4377,789,P005,C0732,SP01,L04,21,437.85,1362.6792,Promotional,Credit Card,Delivered,No Returns,398.76
4378,789,P005,C2026,SP01,L03,29,328.66,1922.66784,Bulk Purchase,Installment,Cancelled,Returned,39.92
4379,789,P005,C1636,SP01,L06,20,219.17,1742.256,Promotional,Credit Card,Cancelled,Partially Returned,199.55
4380,789,P005,C1714,SP01,L11,22,478.36,691.2512,No Discount,Installment,Cancelled,No Returns,407.35
4381,790,P002,C1480,SP03,L08,27,476.04,5526.495000000001,Seasonal,Credit Card,Delivered,Partially Returned,286.54
4382,790,P002,C0136,SP04,L02,39,346.26,1232.0448,Seasonal,Cash,Pending,Partially Returned,154.19
4383,790,P003,C1976,SP04,L03,24,17.33,1628.52768,Bulk Purchase,Installment,Pending,Returned,403.2
4384,790,P004,C1950,SP02,L05,16,239.57,788.51136,Seasonal,Installment,Pending,Partially Returned,487.4
4385,790,P004,C1618,SP04,L10,44,220.26,3302.768,Bulk Purchase,Online Payment,Cancelled,Partially Returned,367.5
4386,790,P005,C0365,SP01,L04,27,204.27,1010.30976,Seasonal,Installment,Pending,No Returns,118.23
4387,790,P005,C1052,SP06,L11,43,429.51,3068.880000000001,Promotional,Credit Card,Delivered,No Returns,392.5
4388,791,P002,C0026,SP01,L01,5,175.67,4267.424,Bulk Purchase,Online Payment,Cancelled,Returned,25.05
4389,791,P006,C0048,SP01,L06,22,225.78,1345.536,No Discount,Online Payment,Cancelled,Returned,15.33
4390,792,P002,C1410,SP01,L04,33,157.69,2723.1876,Seasonal,Credit Card,Delivered,Returned,222.07
4391,792,P002,C1130,SP04,L07,17,206.84,2641.128,Promotional,Online Payment,Delivered,No Returns,173.43
4392,792,P002,C0028,SP05,L03,1,49.01,1416.19104,Promotional,Installment,Cancelled,Partially Returned,329.48
4393,792,P006,C0464,SP01,L03,24,96.82,4718.8008,Seasonal,Online Payment,Cancelled,Returned,243.57
4394,792,P006,C2013,SP03,L07,14,363.13,1876.5432,Seasonal,Cash,Delivered,Returned,42.32
4395,792,P006,C0790,SP04,L05,29,453.13,654.20992,Promotional,Installment,Delivered,No Returns,321.93
4396,792,P006,C0584,SP06,L07,8,330.32,3469.661999999999,Bulk Purchase,Online Payment,Cancelled,No Returns,182.23
4397,793,P001,C1766,SP02,L09,46,251.81,2661.824000000001,Seasonal,Installment,Cancelled,No Returns,46.18
4398,793,P001,C1508,SP03,L05,46,40.59,961.89184,No Discount,Installment,Delivered,No Returns,363.08
4399,793,P002,C1674,SP01,L08,1,15.83,4299.84,Bulk Purchase,Online Payment,Pending,Returned,36.31
4400,793,P002,C1060,SP05,L01,9,411.37,1224.51,Promotional,Credit Card,Delivered,No Returns,79.75
4401,793,P003,C2043,SP05,L03,43,261.47,1637.70336,No Discount,Cash,Delivered,Partially Returned,168.45
4402,793,P006,C1560,SP01,L05,46,121.48,491.07968,No Discount,Installment,Delivered,Returned,499.33
4403,793,P006,C1937,SP05,L12,7,243.4,661.09056,Seasonal,Installment,Cancelled,Partially Returned,76.45
4404,793,P006,C1596,SP06,L10,18,318.05,8374.016,Seasonal,Online Payment,Delivered,Returned,102.97
4405,794,P003,C1767,SP06,L12,19,169.66,4940.4448,Bulk Purchase,Online Payment,Delivered,Partially Returned,79.72
4406,794,P004,C0413,SP01,L03,41,326.21,1904.148,No Discount,Credit Card,Pending,Returned,488.14
4407,795,P001,C1335,SP06,L11,42,70.88,2111.856,No Discount,Credit Card,Pending,Returned,77.55
4408,795,P003,C1354,SP05,L11,29,457.2,2066.176,Seasonal,Installment,Cancelled,No Returns,428.93
4409,795,P005,C1571,SP04,L10,25,326.52,3258.64,Seasonal,Online Payment,Cancelled,Partially Returned,22.63
4410,795,P006,C0315,SP04,L12,49,93.42,135.82592,Seasonal,Installment,Cancelled,Partially Returned,165.17
4411,795,P006,C0654,SP05,L08,38,469.81,3564.9,Promotional,Installment,Cancelled,Partially Returned,257.02
4412,795,P006,C1803,SP05,L05,35,165.37,1035.2979,Promotional,Credit Card,Cancelled,Returned,169.11
4413,796,P001,C0920,SP04,L11,29,90.5,3246.528,Seasonal,Credit Card,Pending,Partially Returned,129.1
4414,796,P002,C1801,SP03,L12,5,59.24,2040.55488,No Discount,Cash,Delivered,Returned,136.63
4415,796,P002,C1380,SP04,L06,42,213.97,440.352,Bulk Purchase,Cash,Delivered,Partially Returned,480.6
4416,796,P002,C1745,SP06,L02,25,458.6,1634.94912,No Discount,Installment,Delivered,No Returns,450.08
4417,796,P003,C0582,SP01,L03,39,35.71,2500.632,Seasonal,Online Payment,Cancelled,Returned,363.37
4418,796,P004,C0915,SP02,L09,39,69.9,3892.5216,Seasonal,Credit Card,Cancelled,No Returns,66.7
4419,796,P004,C0886,SP05,L02,48,108.71,4147.136,Promotional,Online Payment,Delivered,Returned,251.24
4420,797,P003,C1819,SP02,L01,8,468.52,5544.223999999999,Bulk Purchase,Online Payment,Pending,Partially Returned,478.32
4421,797,P004,C0949,SP05,L01,15,306.08,2796.1248,Promotional,Cash,Cancelled,Partially Returned,88.04
4422,797,P004,C1662,SP05,L11,14,170.09,1909.312,No Discount,Online Payment,Delivered,No Returns,437.77
4423,797,P004,C1698,SP06,L08,11,138.03,2148.174,Bulk Purchase,Cash,Pending,No Returns,151.67
4424,797,P005,C2093,SP03,L10,12,158.14,5848.976,No Discount,Online Payment,Cancelled,Returned,326.31
4425,797,P006,C1644,SP05,L02,32,359.89,1312.4608,Bulk Purchase,Online Payment,Cancelled,No Returns,82.91
4426,798,P003,C1849,SP01,L02,6,355.66,2060.7888,Promotional,Credit Card,Pending,Returned,15.07
4427,798,P003,C1810,SP01,L11,42,488.51,2259.776,Promotional,Online Payment,Pending,No Returns,304.71
4428,798,P004,C1065,SP05,L04,6,145.99,1050.31296,Promotional,Installment,Cancelled,Partially Returned,45.39
4429,798,P004,C0182,SP05,L04,36,37.18,2324.052,Bulk Purchase,Credit Card,Pending,No Returns,90.58
4430,798,P005,C1236,SP04,L08,45,418.43,4098.5325,Seasonal,Credit Card,Pending,Partially Returned,390.41
4431,798,P006,C0476,SP02,L07,17,93.74,975.408,Bulk Purchase,Online Payment,Delivered,Returned,474.31
4432,799,P003,C2078,SP02,L09,45,163.57,3223.20768,Seasonal,Cash,Pending,No Returns,155.18
4433,799,P004,C0003,SP05,L05,34,180.86,1061.3694,Bulk Purchase,Credit Card,Cancelled,No Returns,123.53
4434,799,P004,C0451,SP06,L02,14,410.24,568.6800000000001,No Discount,Credit Card,Delivered,No Returns,138.86
4435,799,P006,C0579,SP01,L02,35,301.48,548.1548799999999,Promotional,Installment,Delivered,Partially Returned,222.08
4436,800,P001,C0053,SP04,L01,26,19.82,1452.4272,Seasonal,Cash,Pending,Returned,324.84
4437,800,P003,C0218,SP02,L05,27,96.96,2721.3732,Bulk Purchase,Credit Card,Delivered,Returned,285.66
4438,800,P003,C0024,SP05,L06,11,255.8,1451.6928,No Discount,Cash,Delivered,No Returns,389.68
4439,800,P003,C1844,SP06,L05,23,493.63,213.00552,Bulk Purchase,Cash,Delivered,Partially Returned,235.06
4440,800,P004,C1097,SP05,L02,8,177.43,736.9824,Promotional,Credit Card,Pending,Partially Returned,66.29
4441,800,P005,C0839,SP01,L09,13,138.89,982.3616000000004,Bulk Purchase,Installment,Pending,Returned,252.56
4442,800,P006,C2006,SP02,L08,36,303.57,596.1960000000001,Bulk Purchase,Installment,Delivered,No Returns,204.19
4443,801,P002,C1401,SP02,L02,24,178.19,1910.8992,Seasonal,Online Payment,Pending,No Returns,241.9
4444,801,P004,C0310,SP02,L05,41,466.11,2479.6772,No Discount,Online Payment,Pending,No Returns,10.0
4445,801,P004,C0588,SP06,L06,4,391.9,727.9104,No Discount,Installment,Cancelled,Returned,132.52
4446,801,P006,C1351,SP02,L02,5,117.34,2180.0576,No Discount,Online Payment,Delivered,Returned,88.82
4447,801,P006,C0218,SP04,L01,21,365.11,759.8303999999999,No Discount,Cash,Cancelled,No Returns,403.43
4448,802,P001,C2081,SP03,L10,16,76.37,548.7552,Seasonal,Cash,Delivered,No Returns,154.65
4449,802,P001,C1586,SP03,L11,48,30.6,1554.0864,Bulk Purchase,Cash,Cancelled,Returned,141.51
4450,802,P002,C2142,SP04,L04,47,416.68,966.4704,No Discount,Online Payment,Cancelled,Returned,375.69
4451,802,P003,C1636,SP02,L04,20,227.44,2120.9364,Promotional,Credit Card,Delivered,Partially Returned,12.07
4452,802,P003,C2139,SP03,L01,1,124.03,575.7024,Bulk Purchase,Installment,Delivered,No Returns,273.16
4453,802,P004,C0007,SP02,L03,42,32.02,3361.4352,Bulk Purchase,Online Payment,Pending,Returned,418.8
4454,802,P004,C0205,SP04,L11,34,238.97,2138.8032,Promotional,Installment,Cancelled,Partially Returned,103.86
4455,802,P006,C1761,SP01,L11,31,46.45,1668.1344,Seasonal,Cash,Pending,Partially Returned,88.41
4456,803,P001,C0269,SP04,L05,25,211.25,2222.4657,No Discount,Credit Card,Pending,No Returns,482.78
4457,803,P002,C0737,SP03,L01,8,183.26,1900.472,Promotional,Online Payment,Pending,Returned,497.28
4458,803,P002,C0256,SP04,L08,37,146.13,909.144,Bulk Purchase,Installment,Pending,Returned,422.86
4459,803,P004,C1588,SP01,L06,17,253.42,1149.504,Bulk Purchase,Installment,Delivered,No Returns,248.55
4460,803,P004,C1406,SP03,L07,3,331.8,1664.7876,Promotional,Cash,Delivered,No Returns,337.87
4461,803,P006,C1012,SP04,L06,23,359.83,1228.4928,Seasonal,Cash,Cancelled,Returned,143.46
4462,804,P003,C1651,SP02,L12,16,273.68,1569.0048,Promotional,Installment,Cancelled,Returned,109.26
4463,804,P005,C1409,SP05,L08,27,94.44,2258.352,Promotional,Installment,Cancelled,No Returns,31.08
4464,805,P002,C0377,SP03,L04,16,99.12,684.58176,No Discount,Installment,Cancelled,Returned,426.12
4465,805,P002,C2160,SP04,L02,25,471.78,1723.176,No Discount,Credit Card,Delivered,Returned,260.03
4466,805,P004,C2040,SP01,L03,34,404.93,998.3898,No Discount,Credit Card,Delivered,Partially Returned,61.65
4467,805,P006,C2000,SP01,L12,10,491.71,2510.27712,No Discount,Cash,Delivered,Partially Returned,371.49
4468,806,P001,C0932,SP04,L07,40,24.01,2637.306,Seasonal,Online Payment,Cancelled,Partially Returned,238.39
4469,806,P003,C0453,SP06,L06,35,107.73,1091.808,Bulk Purchase,Cash,Pending,Partially Returned,72.75
4470,806,P005,C1929,SP05,L01,13,220.37,1588.5408,No Discount,Installment,Delivered,Partially Returned,308.72
4471,806,P005,C0614,SP06,L04,13,10.67,1056.1536,Bulk Purchase,Online Payment,Delivered,No Returns,223.17
4472,807,P002,C1146,SP04,L01,16,225.6,872.4576000000001,Seasonal,Cash,Pending,Partially Returned,387.43
4473,807,P003,C1664,SP01,L12,1,236.54,2983.26336,Promotional,Cash,Pending,Partially Returned,217.13
4474,807,P004,C1431,SP02,L08,28,204.49,5809.455,Bulk Purchase,Credit Card,Delivered,No Returns,331.94
4475,807,P005,C0296,SP02,L11,10,272.34,2063.7952,Promotional,Installment,Cancelled,Partially Returned,139.41
4476,807,P005,C1482,SP06,L10,39,325.01,3684.441599999999,Bulk Purchase,Cash,Cancelled,Returned,293.55
4477,808,P003,C0658,SP03,L08,21,403.07,2978.91,Bulk Purchase,Cash,Pending,Returned,100.77
4478,808,P003,C0907,SP05,L11,13,134.33,3435.936,Bulk Purchase,Credit Card,Cancelled,Returned,251.84
4479,808,P003,C0086,SP06,L04,26,46.18,1016.47872,No Discount,Installment,Delivered,Returned,404.04
4480,808,P003,C0220,SP06,L11,23,363.3,1307.2128,No Discount,Cash,Pending,Partially Returned,89.08
4481,808,P004,C0087,SP04,L01,37,119.16,314.3699999999999,Promotional,Credit Card,Pending,Partially Returned,170.42
4482,808,P006,C1678,SP04,L11,11,174.84,1772.288,No Discount,Installment,Cancelled,Returned,316.51
4483,809,P001,C0660,SP02,L04,6,299.8,995.12064,Promotional,Installment,Pending,Partially Returned,110.31
4484,809,P001,C1122,SP02,L06,33,402.25,5736.1536,Promotional,Cash,Delivered,Partially Returned,163.67
4485,809,P001,C1900,SP04,L06,12,312.96,990.144,Bulk Purchase,Installment,Delivered,Partially Returned,404.4
4486,809,P002,C0688,SP05,L08,29,161.37,3370.05,No Discount,Online Payment,Pending,Returned,391.74
4487,809,P004,C0798,SP02,L04,48,412.58,1636.0704,Seasonal,Installment,Pending,Partially Returned,465.08
4488,809,P004,C0115,SP02,L07,31,287.36,3005.666999999999,No Discount,Credit Card,Cancelled,Returned,498.08
4489,809,P004,C0574,SP06,L01,6,371.58,1460.6368,Seasonal,Installment,Pending,Returned,365.77
4490,810,P001,C1742,SP05,L09,43,344.71,768.8524800000001,Promotional,Cash,Delivered,Returned,484.44
4491,810,P003,C0043,SP03,L06,41,300.69,5232.614399999999,Promotional,Cash,Cancelled,Partially Returned,322.82
4492,810,P005,C1193,SP06,L02,22,216.21,1501.55264,Bulk Purchase,Installment,Pending,Returned,477.1
4493,811,P001,C1418,SP05,L04,48,426.52,1890.5724,Promotional,Credit Card,Cancelled,No Returns,130.34
4494,811,P005,C1667,SP01,L02,17,150.53,2168.30208,No Discount,Cash,Delivered,Partially Returned,161.77
4495,812,P001,C0336,SP02,L10,1,197.84,3896.48,No Discount,Online Payment,Delivered,No Returns,321.03
4496,812,P003,C0111,SP02,L01,30,67.62,1948.3072,No Discount,Installment,Pending,Partially Returned,62.45
4497,812,P004,C0365,SP01,L10,47,61.27,4378.751999999999,Bulk Purchase,Cash,Delivered,No Returns,465.69
4498,812,P006,C1201,SP05,L10,49,131.77,3960.096,No Discount,Installment,Cancelled,No Returns,46.7
4499,813,P002,C0791,SP01,L01,17,77.84,421.092,No Discount,Credit Card,Delivered,No Returns,209.44
4500,813,P003,C0516,SP02,L07,25,151.29,2475.438,Bulk Purchase,Online Payment,Pending,No Returns,267.41
4501,813,P003,C1671,SP05,L06,4,386.79,3549.168,Bulk Purchase,Credit Card,Delivered,Returned,214.38
4502,813,P003,C1789,SP06,L12,36,498.64,226.86976,Promotional,Installment,Cancelled,Partially Returned,403.32
4503,813,P003,C0702,SP06,L08,3,44.42,2415.852,No Discount,Cash,Delivered,No Returns,73.74
4504,813,P004,C2050,SP03,L06,48,58.52,3945.24,No Discount,Credit Card,Delivered,Partially Returned,432.04
4505,813,P006,C0405,SP06,L02,13,385.11,2472.9264,Bulk Purchase,Credit Card,Cancelled,Returned,188.38
4506,814,P003,C2122,SP02,L02,5,332.36,2342.37696,Seasonal,Cash,Cancelled,No Returns,371.88
4507,814,P003,C1230,SP03,L12,17,45.76,591.5592,Promotional,Credit Card,Delivered,Partially Returned,323.07
4508,814,P004,C0072,SP01,L05,40,27.03,776.4848,No Discount,Online Payment,Cancelled,No Returns,134.25
4509,814,P004,C0918,SP05,L04,25,348.43,3192.5664,Promotional,Online Payment,Delivered,No Returns,1.58
4510,815,P001,C1886,SP03,L01,49,89.18,1686.048,Seasonal,Online Payment,Cancelled,Returned,389.27
4511,815,P002,C1292,SP03,L08,30,369.4,5817.240000000001,No Discount,Online Payment,Cancelled,Partially Returned,192.55
4512,815,P002,C1113,SP04,L10,9,365.06,1156.932,No Discount,Credit Card,Cancelled,Partially Returned,113.62
4513,815,P003,C1198,SP01,L07,29,419.6,1225.602,Promotional,Online Payment,Pending,No Returns,208.42
4514,815,P003,C1589,SP02,L12,21,151.8,1597.2928,Bulk Purchase,Online Payment,Cancelled,Partially Returned,139.82
4515,815,P004,C1186,SP01,L11,2,121.47,6258.880000000001,Promotional,Online Payment,Cancelled,Partially Returned,120.61
4516,815,P004,C0608,SP01,L06,30,311.81,1132.9344,Seasonal,Cash,Delivered,Returned,279.75
4517,815,P006,C0412,SP02,L12,7,49.9,2373.02592,Bulk Purchase,Cash,Pending,Partially Returned,26.49
4518,815,P006,C1876,SP05,L10,2,336.76,2580.928,No Discount,Online Payment,Pending,Returned,156.14
4519,815,P006,C0245,SP06,L09,24,122.85,2367.21408,Promotional,Installment,Cancelled,Returned,39.71
4520,816,P001,C0329,SP01,L02,21,311.41,2420.3088,No Discount,Credit Card,Cancelled,Returned,378.77
4521,816,P001,C1165,SP03,L06,27,462.94,4291.295999999999,Promotional,Online Payment,Pending,No Returns,488.41
4522,816,P003,C0847,SP05,L12,47,304.01,1277.3664,Promotional,Online Payment,Delivered,Returned,287.48
4523,816,P004,C1165,SP03,L04,18,81.47,2534.8896,Promotional,Online Payment,Delivered,Returned,428.27
4524,816,P004,C1622,SP05,L11,36,241.54,1723.8784,Seasonal,Installment,Pending,No Returns,120.65
4525,817,P002,C1564,SP01,L02,19,495.14,2606.8224,Promotional,Cash,Cancelled,No Returns,133.3
4526,817,P003,C0016,SP05,L11,42,372.01,2540.16,Seasonal,Cash,Delivered,Returned,12.11
4527,817,P005,C1254,SP04,L12,48,290.25,2362.58112,No Discount,Cash,Cancelled,Partially Returned,324.17
4528,818,P003,C1194,SP06,L08,14,434.26,7071.300000000001,No Discount,Online Payment,Pending,Partially Returned,253.74
4529,818,P005,C0548,SP05,L05,38,58.83,1362.68496,Seasonal,Installment,Delivered,Returned,178.46
4530,819,P001,C0913,SP02,L12,39,416.81,2594.7984,Promotional,Credit Card,Pending,Partially Returned,251.78
4531,819,P001,C1061,SP03,L05,3,345.88,1612.702,Bulk Purchase,Online Payment,Delivered,Returned,326.23
4532,819,P006,C1848,SP01,L11,46,373.34,3977.424,Seasonal,Credit Card,Cancelled,No Returns,202.36
4533,819,P006,C2079,SP04,L08,6,35.98,2763.809999999999,Bulk Purchase,Online Payment,Cancelled,Partially Returned,128.07
4534,820,P001,C1292,SP05,L01,16,18.24,356.8992,No Discount,Cash,Delivered,Partially Returned,219.36
4535,820,P003,C1227,SP05,L01,4,282.9,967.512,No Discount,Credit Card,Delivered,Returned,483.32
4536,820,P004,C1911,SP02,L06,25,160.13,3965.0688,Seasonal,Cash,Pending,Returned,468.99
4537,820,P004,C0137,SP05,L07,44,424.86,656.5545,Promotional,Credit Card,Cancelled,Returned,34.07
4538,820,P005,C0413,SP03,L09,36,443.52,3321.45792,Promotional,Cash,Pending,No Returns,203.67
4539,820,P005,C2084,SP03,L05,10,60.77,2675.3181,Seasonal,Credit Card,Delivered,Returned,138.28
4540,820,P006,C0149,SP01,L05,3,361.11,1761.78912,Seasonal,Cash,Pending,No Returns,466.48
4541,820,P006,C2154,SP06,L08,5,120.96,5604.300000000001,Bulk Purchase,Online Payment,Delivered,No Returns,260.89
4542,820,P006,C0914,SP06,L08,32,18.01,1939.23,Bulk Purchase,Online Payment,Pending,Partially Returned,270.32
4543,821,P001,C0054,SP03,L01,28,499.69,351.12,Seasonal,Installment,Pending,Partially Returned,220.7
4544,821,P003,C0585,SP04,L02,28,486.19,1290.92096,Promotional,Installment,Delivered,Partially Returned,492.35
4545,821,P004,C0935,SP03,L01,14,477.78,606.9728000000001,Promotional,Installment,Delivered,No Returns,226.56
4546,821,P005,C1457,SP04,L06,33,249.47,3425.664,Promotional,Online Payment,Pending,Partially Returned,83.56
4547,822,P001,C1011,SP03,L02,35,112.1,907.71072,Promotional,Cash,Pending,Returned,311.35
4548,822,P001,C1939,SP04,L06,28,313.15,1437.696,Promotional,Installment,Pending,Returned,481.19
4549,822,P003,C0768,SP05,L05,47,300.63,1127.5719,Seasonal,Credit Card,Cancelled,Returned,36.26
4550,822,P005,C1030,SP02,L05,44,289.52,409.89312,No Discount,Installment,Delivered,No Returns,22.73
4551,823,P003,C0982,SP04,L06,35,250.16,3584.448,Promotional,Installment,Delivered,Partially Returned,425.64
4552,823,P004,C0176,SP02,L03,43,495.18,5498.7336,No Discount,Online Payment,Pending,No Returns,46.2
4553,823,P004,C0003,SP04,L10,48,468.28,3977.7024,Bulk Purchase,Installment,Cancelled,Returned,477.64
4554,823,P005,C1439,SP01,L01,35,183.81,3235.881599999999,Promotional,Cash,Delivered,Partially Returned,68.29
4555,823,P005,C1223,SP01,L10,25,70.13,1725.024,Promotional,Online Payment,Delivered,Returned,280.3
4556,823,P006,C0200,SP05,L12,29,320.7,1100.7432,Seasonal,Credit Card,Pending,Returned,342.59
4557,824,P001,C1554,SP03,L08,10,323.05,1469.736,Promotional,Installment,Cancelled,Returned,486.0
4558,824,P002,C0896,SP01,L06,11,60.08,734.0400000000001,No Discount,Credit Card,Pending,No Returns,269.6
4559,824,P004,C0908,SP03,L02,17,70.98,1598.31168,No Discount,Cash,Cancelled,No Returns,73.82
4560,824,P004,C1706,SP05,L09,18,122.58,4621.2672,Seasonal,Online Payment,Cancelled,No Returns,81.29
4561,824,P006,C0072,SP01,L03,1,407.93,1112.697,Bulk Purchase,Credit Card,Delivered,No Returns,27.06
4562,824,P006,C2110,SP01,L11,26,288.07,978.7136,No Discount,Installment,Delivered,No Returns,430.18
4563,825,P001,C1890,SP03,L04,26,189.2,2584.14624,Seasonal,Cash,Delivered,Returned,107.65
4564,825,P001,C2002,SP04,L07,36,75.4,2097.942,Seasonal,Online Payment,Cancelled,Returned,97.94
4565,825,P004,C1906,SP05,L10,18,56.02,3855.3984,No Discount,Installment,Delivered,Partially Returned,235.92
4566,825,P004,C1649,SP06,L06,19,293.2,2142.936,Seasonal,Credit Card,Delivered,Partially Returned,103.38
4567,826,P002,C0677,SP01,L05,49,360.08,1942.8864,No Discount,Online Payment,Delivered,Partially Returned,425.52
4568,826,P002,C1762,SP04,L06,29,251.34,5361.696,Promotional,Cash,Cancelled,No Returns,212.25
4569,826,P003,C0458,SP03,L05,9,239.31,799.64976,Bulk Purchase,Cash,Pending,No Returns,179.74
4570,826,P005,C0704,SP05,L06,6,364.84,5317.92,Seasonal,Online Payment,Pending,Partially Returned,214.24
4571,826,P006,C1301,SP02,L06,32,408.43,1107.6096,Seasonal,Installment,Cancelled,Partially Returned,474.27
4572,827,P001,C1160,SP06,L01,41,388.84,2077.208,No Discount,Online Payment,Cancelled,No Returns,403.58
4573,827,P006,C1428,SP02,L01,40,289.13,343.6944,Bulk Purchase,Cash,Delivered,Partially Returned,22.95
4574,828,P001,C2050,SP06,L04,15,473.98,4194.5904,Bulk Purchase,Online Payment,Cancelled,Partially Returned,325.56
4575,828,P003,C1709,SP01,L03,9,192.43,1636.4592,Promotional,Credit Card,Cancelled,Partially Returned,497.03
4576,828,P003,C1691,SP04,L10,8,64.53,1929.5808,Promotional,Cash,Cancelled,Partially Returned,137.02
4577,828,P004,C1527,SP01,L12,4,19.09,2001.96352,Seasonal,Installment,Cancelled,Partially Returned,265.53
4578,828,P005,C0023,SP03,L06,49,176.55,3524.256,No Discount,Credit Card,Pending,No Returns,453.47
4579,828,P005,C0499,SP05,L03,47,165.21,1169.5752,Seasonal,Online Payment,Delivered,Partially Returned,442.05
4580,829,P001,C0574,SP05,L04,24,68.02,878.13504,Seasonal,Installment,Delivered,Returned,487.94
4581,829,P005,C0842,SP02,L01,23,214.26,3314.6736,No Discount,Cash,Delivered,No Returns,456.55
4582,829,P005,C2015,SP03,L10,1,18.29,7480.48,Bulk Purchase,Online Payment,Cancelled,Returned,23.41
4583,830,P002,C1030,SP06,L01,28,254.78,1113.392,No Discount,Online Payment,Pending,Partially Returned,346.29
4584,830,P004,C1911,SP02,L11,45,235.88,1632.4608,Seasonal,Installment,Cancelled,Partially Returned,208.09
4585,830,P004,C0082,SP06,L10,5,215.68,2175.6672,Promotional,Cash,Cancelled,No Returns,166.52
4586,830,P005,C0121,SP03,L12,34,420.49,3704.762400000001,Promotional,Credit Card,Delivered,Partially Returned,430.1
4587,830,P005,C1635,SP03,L10,33,413.75,8334.816,No Discount,Credit Card,Cancelled,Returned,355.43
4588,830,P006,C0373,SP03,L05,9,151.03,787.17912,No Discount,Cash,Delivered,Partially Returned,415.59
4589,830,P006,C1290,SP05,L03,33,330.18,1824.53472,Bulk Purchase,Installment,Pending,No Returns,362.94
4590,831,P001,C1054,SP01,L09,21,422.56,2478.3616,Seasonal,Installment,Delivered,No Returns,373.79
4591,831,P001,C1076,SP05,L05,5,120.19,321.3028,Bulk Purchase,Online Payment,Pending,Partially Returned,418.57
4592,831,P002,C0786,SP06,L03,28,280.61,485.8704,Promotional,Online Payment,Pending,No Returns,343.45
4593,831,P003,C0133,SP03,L08,14,101.65,4659.66,Seasonal,Online Payment,Delivered,Returned,288.59
4594,831,P004,C0831,SP02,L06,40,118.49,5007.571199999999,Bulk Purchase,Cash,Cancelled,No Returns,51.06
4595,831,P005,C2154,SP05,L10,33,450.93,6489.033599999999,Promotional,Cash,Pending,Partially Returned,221.04
4596,832,P001,C0217,SP01,L12,25,146.87,850.2284800000002,No Discount,Installment,Cancelled,Partially Returned,278.09
4597,832,P002,C1823,SP04,L09,22,12.88,6825.772800000002,Seasonal,Online Payment,Pending,No Returns,485.49
4598,832,P002,C0824,SP04,L01,5,73.33,583.7439999999999,Bulk Purchase,Online Payment,Cancelled,Partially Returned,415.04
4599,832,P004,C1026,SP04,L02,23,276.13,1278.30528,Bulk Purchase,Cash,Pending,Returned,369.52
4600,832,P006,C0819,SP01,L03,23,38.7,405.79056,No Discount,Cash,Pending,Returned,339.16
4601,833,P001,C2145,SP02,L04,1,422.19,3136.752,Seasonal,Online Payment,Delivered,No Returns,195.7
4602,833,P001,C1139,SP04,L04,23,353.77,2768.3424,No Discount,Online Payment,Delivered,Returned,201.05
4603,833,P002,C1267,SP06,L06,29,296.04,6716.16,No Discount,Online Payment,Cancelled,Returned,363.1
4604,833,P003,C0743,SP01,L03,38,472.05,423.144,Promotional,Online Payment,Cancelled,No Returns,333.85
4605,833,P003,C2088,SP03,L08,1,345.55,1131.03,Seasonal,Online Payment,Delivered,Returned,340.8
4606,833,P003,C0058,SP05,L01,5,380.45,2285.514,Seasonal,Credit Card,Delivered,No Returns,213.4
4607,833,P003,C1041,SP06,L08,33,110.66,2379.69,Bulk Purchase,Online Payment,Pending,No Returns,486.2
4608,833,P004,C1575,SP04,L07,10,207.76,628.1856,Bulk Purchase,Installment,Pending,No Returns,227.3
4609,833,P004,C1944,SP05,L05,31,465.93,830.0292000000001,Promotional,Credit Card,Cancelled,Partially Returned,382.79
4610,833,P005,C1254,SP04,L01,4,44.32,2182.32,No Discount,Cash,Delivered,Returned,88.05
4611,834,P001,C1373,SP03,L05,36,64.52,1141.7952,Seasonal,Cash,Cancelled,No Returns,259.49
4612,834,P001,C1228,SP05,L02,4,189.03,1379.0336,Promotional,Installment,Cancelled,Partially Returned,375.94
4613,834,P003,C0395,SP01,L03,37,88.04,2547.936,Seasonal,Online Payment,Delivered,Partially Returned,217.92
4614,834,P004,C1189,SP01,L06,26,55.35,1635.8016,No Discount,Installment,Cancelled,Returned,469.91
4615,834,P004,C1551,SP04,L08,17,319.33,2643.57,Bulk Purchase,Cash,Pending,Returned,95.83
4616,835,P002,C0807,SP02,L03,26,203.75,3432.0834,Promotional,Credit Card,Pending,Partially Returned,1.8
4617,835,P002,C2104,SP03,L08,41,72.9,660.528,Seasonal,Installment,Delivered,No Returns,190.69
4618,835,P004,C1821,SP05,L10,37,424.99,826.812,Promotional,Credit Card,Cancelled,Partially Returned,275.58
4619,835,P004,C1376,SP06,L09,14,322.67,821.86368,No Discount,Cash,Delivered,Returned,401.69
4620,835,P004,C1121,SP06,L04,28,335.53,3151.9152,No Discount,Online Payment,Cancelled,Partially Returned,144.92
4621,835,P005,C0207,SP01,L02,12,371.28,582.3283200000001,Promotional,Installment,Pending,Returned,487.5
4622,835,P005,C1492,SP05,L12,32,181.52,2005.49952,No Discount,Cash,Pending,No Returns,214.89
4623,835,P006,C0557,SP02,L08,5,312.84,906.192,No Discount,Installment,Cancelled,Partially Returned,151.85
4624,836,P002,C1045,SP06,L01,37,70.19,2061.36,Bulk Purchase,Credit Card,Cancelled,Returned,324.32
4625,836,P003,C1289,SP04,L04,45,377.79,1277.64,Bulk Purchase,Online Payment,Cancelled,Returned,492.88
4626,836,P005,C1114,SP01,L05,10,50.35,575.20008,No Discount,Cash,Pending,Partially Returned,18.3
4627,836,P006,C1621,SP06,L05,40,347.17,329.3253599999999,Bulk Purchase,Cash,Cancelled,Partially Returned,122.57
4628,837,P002,C1680,SP04,L10,48,373.77,1288.0,No Discount,Installment,Cancelled,Partially Returned,479.87
4629,837,P003,C1308,SP01,L02,18,145.62,1802.25024,Seasonal,Cash,Delivered,No Returns,255.11
4630,837,P006,C0475,SP02,L02,1,208.4,1280.53632,Seasonal,Cash,Delivered,Partially Returned,183.77
4631,837,P006,C1546,SP06,L07,12,60.06,2541.42,Seasonal,Online Payment,Pending,Partially Returned,72.57
4632,838,P002,C0222,SP01,L05,14,107.68,1271.43744,Seasonal,Cash,Delivered,Partially Returned,219.98
4633,838,P004,C0550,SP01,L02,27,397.74,1005.0432,Promotional,Cash,Cancelled,No Returns,432.79
4634,838,P004,C0784,SP01,L03,25,86.56,910.3752000000002,Promotional,Online Payment,Pending,No Returns,142.05
4635,838,P004,C1249,SP04,L01,44,124.06,2477.764799999999,Bulk Purchase,Cash,Delivered,Returned,349.13
4636,838,P004,C1215,SP06,L08,1,422.8,1242.72,Seasonal,Online Payment,Delivered,No Returns,179.74
4637,838,P005,C1729,SP05,L08,40,303.86,182.556,Promotional,Installment,Delivered,Partially Returned,299.19
4638,838,P006,C0544,SP03,L07,33,314.92,1007.9496,No Discount,Installment,Pending,Returned,301.32
4639,838,P006,C1768,SP06,L05,14,316.92,924.98224,Promotional,Installment,Pending,Partially Returned,111.5
4640,839,P001,C1173,SP06,L02,15,129.07,630.2016,Seasonal,Cash,Pending,Partially Returned,210.26
4641,839,P002,C1809,SP02,L07,48,123.75,260.274,Bulk Purchase,Online Payment,Delivered,Returned,93.06
4642,839,P004,C0444,SP03,L08,37,132.6,2567.97,Seasonal,Cash,Cancelled,No Returns,456.65
4643,839,P005,C1448,SP03,L08,4,195.29,3030.39,Seasonal,Online Payment,Pending,Returned,149.67
4644,839,P006,C0480,SP02,L07,44,118.14,2288.2545,Promotional,Credit Card,Pending,No Returns,268.76
4645,840,P001,C0746,SP01,L12,47,468.58,3371.1,Promotional,Credit Card,Pending,No Returns,420.2
4646,840,P002,C0269,SP01,L03,28,45.23,3018.1248,Bulk Purchase,Online Payment,Cancelled,No Returns,355.26
4647,840,P002,C0671,SP05,L07,8,321.9,2669.562,No Discount,Credit Card,Delivered,Returned,206.09
4648,840,P003,C0901,SP02,L06,37,205.26,2133.2736,Seasonal,Cash,Delivered,Returned,440.09
4649,840,P004,C1711,SP01,L03,41,64.8,1686.663,Seasonal,Credit Card,Pending,Partially Returned,17.06
4650,840,P006,C0217,SP02,L10,44,114.44,11084.976,Bulk Purchase,Online Payment,Delivered,Partially Returned,212.58
4651,841,P002,C1367,SP04,L05,34,56.78,718.6888799999999,Seasonal,Cash,Delivered,Returned,166.91
4652,841,P004,C0722,SP02,L01,16,435.9,853.6191999999999,No Discount,Installment,Cancelled,Partially Returned,175.76
4653,841,P004,C1888,SP05,L04,47,469.74,867.9052800000001,Seasonal,Installment,Pending,Partially Returned,292.17
4654,841,P005,C1592,SP01,L08,32,129.86,2747.655,No Discount,Credit Card,Delivered,No Returns,150.49
4655,841,P006,C1892,SP01,L04,22,394.34,664.9776,No Discount,Online Payment,Delivered,No Returns,304.53
4656,841,P006,C1202,SP04,L06,24,188.83,5576.9472,Promotional,Cash,Pending,Returned,38.95
4657,841,P006,C0889,SP06,L09,35,90.78,815.5136000000001,Promotional,Online Payment,Pending,Partially Returned,445.96
4658,841,P006,C1619,SP06,L11,26,19.09,1192.768,Seasonal,Online Payment,Cancelled,No Returns,94.79
4659,842,P001,C1401,SP03,L01,22,372.24,1191.2096,Promotional,Installment,Cancelled,No Returns,380.87
4660,842,P003,C1624,SP04,L09,30,428.77,1111.5456,No Discount,Cash,Pending,Returned,35.99
4661,842,P003,C1875,SP05,L06,45,493.78,2560.32,Bulk Purchase,Cash,Pending,Partially Returned,139.0
4662,842,P004,C1009,SP03,L12,46,13.63,1419.6768,Bulk Purchase,Cash,Cancelled,No Returns,254.34
4663,842,P004,C1943,SP03,L04,34,42.31,965.9952,Seasonal,Online Payment,Cancelled,Partially Returned,303.91
4664,842,P004,C0245,SP03,L01,7,392.28,618.954,Promotional,Credit Card,Cancelled,Returned,193.68
4665,842,P004,C1108,SP03,L01,29,301.26,530.4992000000001,No Discount,Installment,Cancelled,No Returns,23.23
4666,843,P001,C1866,SP01,L03,31,172.12,4206.087000000001,No Discount,Credit Card,Delivered,No Returns,301.53
4667,843,P003,C0666,SP01,L02,4,229.78,2019.84384,Promotional,Cash,Delivered,Returned,146.92
4668,843,P005,C1429,SP01,L09,33,370.99,5247.792,Bulk Purchase,Credit Card,Cancelled,Partially Returned,293.49
4669,843,P005,C0091,SP04,L11,15,175.98,901.1456,Bulk Purchase,Installment,Cancelled,Partially Returned,462.4
4670,843,P006,C1954,SP03,L10,44,340.13,6376.72,Seasonal,Online Payment,Pending,No Returns,180.0
4671,844,P003,C1604,SP01,L12,38,301.44,3506.229600000001,Promotional,Credit Card,Delivered,Partially Returned,30.7
4672,844,P005,C0483,SP04,L09,39,20.08,2765.509120000001,No Discount,Installment,Pending,Partially Returned,105.68
4673,844,P005,C1872,SP04,L10,21,481.74,9651.376,Promotional,Online Payment,Delivered,No Returns,423.14
4674,845,P001,C0092,SP02,L11,37,486.91,6306.624,No Discount,Online Payment,Delivered,No Returns,28.11
4675,845,P001,C0410,SP05,L06,29,46.64,4810.3488,Bulk Purchase,Cash,Pending,Returned,149.6
4676,845,P001,C1061,SP06,L12,44,137.65,1941.38368,Bulk Purchase,Installment,Pending,Returned,75.55
4677,845,P002,C1151,SP06,L12,45,149.98,1295.22048,No Discount,Installment,Cancelled,No Returns,363.79
4678,845,P004,C0973,SP02,L02,34,176.93,4044.0064,No Discount,Online Payment,Pending,Returned,358.6
4679,845,P004,C2085,SP04,L08,23,79.87,1215.054,No Discount,Cash,Delivered,Returned,397.78
4680,845,P004,C0117,SP06,L11,26,66.49,204.2368,Bulk Purchase,Installment,Delivered,Partially Returned,75.49
4681,845,P005,C0649,SP06,L03,49,11.82,1222.02432,Seasonal,Installment,Cancelled,No Returns,487.37
4682,846,P001,C1890,SP05,L12,2,10.64,4850.4672,Bulk Purchase,Online Payment,Delivered,No Returns,307.56
4683,846,P001,C1428,SP06,L06,27,415.01,6303.552,Bulk Purchase,Online Payment,Cancelled,Partially Returned,294.05
4684,846,P003,C2054,SP03,L06,11,72.09,3019.176,Seasonal,Credit Card,Pending,No Returns,60.13
4685,846,P005,C1106,SP04,L04,42,25.76,736.6204799999999,Seasonal,Cash,Delivered,Partially Returned,31.57
4686,846,P005,C1362,SP06,L01,46,415.29,3574.788,Promotional,Credit Card,Cancelled,Returned,25.2
4687,846,P006,C0590,SP02,L03,36,322.94,3180.432600000001,Seasonal,Credit Card,Cancelled,Partially Returned,415.86
4688,846,P006,C0247,SP04,L01,19,204.43,1031.2736,Seasonal,Installment,Cancelled,Partially Returned,66.63
4689,847,P001,C0942,SP03,L04,4,270.72,2664.576,Seasonal,Online Payment,Cancelled,Returned,256.7
4690,847,P004,C1754,SP03,L11,33,272.95,3648.896,Bulk Purchase,Online Payment,Pending,Returned,275.77
4691,847,P006,C2007,SP01,L06,20,418.26,3630.624,Bulk Purchase,Online Payment,Delivered,Returned,315.32
4692,848,P004,C0740,SP01,L12,29,459.02,194.57792,Bulk Purchase,Installment,Delivered,Partially Returned,59.69
4693,848,P004,C1138,SP03,L12,6,95.72,5113.001600000001,Promotional,Online Payment,Pending,No Returns,355.62
4694,848,P005,C1792,SP03,L10,31,379.56,4018.224,Promotional,Credit Card,Cancelled,No Returns,81.24
4695,848,P005,C0180,SP05,L10,41,466.34,5039.731199999999,Promotional,Cash,Cancelled,Partially Returned,333.91
4696,849,P001,C1841,SP04,L10,27,289.52,5342.512,Bulk Purchase,Online Payment,Cancelled,Partially Returned,198.43
4697,849,P001,C1888,SP05,L10,20,394.7,230.8096,Promotional,Installment,Pending,Partially Returned,169.45
4698,849,P002,C0545,SP04,L09,2,32.98,5190.398400000001,No Discount,Credit Card,Pending,Returned,448.98
4699,849,P003,C1312,SP03,L08,23,495.28,1048.626,No Discount,Cash,Cancelled,Returned,233.77
4700,849,P003,C0590,SP04,L08,17,188.5,4803.12,Bulk Purchase,Online Payment,Cancelled,No Returns,273.97
4701,849,P004,C0593,SP02,L02,5,316.42,959.69664,Bulk Purchase,Cash,Delivered,Partially Returned,305.82
4702,849,P004,C0464,SP04,L12,42,371.19,1758.99136,Seasonal,Installment,Delivered,No Returns,320.94
4703,849,P004,C0455,SP04,L09,43,254.5,3310.1376,No Discount,Cash,Pending,No Returns,130.05
4704,849,P005,C1793,SP04,L09,16,392.6,5772.729600000001,Bulk Purchase,Online Payment,Cancelled,Partially Returned,263.05
4705,849,P006,C1031,SP03,L07,43,205.23,481.2864,No Discount,Installment,Pending,Partially Returned,138.04
4706,849,P006,C1468,SP04,L07,36,184.56,1692.5076,Promotional,Cash,Delivered,Partially Returned,251.87
4707,850,P004,C2123,SP02,L09,36,278.85,4836.7968,Promotional,Credit Card,Cancelled,Returned,105.1
4708,850,P005,C0685,SP06,L06,12,12.76,1337.04,Bulk Purchase,Credit Card,Pending,Partially Returned,29.84
4709,851,P001,C1778,SP01,L11,14,169.62,1590.4,Promotional,Installment,Delivered,Returned,50.23
4710,851,P001,C1598,SP05,L09,20,155.5,1509.1648,No Discount,Online Payment,Pending,Partially Returned,67.54
4711,851,P002,C2015,SP02,L12,19,293.94,3194.599200000001,Bulk Purchase,Credit Card,Delivered,Partially Returned,119.96
4712,851,P002,C1237,SP05,L07,36,359.59,158.067,Promotional,Credit Card,Delivered,Partially Returned,74.79
4713,851,P004,C2061,SP05,L05,6,50.63,2264.3985,No Discount,Credit Card,Delivered,Returned,34.34
4714,851,P005,C0335,SP03,L12,42,190.27,1573.3568,No Discount,Online Payment,Pending,Returned,133.78
4715,851,P005,C1979,SP04,L01,26,286.92,3943.576,Seasonal,Online Payment,Delivered,Returned,9.3
4716,852,P001,C0854,SP02,L07,49,326.99,1348.6536,Seasonal,Installment,Pending,Partially Returned,287.66
4717,852,P004,C1319,SP01,L03,32,285.77,3705.6528,Promotional,Online Payment,Pending,Returned,227.96
4718,852,P004,C1417,SP06,L12,8,265.97,1680.54656,Bulk Purchase,Installment,Cancelled,Partially Returned,145.13
4719,852,P005,C1845,SP05,L12,44,114.61,3053.53728,Promotional,Cash,Pending,No Returns,231.42
4720,852,P006,C1535,SP04,L05,24,421.87,638.64528,No Discount,Installment,Delivered,No Returns,147.56
4721,853,P002,C1512,SP02,L07,11,442.04,574.308,Bulk Purchase,Online Payment,Delivered,Partially Returned,474.08
4722,853,P003,C1751,SP01,L03,40,45.52,3414.480480000001,No Discount,Cash,Cancelled,Partially Returned,44.75
4723,854,P001,C0283,SP03,L01,24,496.2,229.1856,No Discount,Cash,Cancelled,Returned,281.29
4724,854,P002,C1525,SP04,L06,2,446.47,4560.696,Bulk Purchase,Credit Card,Delivered,Partially Returned,56.06
4725,854,P004,C1032,SP05,L06,47,450.38,3292.7616,Promotional,Installment,Cancelled,No Returns,218.54
4726,854,P006,C2080,SP06,L07,21,303.65,1191.8655,No Discount,Credit Card,Delivered,Returned,458.12
4727,855,P001,C2017,SP05,L04,29,151.75,1408.104,No Discount,Cash,Cancelled,Partially Returned,398.6
4728,855,P003,C0875,SP03,L06,11,193.03,3234.9312,Bulk Purchase,Installment,Delivered,No Returns,54.42
4729,855,P004,C1541,SP02,L03,33,86.53,2586.0384,No Discount,Installment,Pending,Returned,33.59
4730,855,P004,C1113,SP03,L12,49,233.13,3687.708,Promotional,Credit Card,Cancelled,Returned,209.99
4731,855,P004,C0416,SP03,L08,4,277.96,3475.98,Seasonal,Cash,Delivered,No Returns,446.29
4732,855,P004,C0311,SP06,L07,43,232.49,295.9425,No Discount,Credit Card,Pending,Partially Returned,185.91
4733,855,P005,C1090,SP06,L07,35,258.32,869.8704,Seasonal,Installment,Cancelled,No Returns,4.63
4734,855,P005,C1654,SP06,L06,41,281.06,1708.2432,Bulk Purchase,Cash,Pending,Returned,259.49
4735,855,P006,C1785,SP01,L11,49,479.89,6350.72,Bulk Purchase,Online Payment,Cancelled,No Returns,486.11
4736,855,P006,C0963,SP04,L11,28,344.68,5091.392,Promotional,Online Payment,Delivered,Returned,362.11
4737,856,P001,C0019,SP01,L11,3,235.87,630.6816,No Discount,Cash,Cancelled,Returned,303.89
4738,856,P002,C0856,SP02,L11,6,123.31,1080.448,Promotional,Online Payment,Cancelled,No Returns,36.79
4739,856,P004,C1440,SP06,L10,32,480.07,3927.84,Seasonal,Cash,Cancelled,Returned,277.2
4740,856,P005,C0954,SP04,L08,48,51.43,1798.5375,Promotional,Credit Card,Pending,Returned,350.95
4741,856,P005,C2046,SP05,L01,6,423.77,2951.928,Seasonal,Cash,Cancelled,Partially Returned,89.72
4742,857,P003,C1141,SP05,L11,22,298.67,2612.256,Bulk Purchase,Credit Card,Delivered,No Returns,48.85
4743,857,P004,C0305,SP01,L05,8,139.96,2630.0456,No Discount,Online Payment,Cancelled,No Returns,53.35
4744,858,P002,C1118,SP05,L12,30,498.54,187.52768,Bulk Purchase,Installment,Delivered,No Returns,304.07
4745,858,P002,C0420,SP06,L08,38,449.55,4594.139999999999,No Discount,Online Payment,Cancelled,Returned,297.92
4746,858,P003,C0401,SP02,L08,29,393.1,4531.464,Seasonal,Cash,Pending,Partially Returned,159.6
4747,858,P003,C0521,SP05,L02,39,214.17,457.184,Promotional,Online Payment,Delivered,Returned,490.05
4748,858,P004,C1030,SP04,L12,22,292.93,1769.8224,No Discount,Credit Card,Pending,Partially Returned,202.4
4749,858,P005,C1548,SP01,L02,25,58.03,2100.2688,Promotional,Credit Card,Delivered,Returned,145.73
4750,858,P005,C0207,SP04,L01,11,302.35,506.4416,Bulk Purchase,Installment,Delivered,No Returns,214.77
4751,858,P006,C0774,SP04,L12,30,81.85,2641.5144,No Discount,Credit Card,Cancelled,No Returns,236.46
4752,859,P001,C0719,SP04,L10,9,63.51,5858.563199999999,Seasonal,Cash,Delivered,Returned,231.62
4753,859,P002,C2006,SP04,L07,25,185.26,1826.748,Promotional,Cash,Pending,No Returns,29.02
4754,859,P003,C1287,SP02,L09,28,81.38,3279.55584,Bulk Purchase,Cash,Cancelled,Returned,252.47
4755,859,P004,C0810,SP01,L10,45,135.58,6829.872,Seasonal,Credit Card,Delivered,Returned,280.98
4756,860,P001,C0617,SP04,L11,10,441.38,1355.84,Bulk Purchase,Online Payment,Cancelled,Returned,352.99
4757,860,P004,C1285,SP01,L12,20,499.12,419.7912000000001,Promotional,Credit Card,Delivered,Returned,1.66
4758,860,P004,C1015,SP01,L07,15,193.63,1138.284,Seasonal,Credit Card,Delivered,Partially Returned,260.96
4759,860,P004,C1254,SP02,L02,13,64.7,1227.63648,Bulk Purchase,Cash,Cancelled,Returned,315.32
4760,860,P004,C0943,SP02,L07,7,435.55,3024.924,Seasonal,Online Payment,Cancelled,Returned,128.49
4761,860,P005,C1297,SP06,L05,30,422.57,871.2121600000002,Promotional,Installment,Delivered,No Returns,307.63
4762,860,P006,C0636,SP05,L04,20,128.84,2646.594000000001,Seasonal,Credit Card,Pending,Returned,206.14
4763,860,P006,C1275,SP05,L10,47,282.91,1833.9328,No Discount,Installment,Cancelled,No Returns,157.63
4764,861,P001,C1362,SP05,L10,14,206.12,812.896,No Discount,Installment,Pending,No Returns,122.76
4765,861,P001,C1813,SP06,L08,12,334.97,4620.5775,Seasonal,Credit Card,Cancelled,Returned,449.38
4766,861,P003,C1951,SP02,L08,19,383.33,2072.25,Bulk Purchase,Credit Card,Cancelled,No Returns,187.99
4767,861,P003,C0664,SP03,L11,4,249.93,1048.08,Promotional,Credit Card,Delivered,Partially Returned,54.77
4768,861,P003,C1975,SP04,L09,17,440.8,351.6620800000001,Promotional,Installment,Delivered,No Returns,362.95
4769,861,P003,C0103,SP04,L12,21,487.62,3207.89184,No Discount,Cash,Pending,Partially Returned,221.38
4770,861,P005,C0604,SP05,L05,14,48.77,222.22928,No Discount,Installment,Cancelled,Returned,360.16
4771,861,P006,C0235,SP01,L06,3,152.58,4486.0032,No Discount,Cash,Pending,Returned,363.59
4772,862,P001,C1163,SP05,L09,12,380.25,1766.533120000001,Seasonal,Installment,Cancelled,No Returns,64.79
4773,862,P002,C2077,SP02,L01,19,128.62,3044.72,Seasonal,Online Payment,Pending,Partially Returned,112.31
4774,862,P004,C1624,SP01,L05,13,252.43,1367.548,No Discount,Online Payment,Delivered,Partially Returned,69.4
4775,862,P004,C1065,SP06,L02,20,336.94,2130.61632,Bulk Purchase,Cash,Pending,Returned,23.48
4776,862,P005,C2029,SP01,L07,45,441.04,1044.603,Bulk Purchase,Credit Card,Pending,Returned,9.17
4777,862,P006,C1383,SP03,L12,44,402.49,523.4232000000001,Promotional,Credit Card,Delivered,Returned,62.45
4778,863,P003,C1995,SP05,L02,48,276.95,3001.6224,Promotional,Credit Card,Delivered,Partially Returned,351.29
4779,863,P004,C0826,SP03,L09,29,411.55,3897.0624,No Discount,Cash,Delivered,Partially Returned,321.32
4780,863,P005,C1708,SP01,L11,32,347.54,766.032,Seasonal,Credit Card,Cancelled,Partially Returned,5.63
4781,863,P005,C0093,SP04,L01,40,114.34,2022.384,No Discount,Credit Card,Cancelled,Partially Returned,149.46
4782,863,P005,C1613,SP06,L07,41,137.1,1598.646,No Discount,Online Payment,Pending,No Returns,493.86
4783,863,P006,C1452,SP01,L07,29,180.55,1484.8785,Seasonal,Credit Card,Delivered,Partially Returned,498.41
4784,863,P006,C0625,SP04,L07,3,218.5,491.5575,Bulk Purchase,Credit Card,Pending,Returned,251.6
4785,864,P003,C2029,SP01,L08,29,496.68,4428.0675,Bulk Purchase,Credit Card,Cancelled,Returned,476.4
4786,864,P004,C1595,SP04,L11,10,165.23,3857.424,Promotional,Credit Card,Pending,Partially Returned,168.44
4787,864,P005,C1373,SP05,L09,8,336.57,1761.77408,Seasonal,Installment,Cancelled,No Returns,475.53
4788,865,P002,C1555,SP01,L04,15,27.01,2154.96288,Promotional,Cash,Delivered,No Returns,467.01
4789,865,P002,C1734,SP05,L08,31,195.32,4413.582,Bulk Purchase,Cash,Cancelled,Returned,129.26
4790,865,P005,C1846,SP02,L08,7,199.52,5157.053999999999,No Discount,Cash,Delivered,Partially Returned,457.73
4791,865,P005,C0273,SP03,L04,12,233.61,1149.1632,Promotional,Online Payment,Pending,Returned,185.46
4792,865,P006,C0462,SP01,L11,14,234.72,2187.0336,Seasonal,Cash,Cancelled,Returned,173.42
4793,866,P001,C1892,SP02,L12,8,482.73,3545.7376,Seasonal,Online Payment,Cancelled,Partially Returned,154.81
4794,866,P003,C0028,SP04,L02,5,475.45,2538.9504,Seasonal,Cash,Delivered,Partially Returned,63.14
4795,866,P004,C1861,SP01,L09,19,446.25,395.6480000000001,Promotional,Online Payment,Delivered,No Returns,230.55
4796,866,P004,C0562,SP06,L02,37,482.53,2348.82816,Promotional,Cash,Pending,Returned,465.99
4797,867,P003,C0547,SP02,L10,48,19.2,5065.871999999999,Seasonal,Online Payment,Delivered,Returned,135.42
4798,867,P003,C1340,SP06,L03,36,343.23,3963.621599999999,Promotional,Credit Card,Cancelled,Partially Returned,294.02
4799,867,P004,C0233,SP03,L12,30,212.91,2673.08544,Bulk Purchase,Cash,Delivered,Returned,233.68
4800,867,P004,C1274,SP06,L02,21,337.21,1306.144,Bulk Purchase,Online Payment,Pending,Partially Returned,476.53
4801,867,P006,C0716,SP02,L07,9,350.25,1344.294,Seasonal,Credit Card,Delivered,No Returns,408.94
4802,867,P006,C1164,SP05,L04,36,21.83,696.0816,No Discount,Online Payment,Cancelled,No Returns,291.17
4803,868,P001,C0594,SP06,L11,13,384.93,1368.144,Seasonal,Credit Card,Pending,Returned,463.63
4804,868,P002,C1714,SP01,L09,13,354.54,2755.1568,Bulk Purchase,Credit Card,Cancelled,Partially Returned,140.25
4805,868,P004,C0530,SP02,L09,47,134.76,843.6384000000002,No Discount,Credit Card,Cancelled,No Returns,19.13
4806,868,P006,C1880,SP04,L11,46,448.32,386.6112000000001,Seasonal,Installment,Cancelled,Returned,403.57
4807,868,P006,C1565,SP06,L06,43,260.25,2023.104,Promotional,Online Payment,Cancelled,Partially Returned,361.6
4808,869,P003,C0893,SP03,L09,40,350.94,3576.513600000001,No Discount,Credit Card,Delivered,Returned,215.0
4809,869,P003,C1453,SP03,L05,31,329.01,1326.53976,Promotional,Cash,Delivered,No Returns,78.05
4810,869,P003,C1806,SP04,L08,27,273.43,2910.5325,No Discount,Credit Card,Pending,Returned,317.02
4811,869,P004,C1720,SP02,L12,38,387.5,374.5984,Promotional,Installment,Pending,Partially Returned,76.62
4812,869,P005,C0706,SP06,L04,42,164.87,3645.8208,Promotional,Online Payment,Cancelled,Returned,279.44
4813,869,P006,C1675,SP06,L04,49,256.87,497.1456,No Discount,Online Payment,Cancelled,No Returns,323.67
4814,870,P001,C1626,SP06,L09,25,42.54,5133.216000000001,No Discount,Online Payment,Cancelled,Partially Returned,325.24
4815,870,P003,C2016,SP06,L05,6,207.49,3374.3528,Bulk Purchase,Online Payment,Delivered,Partially Returned,430.18
4816,870,P004,C1499,SP04,L05,26,76.42,1475.8926,No Discount,Credit Card,Delivered,Returned,59.5
4817,870,P004,C0701,SP04,L11,9,193.88,4003.488,Seasonal,Credit Card,Delivered,Returned,113.62
4818,870,P005,C1372,SP06,L03,15,207.4,2727.12096,Promotional,Cash,Pending,Returned,59.41
4819,870,P006,C1831,SP03,L02,16,204.0,1242.91328,Bulk Purchase,Installment,Delivered,No Returns,232.65
4820,871,P003,C0795,SP05,L06,36,66.85,5344.531199999999,Bulk Purchase,Cash,Cancelled,Partially Returned,308.15
4821,871,P005,C1577,SP04,L09,24,61.6,6283.904,Bulk Purchase,Online Payment,Delivered,Partially Returned,102.48
4822,871,P005,C0250,SP06,L05,10,299.3,577.7408,Seasonal,Online Payment,Delivered,Returned,271.43
4823,871,P006,C1071,SP01,L03,33,410.02,2006.67456,Promotional,Cash,Cancelled,Partially Returned,12.78
4824,872,P001,C0724,SP01,L04,3,266.38,2054.592,Promotional,Online Payment,Delivered,Partially Returned,50.23
4825,872,P003,C0942,SP04,L08,9,226.48,3094.344000000001,Bulk Purchase,Installment,Pending,Partially Returned,346.79
4826,872,P003,C1685,SP06,L02,45,431.83,1852.8384,No Discount,Credit Card,Cancelled,Returned,143.37
4827,872,P004,C1180,SP01,L07,30,470.04,1693.0368,Promotional,Cash,Pending,No Returns,150.21
4828,872,P004,C1920,SP06,L09,32,146.69,2559.687680000001,Seasonal,Installment,Delivered,Returned,296.97
4829,872,P005,C0543,SP05,L08,16,118.52,3364.092,Promotional,Installment,Pending,Returned,83.26
4830,872,P006,C1420,SP01,L07,40,364.76,3158.316,Promotional,Online Payment,Delivered,Partially Returned,213.0
4831,872,P006,C2144,SP04,L08,45,55.11,2782.188,Seasonal,Cash,Pending,Partially Returned,305.09
4832,873,P003,C0022,SP04,L10,36,361.48,3475.7184,Seasonal,Installment,Cancelled,No Returns,219.61
4833,873,P004,C1875,SP04,L08,14,345.62,2407.32,Seasonal,Cash,Delivered,No Returns,13.32
4834,873,P004,C1613,SP04,L11,48,156.71,4187.712,Seasonal,Online Payment,Delivered,No Returns,318.66
4835,874,P002,C1929,SP01,L12,18,365.02,3421.9232,Promotional,Online Payment,Delivered,No Returns,404.97
4836,874,P002,C1187,SP03,L11,49,355.49,1565.712,Seasonal,Credit Card,Pending,Partially Returned,118.43
4837,874,P003,C1618,SP02,L09,17,350.45,4173.312000000001,No Discount,Credit Card,Cancelled,Returned,250.54
4838,874,P003,C0705,SP04,L12,35,429.98,1088.28288,Seasonal,Cash,Pending,No Returns,450.82
4839,874,P003,C0033,SP05,L10,44,51.3,6820.296,No Discount,Credit Card,Pending,Returned,287.88
4840,874,P004,C0597,SP01,L02,47,381.46,521.9916800000001,No Discount,Installment,Cancelled,Partially Returned,31.35
4841,874,P004,C0738,SP01,L08,6,161.68,8295.029999999999,No Discount,Online Payment,Cancelled,Returned,427.29
4842,875,P002,C0495,SP03,L01,29,108.16,1383.7152,No Discount,Installment,Cancelled,Returned,68.68
4843,875,P002,C0997,SP06,L10,3,37.42,1465.0048,Seasonal,Installment,Cancelled,No Returns,448.3
4844,875,P003,C1490,SP06,L02,21,393.9,1001.8848,Seasonal,Credit Card,Pending,No Returns,396.27
4845,875,P003,C0708,SP06,L03,12,33.8,3401.06688,No Discount,Cash,Pending,Partially Returned,111.46
4846,875,P005,C1500,SP03,L11,22,287.1,2326.3488,Seasonal,Cash,Delivered,No Returns,464.44
4847,875,P006,C0966,SP03,L10,31,49.7,3997.4144,Bulk Purchase,Installment,Cancelled,Partially Returned,328.0
4848,876,P004,C1066,SP01,L05,32,196.99,1276.63536,Promotional,Cash,Cancelled,No Returns,183.08
4849,876,P004,C1137,SP05,L10,28,166.9,4999.008,Seasonal,Cash,Pending,Returned,306.69
4850,876,P005,C1368,SP01,L09,43,249.34,281.8252800000001,Promotional,Installment,Delivered,Partially Returned,61.1
4851,877,P001,C0391,SP02,L07,47,40.06,2118.3876,Bulk Purchase,Cash,Delivered,Partially Returned,221.07
4852,877,P002,C0289,SP02,L05,32,310.39,2971.514,Seasonal,Online Payment,Pending,Partially Returned,411.43
4853,877,P002,C2003,SP06,L05,49,406.11,553.84784,Bulk Purchase,Installment,Delivered,No Returns,224.56
4854,877,P003,C2000,SP05,L06,34,209.6,969.8688,Promotional,Cash,Cancelled,Partially Returned,118.63
4855,877,P004,C1968,SP05,L06,3,99.47,3922.776,Bulk Purchase,Credit Card,Pending,No Returns,236.16
4856,877,P005,C1458,SP06,L02,21,39.34,789.62688,No Discount,Installment,Delivered,Partially Returned,381.84
4857,877,P005,C1568,SP06,L03,17,333.31,3841.149600000001,Promotional,Online Payment,Cancelled,Partially Returned,334.55
4858,877,P006,C1614,SP01,L09,10,221.73,2555.9952,Seasonal,Credit Card,Cancelled,Returned,394.16
4859,877,P006,C1158,SP04,L01,25,273.72,951.7872,Bulk Purchase,Cash,Pending,Returned,1.38
4860,877,P006,C0922,SP04,L11,35,314.46,1812.1984,No Discount,Installment,Cancelled,Returned,477.12
4861,878,P002,C1955,SP01,L05,27,381.63,1268.62736,Promotional,Installment,Delivered,Partially Returned,199.89
4862,878,P004,C2036,SP01,L05,38,412.55,1192.87168,Bulk Purchase,Installment,Pending,No Returns,197.88
4863,878,P005,C0999,SP06,L10,46,155.22,498.0864000000001,No Discount,Installment,Delivered,Partially Returned,23.9
4864,878,P006,C0806,SP05,L06,39,150.85,3737.5488,Promotional,Cash,Pending,Returned,387.88
4865,879,P001,C0516,SP04,L03,36,176.15,738.1368000000001,No Discount,Credit Card,Delivered,Returned,268.69
4866,879,P001,C0801,SP04,L06,33,192.71,9310.08,Promotional,Online Payment,Pending,No Returns,313.64
4867,879,P001,C1660,SP06,L10,3,118.31,3343.4016,Promotional,Cash,Pending,Partially Returned,293.39
4868,879,P002,C1964,SP02,L06,18,398.42,5254.656,Seasonal,Online Payment,Pending,No Returns,257.89
4869,879,P003,C1461,SP03,L01,28,226.21,1824.704,Bulk Purchase,Online Payment,Delivered,Partially Returned,217.15
4870,879,P004,C1907,SP06,L07,26,211.15,2266.068,Promotional,Online Payment,Cancelled,Returned,353.48
4871,879,P005,C1518,SP02,L07,15,95.85,2712.055499999999,Seasonal,Credit Card,Cancelled,Partially Returned,445.21
4872,879,P005,C0031,SP05,L10,30,158.83,4434.192,Promotional,Online Payment,Pending,Partially Returned,31.49
4873,879,P006,C1608,SP03,L01,37,149.9,1076.712,Promotional,Credit Card,Delivered,Partially Returned,170.69
4874,880,P002,C1775,SP01,L02,18,235.3,1594.68288,Seasonal,Cash,Delivered,Returned,179.6
4875,880,P004,C1229,SP04,L07,11,128.12,1556.73,Seasonal,Cash,Cancelled,No Returns,279.07
4876,880,P005,C1147,SP06,L09,6,154.66,2192.0448,Promotional,Online Payment,Cancelled,Partially Returned,281.48
4877,880,P005,C0120,SP06,L11,11,422.92,2416.128,Promotional,Cash,Cancelled,Partially Returned,223.58
4878,880,P006,C0753,SP03,L02,27,311.86,620.6591999999999,No Discount,Online Payment,Delivered,Partially Returned,425.41
4879,880,P006,C1405,SP06,L04,39,157.4,2228.0832,No Discount,Cash,Delivered,No Returns,143.06
4880,881,P001,C1162,SP01,L11,20,174.62,1465.296,Bulk Purchase,Credit Card,Cancelled,Partially Returned,472.86
4881,881,P002,C2093,SP01,L06,34,436.71,3247.0272,Promotional,Cash,Cancelled,No Returns,96.54
4882,881,P002,C0291,SP06,L06,43,361.99,3662.7072,Promotional,Installment,Cancelled,No Returns,292.94
4883,881,P004,C1558,SP04,L09,6,347.2,2177.86624,Seasonal,Installment,Pending,Returned,387.61
4884,881,P004,C2015,SP05,L11,7,72.01,2089.4592,Bulk Purchase,Cash,Cancelled,Returned,239.84
4885,881,P004,C1187,SP05,L10,44,325.33,11140.528,No Discount,Online Payment,Cancelled,Returned,192.83
4886,881,P005,C0104,SP02,L12,22,70.41,2810.712,Seasonal,Credit Card,Cancelled,Partially Returned,382.12
4887,881,P005,C0926,SP06,L05,39,72.02,2350.0568,Seasonal,Online Payment,Pending,Partially Returned,304.62
4888,882,P001,C1536,SP01,L07,25,73.01,1313.7075,Seasonal,Credit Card,Pending,No Returns,461.2
4889,882,P001,C0041,SP04,L09,21,276.21,1721.36448,No Discount,Installment,Pending,Returned,267.9
4890,882,P002,C1098,SP04,L07,24,385.12,1393.5936,Bulk Purchase,Installment,Delivered,Returned,466.81
4891,882,P004,C1024,SP02,L08,45,353.73,3723.84,No Discount,Online Payment,Cancelled,Returned,11.05
4892,882,P004,C1725,SP03,L09,47,214.19,1872.83712,Bulk Purchase,Installment,Cancelled,Returned,51.78
4893,882,P004,C1251,SP03,L08,18,453.28,4415.31,No Discount,Credit Card,Pending,Partially Returned,297.01
4894,882,P006,C0049,SP03,L08,46,424.91,2551.878,Bulk Purchase,Cash,Delivered,Returned,263.02
4895,882,P006,C2000,SP06,L07,29,274.09,652.8899999999999,Seasonal,Online Payment,Cancelled,Partially Returned,227.72
4896,883,P002,C2028,SP02,L01,13,170.7,211.1424,No Discount,Cash,Pending,Returned,369.95
4897,883,P003,C1963,SP01,L03,24,303.86,739.96416,Promotional,Installment,Pending,No Returns,183.19
4898,883,P004,C0905,SP02,L09,32,96.63,6787.264000000001,No Discount,Online Payment,Pending,Returned,499.83
4899,883,P005,C1909,SP05,L08,26,13.96,2348.405999999999,Promotional,Cash,Delivered,Partially Returned,75.33
4900,884,P003,C0750,SP04,L05,8,309.67,260.02704,No Discount,Installment,Pending,No Returns,334.74
4901,884,P004,C0246,SP01,L07,17,360.35,2357.7435,Promotional,Credit Card,Cancelled,No Returns,8.47
4902,884,P004,C1021,SP05,L04,22,402.2,662.2884,Seasonal,Credit Card,Cancelled,Partially Returned,20.22
4903,884,P006,C1974,SP04,L03,47,180.17,5199.8112,Promotional,Online Payment,Cancelled,No Returns,452.13
4904,885,P001,C2001,SP03,L03,23,321.62,3439.4544,Seasonal,Online Payment,Delivered,Returned,407.48
4905,885,P001,C0867,SP04,L04,24,382.73,879.3100800000001,Seasonal,Installment,Pending,Returned,362.85
4906,885,P001,C1830,SP04,L08,44,397.13,2667.6,Bulk Purchase,Credit Card,Pending,Returned,139.81
4907,885,P002,C1815,SP01,L03,11,228.1,4517.5644,Bulk Purchase,Credit Card,Cancelled,Partially Returned,50.56
4908,885,P003,C1932,SP06,L12,45,235.96,400.0032,Bulk Purchase,Online Payment,Cancelled,Returned,485.31
4909,885,P005,C0531,SP05,L09,17,120.16,2945.870400000001,Promotional,Credit Card,Delivered,Returned,19.83
4910,886,P003,C1072,SP01,L05,6,72.73,1178.90864,Seasonal,Installment,Delivered,No Returns,264.24
4911,886,P005,C1421,SP02,L02,46,18.98,835.13472,No Discount,Cash,Pending,Returned,373.92
4912,887,P002,C1769,SP02,L08,43,118.88,6294.69,Bulk Purchase,Online Payment,Pending,Returned,374.44
4913,887,P003,C1238,SP05,L04,37,35.37,1316.9088,Seasonal,Online Payment,Delivered,Returned,381.33
4914,887,P003,C0688,SP05,L10,43,223.76,1055.208,Seasonal,Credit Card,Cancelled,No Returns,216.86
4915,887,P004,C0016,SP02,L11,39,179.79,3617.011199999999,Promotional,Cash,Pending,Partially Returned,16.82
4916,887,P004,C1585,SP02,L10,46,440.47,5481.951999999999,Seasonal,Online Payment,Cancelled,No Returns,350.84
4917,887,P004,C0062,SP05,L05,42,226.61,3472.0868,Promotional,Online Payment,Delivered,Partially Returned,103.69
4918,887,P005,C1075,SP01,L06,49,364.75,2707.584,No Discount,Installment,Cancelled,Partially Returned,457.55
4919,888,P002,C0690,SP01,L11,49,27.24,2557.248,Bulk Purchase,Credit Card,Pending,Returned,155.62
4920,888,P004,C1287,SP04,L04,3,195.05,2411.2512,No Discount,Online Payment,Delivered,No Returns,184.08
4921,888,P005,C0687,SP04,L03,15,208.58,2681.3592,Seasonal,Online Payment,Delivered,Partially Returned,357.18
4922,889,P001,C0484,SP01,L02,26,433.56,1079.46496,Promotional,Installment,Delivered,Partially Returned,361.09
4923,889,P004,C0077,SP02,L01,49,31.04,290.934,Seasonal,Credit Card,Delivered,Partially Returned,276.35
4924,889,P004,C0343,SP04,L03,37,181.5,1220.02848,No Discount,Installment,Delivered,Returned,9.76
4925,889,P004,C0868,SP05,L06,47,353.38,525.6,Seasonal,Credit Card,Pending,No Returns,126.61
4926,889,P004,C1950,SP06,L05,2,405.7,1902.4096,Bulk Purchase,Online Payment,Pending,Partially Returned,229.07
4927,889,P005,C1272,SP06,L07,33,494.16,2690.8245,Bulk Purchase,Credit Card,Pending,Returned,28.47
4928,889,P006,C2009,SP01,L12,14,250.94,325.50784,No Discount,Installment,Delivered,Partially Returned,40.76
4929,890,P001,C1533,SP02,L03,14,102.07,2407.47552,Bulk Purchase,Installment,Pending,No Returns,306.46
4930,890,P002,C1825,SP02,L07,12,122.5,1306.9224,Bulk Purchase,Cash,Delivered,No Returns,148.99
4931,890,P003,C1507,SP02,L10,32,446.98,4055.967999999999,No Discount,Online Payment,Pending,Returned,326.0
4932,890,P005,C0698,SP01,L05,25,485.88,2069.2854,Promotional,Credit Card,Delivered,No Returns,398.85
4933,890,P005,C1277,SP02,L09,41,144.73,2978.870400000001,Seasonal,Credit Card,Delivered,No Returns,353.52
4934,890,P006,C0591,SP06,L07,27,359.48,664.3728,Promotional,Installment,Pending,Returned,266.81
4935,891,P002,C0817,SP02,L08,29,29.06,1055.295,Seasonal,Credit Card,Delivered,Partially Returned,353.0
4936,891,P002,C0122,SP03,L11,15,136.41,2566.1184,Promotional,Cash,Cancelled,Partially Returned,229.41
4937,891,P002,C2024,SP06,L09,35,355.64,2266.2288,Bulk Purchase,Credit Card,Pending,Returned,334.18
4938,891,P003,C0506,SP03,L10,26,495.3,303.3408,Promotional,Installment,Cancelled,Partially Returned,93.79
4939,891,P003,C0159,SP06,L08,2,202.28,1552.77,Promotional,Credit Card,Cancelled,Partially Returned,318.22
4940,891,P004,C0148,SP02,L06,24,133.97,3656.808,Promotional,Credit Card,Delivered,No Returns,92.09
4941,891,P005,C1430,SP01,L11,35,320.32,2151.2832,Promotional,Cash,Pending,Partially Returned,153.38
4942,891,P006,C1052,SP04,L07,25,404.56,3284.862,No Discount,Online Payment,Cancelled,Returned,377.3
4943,891,P006,C0826,SP05,L06,20,423.5,5219.328,Promotional,Online Payment,Cancelled,Returned,21.8
4944,892,P001,C1834,SP02,L05,43,187.5,790.7991,Promotional,Credit Card,Cancelled,No Returns,36.05
4945,892,P002,C2000,SP01,L01,41,442.3,2418.444,Bulk Purchase,Credit Card,Delivered,No Returns,247.2
4946,892,P002,C1066,SP02,L03,4,407.73,1951.82784,Seasonal,Installment,Cancelled,Returned,33.22
4947,892,P003,C0532,SP02,L08,31,409.18,1686.312,Promotional,Cash,Cancelled,Partially Returned,174.46
4948,892,P003,C1363,SP06,L01,3,185.11,2697.828,Bulk Purchase,Credit Card,Pending,Returned,402.76
4949,892,P004,C0755,SP05,L11,41,73.69,1760.064,No Discount,Online Payment,Cancelled,No Returns,485.08
4950,892,P004,C0239,SP06,L06,12,496.95,5144.716799999999,Seasonal,Cash,Delivered,Returned,333.25
4951,892,P005,C1997,SP03,L03,8,86.79,181.36224,No Discount,Installment,Cancelled,Partially Returned,164.04
4952,893,P003,C0756,SP03,L11,44,441.15,1706.496,Bulk Purchase,Cash,Delivered,Partially Returned,196.08
4953,893,P003,C0369,SP05,L06,46,254.27,2087.28,Promotional,Credit Card,Pending,Partially Returned,121.69
4954,893,P006,C1091,SP04,L06,12,271.47,525.024,No Discount,Cash,Cancelled,Returned,311.54
4955,894,P003,C1841,SP01,L08,25,258.61,4025.16,Seasonal,Credit Card,Pending,Returned,199.64
4956,894,P003,C0756,SP05,L04,15,450.55,507.0276,Promotional,Credit Card,Cancelled,No Returns,430.83
4957,894,P006,C0448,SP06,L08,21,301.03,4257.036,No Discount,Cash,Pending,Partially Returned,276.18
4958,895,P001,C0421,SP02,L02,28,32.33,1126.4512,Promotional,Online Payment,Delivered,No Returns,62.54
4959,895,P001,C1380,SP02,L06,41,370.15,1444.896,Seasonal,Online Payment,Cancelled,Partially Returned,342.7
4960,895,P003,C1561,SP02,L02,45,95.6,2161.9248,Promotional,Credit Card,Delivered,Partially Returned,124.36
4961,895,P003,C1874,SP02,L11,32,209.7,3384.768,Bulk Purchase,Cash,Delivered,No Returns,313.77
4962,895,P004,C1428,SP04,L06,33,17.69,6942.168000000001,Promotional,Credit Card,Cancelled,No Returns,91.63
4963,895,P005,C0243,SP01,L02,23,388.0,1713.76128,No Discount,Installment,Delivered,Returned,239.08
4964,896,P002,C1231,SP03,L02,28,145.0,2683.40352,Promotional,Cash,Pending,Partially Returned,183.28
4965,896,P004,C1646,SP05,L04,33,456.98,2492.57088,Seasonal,Cash,Cancelled,No Returns,314.42
4966,896,P005,C0122,SP02,L09,36,369.59,6593.945600000001,Promotional,Online Payment,Delivered,Partially Returned,477.04
4967,896,P005,C1945,SP03,L11,46,328.88,3201.888,No Discount,Credit Card,Cancelled,No Returns,334.96
4968,896,P006,C1273,SP01,L04,37,112.33,718.5888000000002,Promotional,Installment,Cancelled,No Returns,332.33
4969,897,P001,C2069,SP04,L10,45,174.42,9340.24,Promotional,Online Payment,Cancelled,No Returns,326.05
4970,897,P002,C0937,SP06,L07,45,222.47,1336.65,Bulk Purchase,Online Payment,Cancelled,Partially Returned,26.99
4971,897,P003,C0102,SP01,L12,37,392.33,2973.0552,Seasonal,Credit Card,Cancelled,No Returns,463.32
4972,897,P004,C1195,SP01,L09,22,72.99,3960.25344,Promotional,Cash,Cancelled,Partially Returned,247.65
4973,897,P005,C0703,SP04,L07,44,271.11,1799.721,Bulk Purchase,Credit Card,Delivered,Partially Returned,314.03
4974,897,P005,C0399,SP05,L08,40,345.27,1565.46,Promotional,Installment,Delivered,Partially Returned,27.02
4975,897,P005,C2089,SP06,L10,12,14.37,3048.1248,Promotional,Cash,Cancelled,Returned,151.36
4976,898,P001,C0062,SP04,L09,39,203.18,3553.580800000001,Seasonal,Online Payment,Cancelled,No Returns,44.85
4977,898,P001,C0369,SP04,L08,49,485.78,1896.876,Seasonal,Installment,Cancelled,Returned,268.16
4978,898,P002,C1477,SP03,L06,23,473.02,3700.8768,Promotional,Installment,Cancelled,Returned,238.54
4979,898,P002,C0866,SP04,L06,49,166.36,1143.9936,No Discount,Cash,Pending,Partially Returned,147.96
4980,898,P003,C2043,SP02,L11,29,403.93,2316.1856,No Discount,Installment,Pending,No Returns,105.51
4981,898,P005,C1865,SP01,L01,2,137.69,5167.735999999999,Promotional,Online Payment,Pending,Returned,324.09
4982,898,P005,C1881,SP04,L06,47,310.92,3331.968,Promotional,Online Payment,Pending,Partially Returned,79.93
4983,898,P006,C1233,SP03,L07,3,66.25,322.6439999999999,Bulk Purchase,Online Payment,Cancelled,Partially Returned,261.62
4984,898,P006,C2036,SP04,L02,43,312.2,3915.968,Promotional,Online Payment,Delivered,Partially Returned,401.52
4985,899,P002,C1967,SP04,L05,38,368.49,323.9418,Promotional,Credit Card,Pending,Returned,301.31
4986,899,P004,C1205,SP02,L12,40,18.92,2778.072,Promotional,Credit Card,Delivered,Partially Returned,216.82
4987,899,P006,C1977,SP06,L11,48,418.37,2425.28,Seasonal,Online Payment,Cancelled,Returned,474.54
4988,900,P001,C0881,SP04,L06,3,297.25,5443.8912,No Discount,Cash,Pending,Returned,177.38
4989,900,P002,C0227,SP05,L01,3,119.15,1190.896,Seasonal,Installment,Delivered,No Returns,9.11
4990,900,P006,C1044,SP05,L10,23,443.06,1451.3184,Promotional,Cash,Cancelled,Returned,128.49
4991,901,P001,C0921,SP06,L01,20,220.04,796.2303999999999,Seasonal,Installment,Pending,Partially Returned,263.33
4992,901,P002,C1623,SP06,L07,11,478.92,1011.9816,Bulk Purchase,Cash,Cancelled,No Returns,134.31
4993,901,P003,C1268,SP06,L03,35,187.52,4212.162000000001,No Discount,Credit Card,Delivered,No Returns,22.76
4994,901,P006,C1342,SP06,L12,17,366.14,468.9280000000001,Promotional,Installment,Pending,Returned,424.96
4995,902,P003,C1712,SP04,L09,23,67.35,4988.755200000001,Bulk Purchase,Online Payment,Cancelled,No Returns,89.03
4996,902,P005,C0587,SP04,L10,25,498.08,4295.894399999999,Seasonal,Cash,Delivered,No Returns,465.99
4997,902,P006,C1910,SP04,L01,38,354.13,1206.9792,Promotional,Installment,Cancelled,Partially Returned,260.29
4998,903,P004,C1386,SP01,L02,33,247.59,745.7408,Seasonal,Installment,Delivered,Returned,260.55
4999,903,P005,C1318,SP03,L02,13,233.4,1716.98688,Bulk Purchase,Cash,Delivered,Partially Returned,237.21
5000,903,P005,C2112,SP06,L03,35,380.8,6282.1656,Bulk Purchase,Online Payment,Cancelled,Partially Returned,81.73
5001,903,P006,C0095,SP04,L09,9,38.14,3964.083200000001,No Discount,Online Payment,Cancelled,Returned,469.39
5002,904,P001,C1781,SP06,L03,49,432.03,4276.670400000001,Promotional,Online Payment,Delivered,No Returns,34.71
5003,904,P003,C0099,SP01,L09,32,485.78,2648.9232,No Discount,Credit Card,Pending,No Returns,38.98
5004,904,P003,C0997,SP05,L08,40,30.84,1653.984,Promotional,Installment,Cancelled,No Returns,493.85
5005,904,P006,C1299,SP02,L08,11,488.7,1978.074,Promotional,Cash,Pending,No Returns,357.62
5006,905,P002,C1804,SP02,L09,8,292.52,305.85984,Seasonal,Cash,Delivered,Returned,217.49
5007,905,P002,C1653,SP04,L12,44,308.02,543.4968,Seasonal,Credit Card,Cancelled,Returned,372.34
5008,905,P002,C0296,SP04,L01,23,255.21,939.918,Seasonal,Credit Card,Cancelled,No Returns,350.5
5009,905,P004,C2103,SP01,L02,39,211.05,1417.40032,Promotional,Installment,Pending,No Returns,345.38
5010,905,P004,C0873,SP05,L12,10,161.53,1774.44096,Bulk Purchase,Installment,Delivered,Partially Returned,450.17
5011,905,P005,C0183,SP06,L11,14,256.42,2792.6016,Seasonal,Cash,Cancelled,Returned,474.5
5012,905,P006,C1931,SP03,L04,12,446.76,1496.1996,Bulk Purchase,Credit Card,Pending,No Returns,144.49
5013,905,P006,C0250,SP05,L04,47,16.5,381.2313600000001,Bulk Purchase,Installment,Cancelled,Partially Returned,412.61
5014,905,P006,C0869,SP06,L02,48,128.11,1720.21248,Promotional,Installment,Pending,Returned,245.64
5015,906,P003,C1528,SP01,L11,45,325.97,612.8128,No Discount,Installment,Delivered,Returned,183.89
5016,906,P003,C0435,SP02,L09,49,291.24,625.4617600000001,Seasonal,Installment,Delivered,Partially Returned,133.87
5017,906,P003,C1889,SP03,L07,23,316.78,588.336,Promotional,Installment,Pending,Partially Returned,147.13
5018,906,P003,C0638,SP05,L05,49,104.88,2971.8416,Promotional,Online Payment,Pending,Returned,450.72
5019,906,P004,C0901,SP04,L10,42,205.98,5364.688,Bulk Purchase,Online Payment,Cancelled,Returned,107.71
5020,906,P004,C1162,SP06,L03,14,392.42,3599.86032,Bulk Purchase,Cash,Pending,No Returns,241.62
5021,907,P001,C0228,SP03,L09,32,184.59,3914.169600000001,Bulk Purchase,Credit Card,Cancelled,Returned,337.5
5022,907,P001,C1363,SP04,L10,44,315.05,8380.176,Bulk Purchase,Credit Card,Pending,Partially Returned,33.02
5023,907,P001,C1246,SP05,L07,35,31.66,306.2808,Promotional,Cash,Delivered,Returned,5.85
5024,907,P002,C0990,SP02,L12,9,397.4,2838.83136,Promotional,Cash,Cancelled,Returned,235.89
5025,907,P002,C0577,SP02,L12,24,264.9,2125.38624,No Discount,Cash,Pending,Returned,215.96
5026,907,P002,C0231,SP06,L03,14,444.71,1905.32736,No Discount,Installment,Pending,Returned,494.14
5027,907,P004,C0653,SP06,L07,27,293.36,782.1659999999999,Promotional,Online Payment,Delivered,Returned,118.32
5028,907,P006,C0053,SP03,L04,48,82.2,1452.73824,Seasonal,Cash,Delivered,No Returns,480.05
5029,908,P002,C2091,SP02,L12,28,490.64,1808.51712,Bulk Purchase,Installment,Cancelled,No Returns,46.61
5030,908,P003,C1402,SP01,L07,9,415.19,3254.328,Promotional,Online Payment,Pending,Returned,8.52
5031,908,P006,C1772,SP03,L10,3,81.93,5270.092799999999,Bulk Purchase,Cash,Cancelled,Returned,135.98
5032,909,P001,C0530,SP04,L05,47,259.09,943.852,Bulk Purchase,Online Payment,Pending,Partially Returned,120.69
5033,909,P003,C0683,SP06,L03,28,449.65,293.82912,Seasonal,Installment,Delivered,Partially Returned,277.86
5034,909,P004,C0044,SP01,L12,23,57.88,1169.58912,No Discount,Cash,Cancelled,No Returns,257.99
5035,909,P005,C0397,SP04,L05,17,116.21,387.1413,Bulk Purchase,Credit Card,Pending,Returned,345.14
5036,909,P005,C0050,SP05,L09,12,95.48,2855.761920000001,Bulk Purchase,Cash,Pending,Returned,368.86
5037,910,P001,C0024,SP04,L12,13,236.27,275.0736,Bulk Purchase,Credit Card,Delivered,Returned,247.25
5038,910,P002,C0730,SP03,L02,38,401.29,726.4319999999999,Promotional,Cash,Delivered,Returned,96.58
5039,910,P002,C1957,SP05,L02,14,468.54,2431.618559999999,No Discount,Cash,Pending,No Returns,111.84
5040,910,P002,C0938,SP05,L07,13,171.92,220.794,Promotional,Online Payment,Delivered,Partially Returned,209.6
5041,910,P003,C0164,SP01,L05,26,165.7,1290.2344,Seasonal,Installment,Pending,Partially Returned,357.06
5042,910,P004,C0263,SP01,L12,24,83.61,2629.21728,Seasonal,Cash,Pending,Returned,31.04
5043,910,P004,C1201,SP04,L11,48,79.39,2404.9408,Seasonal,Installment,Cancelled,No Returns,493.98
5044,910,P005,C0452,SP06,L01,48,168.0,1847.9552,Bulk Purchase,Installment,Cancelled,Returned,472.87
5045,910,P006,C0008,SP01,L04,18,313.39,1576.4544,Bulk Purchase,Installment,Delivered,Returned,138.43
5046,911,P001,C0553,SP03,L01,34,316.71,1923.04,Seasonal,Online Payment,Cancelled,Returned,115.01
5047,911,P001,C1521,SP05,L08,14,16.99,1650.78,Seasonal,Installment,Pending,No Returns,173.72
5048,911,P002,C1589,SP01,L09,15,296.39,1785.09056,Seasonal,Installment,Delivered,Partially Returned,102.89
5049,911,P002,C2104,SP03,L05,43,31.76,2916.4772,Promotional,Online Payment,Delivered,Returned,126.99
5050,911,P002,C1223,SP06,L12,10,119.73,511.02,No Discount,Credit Card,Cancelled,Partially Returned,292.22
5051,911,P003,C0500,SP03,L02,22,362.32,1590.40896,Promotional,Cash,Delivered,Partially Returned,268.98
5052,911,P003,C1658,SP05,L09,12,397.6,3859.046400000001,Promotional,Credit Card,Cancelled,No Returns,276.26
5053,911,P004,C1773,SP06,L09,47,441.96,2822.85696,No Discount,Cash,Pending,Returned,153.6
5054,911,P006,C1427,SP05,L12,41,268.48,1371.57632,Bulk Purchase,Installment,Pending,Partially Returned,117.05
5055,912,P001,C0981,SP02,L03,9,338.22,850.22784,Bulk Purchase,Cash,Pending,No Returns,440.68
5056,912,P003,C1004,SP02,L05,20,262.38,3321.2452,No Discount,Online Payment,Delivered,No Returns,376.97
5057,912,P003,C1835,SP03,L03,32,428.83,3220.5276,Promotional,Credit Card,Pending,No Returns,456.44
5058,912,P004,C2129,SP04,L11,38,135.64,473.3184000000001,Seasonal,Installment,Delivered,No Returns,112.37
5059,912,P006,C0398,SP06,L02,15,396.5,664.9104,No Discount,Credit Card,Delivered,Returned,187.16
5060,912,P006,C1649,SP06,L03,6,77.07,424.6473600000001,Seasonal,Installment,Cancelled,No Returns,25.76
5061,913,P001,C1798,SP02,L05,8,349.24,1129.71768,Seasonal,Cash,Cancelled,Partially Returned,73.21
5062,913,P001,C2111,SP04,L12,4,420.18,1647.1776,Bulk Purchase,Cash,Delivered,Partially Returned,159.66
5063,913,P006,C1054,SP05,L12,2,167.02,2380.271999999999,No Discount,Credit Card,Pending,Partially Returned,280.79
5064,914,P001,C0004,SP06,L10,34,24.34,2485.9968,Seasonal,Installment,Pending,No Returns,426.91
5065,914,P003,C0621,SP05,L12,14,241.38,1249.76384,Bulk Purchase,Installment,Pending,Partially Returned,447.05
5066,915,P001,C0011,SP02,L08,27,112.45,1458.99,Bulk Purchase,Online Payment,Pending,Partially Returned,292.97
5067,915,P002,C0717,SP02,L08,8,387.51,4680.179999999999,Seasonal,Online Payment,Delivered,Returned,222.94
5068,915,P002,C1689,SP05,L11,32,444.02,1030.528,Promotional,Installment,Delivered,Returned,410.02
5069,915,P003,C0233,SP02,L03,19,352.82,881.51328,Seasonal,Installment,Cancelled,Partially Returned,186.61
5070,915,P003,C0982,SP03,L09,40,250.91,3665.46048,Seasonal,Cash,Pending,Partially Returned,116.6
5071,915,P004,C1155,SP01,L06,24,395.97,3724.8,Bulk Purchase,Online Payment,Cancelled,Partially Returned,72.71
5072,915,P004,C0782,SP04,L08,41,403.18,3107.16,Bulk Purchase,Credit Card,Cancelled,Partially Returned,458.91
5073,915,P004,C1891,SP04,L03,46,414.94,538.0506,Promotional,Credit Card,Pending,Returned,417.62
5074,915,P005,C0920,SP02,L10,20,29.17,1605.5424,Promotional,Installment,Delivered,Returned,450.11
5075,916,P001,C0097,SP04,L07,41,426.8,1509.564,Promotional,Online Payment,Pending,Partially Returned,380.14
5076,916,P001,C0341,SP04,L10,2,171.21,2000.1408,No Discount,Cash,Cancelled,Partially Returned,358.19
5077,916,P001,C1065,SP06,L02,46,137.28,1783.00416,Seasonal,Cash,Cancelled,No Returns,63.69
5078,916,P002,C0203,SP02,L02,19,139.49,3585.7472,Bulk Purchase,Online Payment,Cancelled,Partially Returned,49.13
5079,916,P002,C0893,SP03,L11,30,375.34,4459.968,Bulk Purchase,Online Payment,Cancelled,No Returns,42.86
5080,916,P003,C0735,SP06,L03,31,63.27,190.82304,Seasonal,Installment,Delivered,No Returns,355.56
5081,917,P005,C1543,SP02,L02,13,444.62,1147.18464,Seasonal,Installment,Delivered,Partially Returned,28.26
5082,917,P005,C1687,SP03,L05,21,286.17,582.6038399999999,Seasonal,Cash,Cancelled,Partially Returned,332.9
5083,917,P006,C0325,SP03,L06,2,269.95,541.92,Bulk Purchase,Online Payment,Delivered,No Returns,95.23
5084,917,P006,C0744,SP04,L04,47,107.56,492.6096,Promotional,Credit Card,Delivered,Returned,160.74
5085,918,P002,C1605,SP04,L08,6,169.16,3649.967999999999,Seasonal,Cash,Delivered,Returned,347.26
5086,918,P002,C0152,SP05,L12,4,94.83,2932.3776,Bulk Purchase,Credit Card,Cancelled,Partially Returned,374.96
5087,918,P003,C0162,SP04,L11,38,133.99,1194.4704,Seasonal,Cash,Delivered,Partially Returned,222.52
5088,918,P005,C1164,SP03,L11,7,221.71,3399.232,Seasonal,Online Payment,Cancelled,Returned,151.5
5089,919,P003,C0828,SP04,L01,8,495.41,2718.072,Seasonal,Online Payment,Delivered,Partially Returned,56.23
5090,919,P003,C1564,SP06,L04,30,120.89,963.39456,Bulk Purchase,Cash,Pending,No Returns,458.53
5091,919,P005,C1933,SP01,L01,6,250.05,4551.175999999999,Promotional,Online Payment,Delivered,No Returns,366.72
5092,919,P006,C2071,SP05,L02,30,382.92,3262.627199999999,No Discount,Credit Card,Delivered,No Returns,130.4
5093,920,P004,C1925,SP06,L12,19,227.42,2027.556,Bulk Purchase,Credit Card,Delivered,Returned,80.28
5094,920,P006,C2062,SP02,L06,6,317.12,3859.0272,Promotional,Cash,Pending,No Returns,206.02
5095,920,P006,C0947,SP06,L09,42,86.1,2292.9456,Bulk Purchase,Credit Card,Delivered,No Returns,176.78
5096,921,P001,C1271,SP03,L06,37,393.22,1773.9072,Seasonal,Cash,Pending,No Returns,159.91
5097,921,P003,C0688,SP01,L03,37,158.34,3494.1942,Seasonal,Credit Card,Cancelled,Returned,463.32
5098,921,P005,C0084,SP02,L04,24,111.94,1118.73312,Promotional,Cash,Cancelled,Partially Returned,24.64
5099,921,P005,C1203,SP05,L06,32,72.75,5080.1472,No Discount,Cash,Pending,No Returns,498.04
5100,921,P006,C2134,SP04,L11,6,26.9,162.7136,No Discount,Installment,Delivered,Partially Returned,34.46
5101,922,P001,C0319,SP02,L06,2,112.78,854.4384,No Discount,Cash,Pending,No Returns,45.87
5102,922,P001,C1136,SP04,L10,49,227.43,5540.976,Promotional,Online Payment,Pending,Returned,54.07
5103,922,P001,C0042,SP06,L05,29,472.18,1211.92344,Promotional,Cash,Pending,Partially Returned,361.49
5104,922,P002,C0786,SP05,L03,46,347.14,1548.5256,No Discount,Online Payment,Cancelled,Partially Returned,242.83
5105,922,P003,C1715,SP03,L03,2,33.79,3588.9156,Promotional,Credit Card,Delivered,Partially Returned,147.01
5106,922,P003,C0196,SP06,L08,22,68.84,2394.468,Promotional,Cash,Cancelled,Partially Returned,192.34
5107,922,P005,C2047,SP03,L07,48,338.5,1312.8885,Promotional,Credit Card,Delivered,Partially Returned,441.92
5108,922,P005,C0873,SP04,L04,41,401.55,1678.12992,No Discount,Installment,Cancelled,Partially Returned,146.09
5109,922,P006,C0443,SP04,L03,6,119.99,432.0054,Seasonal,Credit Card,Cancelled,No Returns,129.46
5110,923,P001,C1197,SP01,L04,42,403.2,1375.36704,Promotional,Installment,Delivered,No Returns,151.09
5111,923,P001,C1669,SP06,L06,10,45.22,209.8176,Promotional,Installment,Cancelled,No Returns,452.7
5112,923,P003,C2160,SP06,L11,19,484.66,1909.1712,Seasonal,Installment,Pending,Returned,300.56
5113,923,P004,C0039,SP05,L02,27,244.46,953.57696,Promotional,Installment,Cancelled,No Returns,3.5
5114,923,P005,C1530,SP05,L07,29,176.15,510.3672000000001,No Discount,Installment,Pending,No Returns,440.31
5115,923,P005,C0598,SP06,L09,2,371.71,293.53984,Seasonal,Installment,Pending,No Returns,201.14
5116,923,P005,C0962,SP06,L03,16,450.58,2149.2864,Seasonal,Cash,Pending,Returned,315.21
5117,924,P001,C1416,SP05,L07,4,290.7,1762.8975,No Discount,Credit Card,Delivered,No Returns,428.88
5118,924,P001,C1724,SP06,L07,21,204.0,351.1872,Bulk Purchase,Cash,Delivered,No Returns,15.39
5119,924,P002,C2133,SP01,L02,39,472.8,1900.8192,Seasonal,Online Payment,Pending,Returned,418.01
5120,924,P003,C1535,SP03,L08,25,200.99,2902.608,Bulk Purchase,Cash,Cancelled,Partially Returned,373.84
5121,924,P004,C1182,SP05,L01,28,217.16,616.2912,Seasonal,Installment,Pending,No Returns,465.0
5122,924,P005,C0571,SP02,L08,13,205.22,2558.736,No Discount,Cash,Cancelled,Partially Returned,23.95
5123,925,P002,C0678,SP02,L03,39,219.71,3275.316,Bulk Purchase,Online Payment,Cancelled,No Returns,437.22
5124,925,P002,C1258,SP03,L08,46,206.91,2363.112,Promotional,Installment,Delivered,Returned,44.82
5125,925,P003,C0717,SP04,L08,11,89.7,3446.496,Promotional,Cash,Cancelled,No Returns,448.34
5126,925,P005,C0964,SP01,L10,39,414.36,1322.496,Bulk Purchase,Installment,Delivered,No Returns,354.37
5127,925,P006,C1974,SP03,L02,40,157.34,2365.92384,No Discount,Cash,Delivered,No Returns,418.28
5128,925,P006,C0584,SP04,L12,29,380.4,2896.27776,Promotional,Cash,Delivered,No Returns,281.11
5129,925,P006,C0657,SP05,L12,37,372.85,3868.0032,Bulk Purchase,Credit Card,Pending,Returned,315.02
5130,925,P006,C0234,SP05,L11,8,379.64,4063.776,Promotional,Credit Card,Pending,No Returns,465.5
5131,926,P002,C1854,SP02,L04,35,130.59,1422.17856,Seasonal,Installment,Pending,Returned,266.21
5132,926,P003,C0824,SP01,L02,19,373.96,1448.93952,Bulk Purchase,Installment,Pending,No Returns,437.46
5133,926,P003,C0292,SP01,L03,13,18.92,178.17408,No Discount,Installment,Delivered,No Returns,306.9
5134,926,P003,C1956,SP02,L06,21,338.05,4471.487999999999,Promotional,Credit Card,Delivered,Partially Returned,473.55
5135,926,P003,C0117,SP02,L11,34,301.13,2642.016,No Discount,Credit Card,Cancelled,No Returns,226.08
5136,926,P004,C0236,SP06,L02,41,96.94,1606.77888,No Discount,Installment,Pending,Returned,286.63
5137,926,P006,C0670,SP03,L10,49,194.75,6433.812,Bulk Purchase,Credit Card,Pending,No Returns,143.31
5138,927,P001,C0756,SP03,L06,41,270.59,3389.664,Bulk Purchase,Online Payment,Cancelled,Returned,250.67
5139,927,P001,C0770,SP04,L11,34,179.63,3091.488,Promotional,Credit Card,Cancelled,Returned,167.95
5140,927,P003,C1204,SP05,L03,10,352.26,205.75296,Promotional,Installment,Delivered,No Returns,273.96
5141,928,P001,C0638,SP06,L06,22,469.63,3352.2624,No Discount,Cash,Delivered,No Returns,334.3
5142,928,P003,C1415,SP05,L05,35,326.84,405.52512,No Discount,Cash,Pending,No Returns,110.89
5143,928,P005,C0589,SP05,L03,2,370.98,1329.79968,Promotional,Installment,Pending,Partially Returned,375.39
5144,928,P006,C0331,SP01,L10,49,300.14,978.7008,No Discount,Installment,Cancelled,Returned,460.95
5145,928,P006,C0569,SP02,L03,3,297.81,840.8448,Bulk Purchase,Online Payment,Cancelled,No Returns,387.36
5146,929,P003,C1613,SP03,L08,3,134.2,5472.6975,No Discount,Credit Card,Pending,Partially Returned,130.11
5147,929,P003,C1837,SP06,L11,26,106.25,1384.512,No Discount,Cash,Pending,Partially Returned,331.26
5148,929,P003,C1510,SP06,L06,32,344.55,7112.52,Promotional,Credit Card,Pending,Returned,450.01
5149,929,P004,C0091,SP02,L11,15,194.66,2383.104,No Discount,Online Payment,Delivered,Returned,203.48
5150,929,P004,C0088,SP06,L05,17,23.16,3088.1032,Seasonal,Online Payment,Delivered,Partially Returned,436.44
5151,929,P005,C0047,SP05,L06,12,31.13,792.5376,Bulk Purchase,Installment,Delivered,No Returns,95.8
5152,929,P006,C0834,SP01,L06,17,181.01,772.1855999999999,Bulk Purchase,Cash,Pending,Returned,319.18
5153,929,P006,C0262,SP02,L09,8,174.49,1970.29888,No Discount,Installment,Delivered,No Returns,431.69
5154,929,P006,C1063,SP04,L10,13,13.95,4291.2128,Bulk Purchase,Installment,Pending,Partially Returned,47.7
5155,929,P006,C1211,SP05,L05,18,180.34,650.11128,No Discount,Cash,Cancelled,No Returns,486.31
5156,929,P006,C0785,SP06,L10,1,484.79,5519.673599999999,No Discount,Cash,Pending,Partially Returned,296.73
5157,930,P002,C1377,SP04,L04,4,323.9,1578.94272,Seasonal,Cash,Pending,No Returns,417.02
5158,930,P003,C1593,SP05,L01,17,249.29,3353.826,Seasonal,Credit Card,Pending,No Returns,238.43
5159,930,P003,C2079,SP05,L11,30,356.56,2778.048,Seasonal,Cash,Delivered,No Returns,453.14
5160,930,P004,C0287,SP03,L08,6,275.65,3228.3,Seasonal,Installment,Cancelled,No Returns,104.45
5161,930,P004,C0294,SP03,L11,15,44.79,3781.2864,Seasonal,Cash,Delivered,Partially Returned,419.05
5162,930,P005,C2076,SP03,L12,35,356.04,2902.4304,Promotional,Credit Card,Pending,Returned,9.52
5163,931,P005,C0382,SP03,L04,5,372.83,1975.2336,Bulk Purchase,Online Payment,Delivered,Returned,205.37
5164,931,P005,C0725,SP06,L06,46,437.95,1411.2576,Seasonal,Cash,Cancelled,Partially Returned,127.15
5165,931,P006,C0982,SP01,L11,1,103.14,333.552,No Discount,Credit Card,Pending,No Returns,193.35
5166,931,P006,C1591,SP06,L06,5,338.47,3507.744,Bulk Purchase,Online Payment,Cancelled,Returned,31.49
5167,932,P002,C1212,SP01,L04,41,460.0,619.3584,Promotional,Cash,Pending,Partially Returned,17.62
5168,932,P006,C0130,SP03,L08,11,69.35,5027.4,Promotional,Online Payment,Cancelled,No Returns,170.14
5169,933,P001,C0010,SP03,L03,14,471.3,1475.1072,Promotional,Installment,Delivered,No Returns,354.32
5170,933,P002,C0818,SP01,L05,7,372.36,502.0142400000001,Seasonal,Installment,Delivered,Partially Returned,260.82
5171,933,P003,C0509,SP01,L09,2,20.24,461.80992,Promotional,Cash,Cancelled,Returned,272.36
5172,933,P004,C1082,SP04,L09,34,305.23,5922.963200000001,No Discount,Online Payment,Pending,Partially Returned,161.98
5173,933,P004,C0076,SP06,L08,35,291.82,972.702,No Discount,Cash,Cancelled,Partially Returned,345.55
5174,933,P006,C1200,SP02,L09,17,95.21,449.8278400000002,Bulk Purchase,Installment,Pending,Partially Returned,336.94
5175,933,P006,C1694,SP05,L12,40,453.88,1851.89568,No Discount,Cash,Delivered,Returned,441.1
5176,934,P001,C1296,SP01,L12,3,88.59,1752.1968,No Discount,Credit Card,Delivered,Partially Returned,246.61
5177,934,P001,C0289,SP01,L12,43,267.63,2094.79168,No Discount,Installment,Cancelled,Partially Returned,10.43
5178,934,P006,C1817,SP04,L07,9,193.03,1172.3355,Seasonal,Credit Card,Pending,Returned,332.18
5179,934,P006,C1512,SP05,L12,16,375.9,861.0024000000001,Bulk Purchase,Credit Card,Pending,No Returns,16.87
5180,935,P001,C1789,SP02,L02,15,168.48,841.6396800000001,Promotional,Cash,Cancelled,Returned,75.92
5181,935,P002,C2034,SP05,L11,48,362.24,1001.088,Seasonal,Installment,Pending,Returned,492.13
5182,935,P005,C1103,SP03,L07,31,143.17,1478.652,Promotional,Online Payment,Pending,Partially Returned,307.16
5183,935,P005,C1852,SP05,L11,25,256.66,3462.336,No Discount,Cash,Delivered,Returned,364.66
5184,935,P006,C2050,SP05,L04,48,192.37,1374.71904,Promotional,Cash,Delivered,No Returns,108.5
5185,936,P001,C0198,SP01,L08,18,88.58,1591.344,Bulk Purchase,Installment,Delivered,No Returns,418.79
5186,936,P001,C0413,SP01,L05,13,496.03,225.7164,Bulk Purchase,Cash,Cancelled,No Returns,425.6
5187,936,P004,C0264,SP06,L09,31,224.43,883.8192,No Discount,Credit Card,Delivered,Partially Returned,480.03
5188,936,P005,C2148,SP01,L01,16,165.97,1426.8128,Seasonal,Installment,Cancelled,Returned,11.47
5189,936,P005,C1581,SP01,L05,20,447.97,995.01584,Seasonal,Installment,Cancelled,Returned,461.1
5190,936,P005,C1990,SP03,L08,38,270.67,3628.4625,Promotional,Credit Card,Cancelled,Partially Returned,283.7
5191,936,P005,C2070,SP03,L07,19,491.96,627.6816,Bulk Purchase,Installment,Pending,Partially Returned,316.67
5192,936,P005,C2110,SP03,L06,33,179.18,4350.599999999999,Seasonal,Credit Card,Delivered,Returned,322.32
5193,937,P004,C1321,SP03,L08,45,336.93,915.0120000000002,No Discount,Installment,Pending,Returned,185.94
5194,937,P005,C0130,SP03,L05,47,374.64,98.97888000000002,Promotional,Installment,Delivered,Returned,434.54
5195,937,P005,C0857,SP05,L06,42,339.12,3817.3056,Seasonal,Installment,Pending,Returned,378.43
5196,937,P006,C0568,SP06,L09,3,268.68,4499.5104,Bulk Purchase,Credit Card,Delivered,Returned,48.81
5197,938,P001,C1007,SP06,L09,49,278.83,838.3584000000002,No Discount,Credit Card,Pending,Returned,389.71
5198,938,P001,C2068,SP06,L10,39,74.67,4760.867999999999,Bulk Purchase,Credit Card,Delivered,Returned,238.94
5199,938,P002,C0904,SP03,L01,19,253.81,3686.55,Promotional,Credit Card,Delivered,Returned,123.04
5200,938,P002,C0674,SP06,L02,32,21.88,1530.43968,Bulk Purchase,Cash,Pending,Returned,336.48
5201,938,P004,C1522,SP02,L03,10,72.59,1480.113,Promotional,Credit Card,Pending,Partially Returned,116.28
5202,938,P004,C1210,SP04,L10,34,459.44,10017.28,Promotional,Online Payment,Delivered,Partially Returned,164.86
5203,938,P005,C0549,SP04,L12,22,349.17,1450.89152,Promotional,Installment,Pending,Returned,497.04
5204,938,P006,C0062,SP01,L04,21,155.17,938.42496,Bulk Purchase,Installment,Pending,Returned,385.69
5205,939,P001,C1878,SP02,L05,23,56.93,1353.0608,Seasonal,Installment,Pending,Returned,452.3
5206,939,P001,C1088,SP04,L04,18,100.29,273.76704,No Discount,Installment,Delivered,Partially Returned,228.15
5207,939,P001,C0662,SP05,L12,18,87.1,2361.776,No Discount,Online Payment,Delivered,Partially Returned,376.53
5208,939,P002,C1762,SP01,L11,13,21.41,545.9327999999999,Promotional,Cash,Cancelled,No Returns,362.93
5209,939,P002,C0277,SP02,L11,24,22.47,3364.352,Bulk Purchase,Online Payment,Delivered,Returned,207.15
5210,939,P002,C0010,SP04,L08,38,141.48,6343.852500000001,Seasonal,Credit Card,Delivered,Returned,225.94
5211,939,P005,C1072,SP06,L12,38,361.47,1057.57952,No Discount,Installment,Cancelled,No Returns,348.91
5212,939,P006,C0299,SP02,L02,25,214.72,1570.84032,Bulk Purchase,Cash,Pending,No Returns,222.6
5213,940,P001,C0838,SP05,L04,43,373.79,1320.50304,Bulk Purchase,Installment,Pending,Returned,493.12
5214,940,P002,C1871,SP06,L12,40,229.02,2831.94432,Promotional,Cash,Delivered,No Returns,193.23
5215,940,P003,C0463,SP03,L03,37,244.82,1135.2474,Seasonal,Credit Card,Pending,No Returns,314.32
5216,940,P003,C0893,SP03,L05,41,248.36,1027.026,Seasonal,Cash,Cancelled,Returned,429.04
5217,940,P003,C1097,SP06,L11,1,42.88,1274.368,No Discount,Installment,Delivered,Returned,216.7
5218,940,P004,C1833,SP05,L10,42,191.37,3276.9408,Promotional,Cash,Cancelled,Returned,372.04
5219,940,P006,C2088,SP04,L02,15,151.6,1672.09728,No Discount,Cash,Cancelled,No Returns,487.74
5220,941,P002,C0429,SP03,L12,10,102.19,896.1856,Seasonal,Online Payment,Pending,No Returns,312.28
5221,941,P004,C0210,SP03,L03,41,426.44,2357.21664,No Discount,Cash,Cancelled,No Returns,377.27
5222,941,P004,C0034,SP05,L06,8,474.33,3901.651199999999,Bulk Purchase,Cash,Delivered,Partially Returned,83.13
5223,941,P005,C1748,SP06,L11,49,486.91,2617.2672,Bulk Purchase,Cash,Delivered,No Returns,469.58
5224,942,P001,C0839,SP04,L05,6,406.32,2124.9501,No Discount,Credit Card,Cancelled,Returned,314.68
5225,942,P002,C1443,SP04,L10,5,102.75,8187.48,Seasonal,Credit Card,Pending,Returned,314.52
5226,942,P004,C1868,SP01,L07,26,355.15,1433.6448,Seasonal,Installment,Delivered,Returned,29.4
5227,942,P005,C0606,SP03,L07,17,31.79,1280.0088,Bulk Purchase,Installment,Delivered,No Returns,187.19
5228,943,P002,C0368,SP02,L09,1,188.14,779.1168000000001,Bulk Purchase,Cash,Pending,Returned,138.09
5229,943,P003,C0419,SP03,L11,25,288.83,700.9536,Promotional,Installment,Delivered,No Returns,331.82
5230,943,P003,C0526,SP04,L11,33,183.47,488.8064000000001,No Discount,Installment,Delivered,No Returns,433.85
5231,943,P004,C0289,SP03,L01,48,284.1,951.8432,Seasonal,Installment,Cancelled,Partially Returned,96.94
5232,943,P004,C0912,SP05,L09,45,358.24,4128.7488,Promotional,Credit Card,Cancelled,Returned,154.55
5233,943,P004,C1450,SP06,L06,48,186.56,2558.649599999999,Seasonal,Cash,Cancelled,No Returns,92.35
5234,943,P005,C0870,SP02,L02,25,320.57,295.16032,No Discount,Installment,Cancelled,No Returns,100.02
5235,943,P006,C0005,SP01,L07,22,305.83,1047.3435,Bulk Purchase,Credit Card,Pending,No Returns,354.3
5236,943,P006,C0740,SP05,L05,11,455.36,687.4212799999999,Bulk Purchase,Installment,Pending,Partially Returned,391.97
5237,944,P001,C0419,SP04,L02,19,397.83,1019.5248,Seasonal,Credit Card,Cancelled,Partially Returned,157.44
5238,944,P005,C0084,SP04,L02,41,140.24,1824.39936,Seasonal,Cash,Cancelled,No Returns,442.36
5239,944,P006,C1231,SP03,L04,27,311.51,660.5388,Seasonal,Credit Card,Pending,Returned,2.24
5240,945,P001,C1807,SP04,L01,41,198.21,462.224,Seasonal,Installment,Delivered,Returned,487.82
5241,945,P001,C1452,SP05,L05,45,86.03,407.9712,Bulk Purchase,Cash,Delivered,Partially Returned,53.5
5242,945,P001,C1051,SP05,L06,47,423.63,441.36,Promotional,Credit Card,Delivered,No Returns,439.45
5243,946,P001,C2139,SP01,L12,38,178.27,3971.268,Bulk Purchase,Credit Card,Cancelled,No Returns,230.44
5244,946,P001,C1879,SP03,L01,17,248.24,1818.1184,Bulk Purchase,Installment,Pending,No Returns,348.04
5245,946,P002,C1996,SP05,L07,22,205.33,2238.516,Promotional,Credit Card,Cancelled,Partially Returned,351.46
5246,946,P003,C0247,SP02,L02,13,298.17,1610.6944,Bulk Purchase,Online Payment,Pending,Returned,354.87
5247,946,P003,C0336,SP04,L03,22,25.71,2868.52752,Promotional,Cash,Pending,Returned,366.38
5248,946,P004,C1709,SP01,L12,16,85.3,2199.83808,No Discount,Cash,Pending,No Returns,454.38
5249,946,P004,C1617,SP01,L09,17,159.87,1255.26016,Promotional,Installment,Pending,Returned,250.95
5250,946,P005,C1157,SP01,L07,7,120.42,120.9432,No Discount,Installment,Delivered,Returned,365.25
5251,946,P006,C1935,SP01,L03,6,478.99,2545.188480000001,No Discount,Installment,Cancelled,No Returns,319.28
5252,946,P006,C0046,SP04,L11,7,319.38,2747.2512,No Discount,Cash,Delivered,No Returns,308.95
5253,947,P002,C1776,SP03,L08,45,76.07,3438.108,No Discount,Installment,Cancelled,Returned,257.14
5254,947,P003,C1635,SP01,L03,9,323.41,1937.2446,Promotional,Credit Card,Cancelled,Returned,242.99
5255,947,P003,C0418,SP06,L08,10,32.35,977.4,Promotional,Cash,Delivered,Returned,111.38
5256,947,P005,C0822,SP01,L11,23,88.23,2133.504,Bulk Purchase,Installment,Cancelled,Returned,408.45
5257,947,P005,C1103,SP03,L05,25,212.35,648.1966400000001,Promotional,Installment,Pending,Partially Returned,82.39
5258,947,P005,C1492,SP05,L04,38,356.48,358.2144,Seasonal,Online Payment,Delivered,No Returns,401.25
5259,947,P005,C0817,SP05,L05,32,74.75,909.15552,Bulk Purchase,Cash,Pending,No Returns,463.21
5260,948,P001,C0228,SP04,L03,34,484.03,1097.064,Bulk Purchase,Online Payment,Cancelled,No Returns,159.93
5261,948,P002,C0048,SP04,L07,41,136.41,1780.128,Promotional,Cash,Pending,Partially Returned,219.43
5262,948,P003,C1330,SP03,L03,49,115.12,5484.931200000001,Bulk Purchase,Online Payment,Cancelled,Returned,463.31
5263,948,P003,C0503,SP06,L11,38,381.73,2005.7344,Bulk Purchase,Installment,Cancelled,No Returns,445.92
5264,948,P004,C0026,SP06,L12,30,20.85,2674.5216,Promotional,Credit Card,Cancelled,No Returns,314.9
5265,948,P006,C0883,SP04,L06,10,179.73,5035.872,Seasonal,Online Payment,Cancelled,Returned,350.35
5266,949,P001,C0758,SP06,L06,12,233.04,1877.5296,Promotional,Cash,Pending,No Returns,446.58
5267,949,P002,C0961,SP02,L08,34,451.36,7416.45,No Discount,Online Payment,Pending,No Returns,278.75
5268,949,P002,C1478,SP02,L11,31,84.54,1914.2784,Bulk Purchase,Cash,Cancelled,No Returns,344.0
5269,949,P002,C0984,SP05,L12,13,245.5,4570.3616,Promotional,Online Payment,Pending,Returned,157.0
5270,949,P003,C0840,SP02,L09,29,130.96,6243.353600000001,Seasonal,Online Payment,Pending,Returned,293.69
5271,949,P004,C0207,SP03,L12,5,200.8,728.28544,Bulk Purchase,Installment,Cancelled,No Returns,314.2
5272,949,P004,C1668,SP04,L08,17,217.3,7084.62,No Discount,Online Payment,Cancelled,Partially Returned,484.57
5273,949,P004,C0148,SP04,L04,29,258.12,1474.64064,Bulk Purchase,Installment,Cancelled,Partially Returned,16.67
5274,949,P006,C0162,SP03,L11,11,90.43,3662.7072,No Discount,Cash,Cancelled,Returned,415.1
5275,950,P001,C0512,SP06,L09,10,342.18,2595.985920000001,No Discount,Installment,Delivered,Partially Returned,239.28
5276,950,P001,C0901,SP06,L11,7,354.37,3983.04,Promotional,Online Payment,Cancelled,Partially Returned,381.65
5277,950,P003,C2075,SP01,L11,4,62.31,3666.7776,Bulk Purchase,Cash,Cancelled,No Returns,224.57
5278,951,P001,C1310,SP06,L06,36,347.36,804.5568000000001,Seasonal,Cash,Delivered,Returned,42.52
5279,951,P002,C1298,SP02,L08,38,376.93,3851.766,Promotional,Cash,Delivered,No Returns,332.63
5280,951,P003,C1432,SP06,L05,22,60.01,1960.7952,Seasonal,Online Payment,Cancelled,Partially Returned,327.7
5281,951,P006,C1550,SP02,L02,42,349.82,1231.776,Bulk Purchase,Cash,Pending,No Returns,100.4
5282,952,P001,C0592,SP06,L06,23,443.71,4844.5056,Promotional,Cash,Cancelled,No Returns,24.52
5283,952,P002,C0533,SP03,L11,10,352.61,1874.0224,Seasonal,Installment,Pending,Partially Returned,450.26
5284,952,P002,C0195,SP04,L02,9,180.53,753.5808000000001,Bulk Purchase,Credit Card,Cancelled,Partially Returned,173.32
5285,952,P004,C0610,SP01,L07,34,95.95,1033.5528,Seasonal,Installment,Cancelled,Partially Returned,481.26
5286,952,P004,C1916,SP06,L11,22,188.85,2460.4928,No Discount,Installment,Delivered,No Returns,196.01
5287,952,P005,C0196,SP04,L10,13,274.3,8411.088,Seasonal,Online Payment,Delivered,No Returns,233.79
5288,952,P006,C1640,SP02,L04,2,18.76,797.85,Bulk Purchase,Credit Card,Delivered,No Returns,356.27
5289,953,P001,C0746,SP04,L12,18,236.09,3824.1024,No Discount,Credit Card,Pending,Returned,196.76
5290,953,P002,C0899,SP02,L11,29,27.51,4636.080000000001,Seasonal,Credit Card,Delivered,Returned,347.34
5291,953,P002,C1874,SP05,L09,7,130.59,1627.98592,Bulk Purchase,Installment,Delivered,Returned,95.49
5292,953,P004,C0099,SP04,L03,41,26.71,1820.5074,Bulk Purchase,Credit Card,Cancelled,No Returns,273.69
5293,954,P001,C1049,SP04,L09,5,473.05,2029.8432,Bulk Purchase,Online Payment,Pending,No Returns,492.09
5294,954,P002,C0960,SP04,L07,40,141.92,1705.6116,Seasonal,Cash,Pending,Partially Returned,303.54
5295,954,P003,C1682,SP01,L03,13,218.77,1910.91312,Seasonal,Cash,Cancelled,No Returns,326.85
5296,954,P003,C0529,SP03,L12,32,344.41,2434.1824,No Discount,Online Payment,Cancelled,Partially Returned,196.11
5297,954,P003,C0167,SP03,L06,46,352.43,7158.624000000001,No Discount,Online Payment,Delivered,No Returns,395.48
5298,954,P005,C0449,SP02,L04,39,226.83,311.33376,Seasonal,Installment,Pending,Returned,272.82
5299,955,P004,C1593,SP04,L06,5,458.23,1987.6608,No Discount,Installment,Cancelled,No Returns,347.88
5300,955,P006,C1736,SP05,L01,23,341.13,3826.367999999999,Promotional,Online Payment,Cancelled,No Returns,234.92
5301,956,P001,C0421,SP01,L02,44,470.92,261.82912,Promotional,Installment,Pending,Partially Returned,314.11
5302,956,P001,C1890,SP02,L03,30,328.77,3573.49968,Bulk Purchase,Cash,Cancelled,Returned,441.94
5303,956,P002,C2141,SP06,L05,46,58.46,2493.6912,No Discount,Online Payment,Delivered,No Returns,467.68
5304,956,P004,C1230,SP06,L09,27,318.83,6578.6688,Promotional,Online Payment,Pending,Partially Returned,154.53
5305,956,P006,C0374,SP05,L04,10,377.13,2156.868,Bulk Purchase,Credit Card,Delivered,Returned,377.1
5306,956,P006,C1016,SP06,L03,29,358.97,608.4072000000001,Bulk Purchase,Online Payment,Pending,Returned,99.71
5307,957,P006,C0199,SP02,L02,46,378.51,180.4992,No Discount,Credit Card,Cancelled,Partially Returned,387.18
5308,958,P001,C1331,SP04,L02,35,20.37,1695.07072,Promotional,Installment,Cancelled,Partially Returned,379.66
5309,958,P002,C0714,SP02,L01,19,426.79,4539.527999999999,Promotional,Online Payment,Cancelled,Partially Returned,496.8
5310,958,P002,C1583,SP06,L10,7,46.45,963.8496,Bulk Purchase,Cash,Delivered,Partially Returned,302.31
5311,958,P003,C1716,SP05,L07,14,113.04,344.7107999999999,Bulk Purchase,Cash,Delivered,Partially Returned,219.98
5312,958,P005,C0835,SP04,L10,45,359.15,3657.6064,Promotional,Installment,Cancelled,Partially Returned,162.76
5313,958,P006,C1997,SP03,L01,12,437.5,713.9776,No Discount,Installment,Cancelled,Returned,319.84
5314,959,P001,C1676,SP01,L10,22,320.18,2749.824,Seasonal,Cash,Pending,No Returns,394.88
5315,959,P004,C1207,SP02,L09,49,330.86,254.53824,Seasonal,Cash,Cancelled,No Returns,3.14
5316,959,P004,C0528,SP03,L12,40,257.56,3430.463999999999,Bulk Purchase,Credit Card,Cancelled,Partially Returned,347.91
5317,959,P004,C0601,SP03,L05,32,271.08,1837.37736,Seasonal,Cash,Pending,No Returns,456.82
5318,959,P004,C0226,SP05,L11,44,401.8,851.0591999999999,Promotional,Cash,Delivered,Returned,394.82
5319,959,P005,C0153,SP06,L06,19,309.55,1571.1552,Promotional,Cash,Pending,No Returns,322.49
5320,960,P003,C0262,SP04,L12,8,424.01,675.3216000000001,Bulk Purchase,Credit Card,Cancelled,No Returns,495.26
5321,960,P003,C1343,SP04,L02,9,79.0,452.82048,Promotional,Installment,Cancelled,No Returns,250.0
5322,960,P003,C1771,SP05,L11,28,437.58,3027.5712,No Discount,Cash,Pending,No Returns,474.52
5323,960,P003,C1033,SP06,L06,13,162.45,367.9488,No Discount,Cash,Cancelled,Partially Returned,312.51
5324,960,P006,C0115,SP02,L12,6,52.06,3999.2704,No Discount,Online Payment,Delivered,Returned,47.08
5325,961,P001,C0558,SP01,L11,2,469.62,882.5280000000001,No Discount,Credit Card,Pending,No Returns,416.87
5326,961,P003,C2049,SP05,L05,33,168.89,458.7128,Bulk Purchase,Online Payment,Delivered,Returned,151.09
5327,961,P004,C0640,SP02,L11,18,244.27,1713.4336,No Discount,Installment,Delivered,No Returns,178.67
5328,962,P002,C0257,SP04,L01,23,205.1,1745.1,No Discount,Credit Card,Pending,Partially Returned,335.26
5329,962,P003,C1325,SP05,L09,15,221.96,517.3977600000001,No Discount,Cash,Pending,No Returns,65.72
5330,962,P004,C0260,SP06,L02,29,435.79,1248.18176,Bulk Purchase,Installment,Delivered,No Returns,171.06
5331,962,P005,C1041,SP05,L10,7,391.76,1065.1648,No Discount,Installment,Delivered,Partially Returned,456.02
5332,962,P005,C1053,SP05,L10,11,428.02,2021.04,No Discount,Credit Card,Delivered,Partially Returned,451.43
5333,963,P001,C1885,SP01,L01,10,495.66,1036.9968,Seasonal,Cash,Cancelled,No Returns,485.45
5334,963,P001,C1669,SP02,L04,19,435.65,279.5990399999999,No Discount,Cash,Delivered,No Returns,491.76
5335,963,P004,C1157,SP02,L04,40,58.62,1520.9856,No Discount,Online Payment,Delivered,No Returns,124.28
5336,963,P005,C1514,SP05,L01,3,187.49,3327.072,Bulk Purchase,Online Payment,Cancelled,Partially Returned,288.49
5337,963,P006,C2066,SP03,L01,13,118.2,1861.734,Bulk Purchase,Credit Card,Cancelled,Returned,94.75
5338,963,P006,C1521,SP03,L10,38,226.11,3970.3552,No Discount,Installment,Cancelled,No Returns,470.82
5339,963,P006,C1133,SP06,L03,25,153.74,951.80832,Bulk Purchase,Installment,Cancelled,Returned,197.24
5340,964,P001,C2124,SP01,L10,8,230.72,5663.168,Seasonal,Online Payment,Cancelled,Returned,346.56
5341,964,P004,C0633,SP03,L05,27,87.69,1744.97232,No Discount,Cash,Pending,Returned,39.95
5342,964,P006,C1466,SP01,L10,37,271.12,5328.203999999999,Promotional,Credit Card,Pending,Partially Returned,77.03
5343,965,P002,C1655,SP04,L07,3,97.52,171.3264,Bulk Purchase,Installment,Pending,Partially Returned,173.14
5344,965,P005,C1943,SP03,L02,14,344.02,146.44224,Seasonal,Cash,Delivered,Returned,304.26
5345,965,P005,C1202,SP03,L12,22,272.45,2021.7216,No Discount,Cash,Pending,Partially Returned,483.35
5346,965,P005,C0201,SP04,L12,33,463.84,2583.7824,Bulk Purchase,Credit Card,Pending,No Returns,192.18
5347,966,P002,C1637,SP03,L07,43,91.47,1554.3864,Promotional,Cash,Cancelled,Partially Returned,297.94
5348,966,P003,C1833,SP06,L03,10,105.02,3428.8272,No Discount,Credit Card,Cancelled,No Returns,342.29
5349,966,P005,C0491,SP01,L06,28,71.4,2287.44,Seasonal,Credit Card,Pending,Partially Returned,332.07
5350,967,P002,C1404,SP02,L12,17,56.87,3102.33408,Seasonal,Cash,Pending,Returned,411.96
5351,967,P002,C1372,SP02,L02,37,217.84,2271.9424,Seasonal,Online Payment,Cancelled,Returned,444.06
5352,967,P003,C0456,SP05,L06,33,397.65,3087.4176,Seasonal,Cash,Delivered,No Returns,313.15
5353,967,P006,C0226,SP02,L10,15,450.69,8983.632,Promotional,Online Payment,Cancelled,Returned,126.03
5354,968,P002,C0857,SP03,L04,20,448.84,442.86912,No Discount,Cash,Pending,Partially Returned,148.11
5355,968,P002,C1108,SP04,L04,4,404.44,1107.18144,Bulk Purchase,Installment,Cancelled,No Returns,281.7
5356,968,P005,C1071,SP03,L02,40,389.34,1281.504,Seasonal,Online Payment,Pending,Returned,418.83
5357,968,P006,C1427,SP02,L09,41,390.0,2698.938880000001,No Discount,Installment,Cancelled,No Returns,486.33
5358,968,P006,C1589,SP02,L05,45,135.43,1120.43568,No Discount,Cash,Cancelled,Partially Returned,19.05
5359,969,P002,C0986,SP05,L08,28,261.82,1818.144,Promotional,Installment,Cancelled,Partially Returned,73.28
5360,969,P003,C0436,SP02,L08,36,195.93,3620.862,No Discount,Cash,Cancelled,Returned,451.61
5361,969,P004,C2034,SP04,L08,28,373.97,2092.428,Seasonal,Installment,Cancelled,No Returns,247.04
5362,970,P003,C0019,SP04,L02,23,14.89,239.6688,Seasonal,Credit Card,Pending,No Returns,266.0
5363,970,P003,C0745,SP04,L12,45,53.05,3389.0928,Seasonal,Credit Card,Cancelled,Returned,265.43
5364,970,P003,C1628,SP06,L03,10,155.49,1293.88752,Promotional,Cash,Delivered,Returned,175.43
5365,971,P001,C1704,SP03,L09,10,65.67,343.1296,Bulk Purchase,Installment,Cancelled,Partially Returned,343.42
5366,971,P001,C1724,SP06,L05,6,173.21,865.8249599999998,Seasonal,Cash,Cancelled,Returned,288.47
5367,971,P003,C1762,SP02,L08,26,493.41,565.65,Bulk Purchase,Credit Card,Pending,Partially Returned,2.84
5368,971,P004,C1128,SP04,L06,18,420.76,1475.712,Promotional,Credit Card,Delivered,Returned,48.1
5369,971,P005,C0904,SP06,L04,25,464.13,859.45536,Bulk Purchase,Installment,Delivered,No Returns,191.55
5370,971,P006,C2077,SP03,L07,8,468.87,553.7195999999999,Seasonal,Cash,Delivered,Returned,311.56
5371,971,P006,C0032,SP05,L11,47,316.16,3626.832,Bulk Purchase,Credit Card,Pending,No Returns,77.21
5372,972,P006,C0651,SP05,L08,35,76.95,350.7975,Promotional,Credit Card,Pending,Partially Returned,145.64
5373,973,P001,C1217,SP03,L09,26,481.74,3149.256000000001,Seasonal,Credit Card,Pending,Partially Returned,487.94
5374,973,P002,C0471,SP03,L04,2,294.28,2445.3576,Promotional,Credit Card,Delivered,No Returns,32.15
5375,973,P002,C2096,SP04,L03,3,244.25,4278.096,Seasonal,Online Payment,Cancelled,No Returns,362.96
5376,973,P002,C1513,SP05,L12,30,246.14,1001.78688,No Discount,Cash,Cancelled,Partially Returned,301.75
5377,973,P002,C1264,SP06,L10,39,227.0,1415.232,No Discount,Installment,Pending,No Returns,363.29
5378,973,P005,C0426,SP06,L09,35,240.56,3369.5552,Bulk Purchase,Online Payment,Delivered,Returned,20.06
5379,974,P001,C1767,SP03,L02,9,152.43,186.6816,Seasonal,Cash,Pending,Partially Returned,464.42
5380,974,P006,C0295,SP02,L05,30,493.38,797.2418999999999,Promotional,Credit Card,Pending,Partially Returned,229.99
5381,975,P001,C0207,SP05,L01,11,255.59,1034.964,Bulk Purchase,Credit Card,Delivered,No Returns,128.9
5382,975,P003,C0390,SP05,L05,38,342.03,574.7195999999999,No Discount,Online Payment,Pending,No Returns,219.88
5383,976,P003,C0300,SP04,L10,46,374.36,3062.4832,Promotional,Installment,Cancelled,Partially Returned,188.35
5384,976,P004,C1348,SP04,L04,41,236.02,2545.1496,Promotional,Credit Card,Cancelled,Partially Returned,371.94
5385,976,P005,C1509,SP06,L02,34,294.45,3404.4864,Bulk Purchase,Online Payment,Pending,No Returns,451.57
5386,976,P005,C0946,SP06,L11,22,248.16,433.0752,Promotional,Installment,Pending,Partially Returned,196.25
5387,977,P001,C0324,SP06,L06,7,395.61,317.4912,Seasonal,Installment,Delivered,Returned,146.19
5388,977,P002,C0213,SP04,L09,14,372.82,3442.1376,Promotional,Online Payment,Delivered,Partially Returned,389.61
5389,977,P003,C1961,SP04,L07,44,48.24,1756.608,Seasonal,Online Payment,Pending,Returned,332.04
5390,977,P006,C0403,SP02,L12,12,356.05,2730.14016,No Discount,Cash,Delivered,Partially Returned,479.08
5391,977,P006,C0749,SP04,L03,43,383.08,459.9504000000001,Seasonal,Credit Card,Cancelled,No Returns,36.83
5392,978,P002,C2011,SP02,L04,28,441.35,1001.88576,Bulk Purchase,Cash,Pending,Partially Returned,190.05
5393,978,P002,C1625,SP03,L01,18,150.1,1082.088,Promotional,Cash,Delivered,Returned,79.53
5394,978,P004,C1823,SP01,L01,6,214.13,705.6447999999999,Bulk Purchase,Installment,Delivered,Returned,154.92
5395,978,P005,C0582,SP02,L06,33,47.34,1187.64,Seasonal,Credit Card,Delivered,Returned,198.17
5396,978,P006,C0124,SP03,L09,10,440.59,979.4048,Seasonal,Installment,Pending,Partially Returned,363.81
5397,979,P001,C1039,SP04,L12,26,360.44,2596.47936,Seasonal,Cash,Delivered,No Returns,395.57
5398,979,P003,C0676,SP01,L04,1,360.57,774.1094400000001,Seasonal,Installment,Delivered,Returned,224.87
5399,979,P003,C1739,SP02,L11,22,84.23,4063.616,Seasonal,Online Payment,Pending,No Returns,256.11
5400,979,P003,C0345,SP06,L08,22,302.26,309.888,Promotional,Installment,Pending,No Returns,121.24
5401,979,P005,C1389,SP05,L09,47,37.63,2027.77344,Seasonal,Installment,Cancelled,Partially Returned,163.65
5402,979,P005,C0825,SP06,L05,19,316.83,2688.5859,Promotional,Credit Card,Delivered,Returned,416.6
5403,979,P006,C0828,SP01,L02,34,205.17,2237.70624,Seasonal,Cash,Pending,Returned,206.31
5404,980,P001,C0423,SP01,L06,16,488.03,3802.6368,Seasonal,Installment,Pending,Partially Returned,489.05
5405,980,P001,C0649,SP04,L10,9,445.7,9623.04,Seasonal,Online Payment,Pending,Partially Returned,76.28
5406,980,P002,C1024,SP02,L01,46,98.51,3146.3712,Seasonal,Cash,Delivered,Returned,347.89
5407,980,P003,C1233,SP05,L09,32,351.76,602.1171200000001,Seasonal,Installment,Cancelled,No Returns,348.69
5408,980,P004,C0242,SP05,L11,38,330.79,321.7152,Seasonal,Installment,Cancelled,Partially Returned,238.02
5409,980,P005,C0894,SP02,L02,49,246.61,138.432,Bulk Purchase,Cash,Delivered,No Returns,316.63
5410,980,P005,C1871,SP02,L08,31,451.3,6058.800000000001,No Discount,Online Payment,Cancelled,Partially Returned,338.87
5411,981,P002,C1194,SP01,L08,18,125.47,2831.436,Seasonal,Cash,Delivered,Returned,227.13
5412,981,P004,C0355,SP03,L02,41,28.83,1803.40608,Bulk Purchase,Cash,Delivered,Partially Returned,257.12
5413,981,P005,C1799,SP01,L06,8,420.29,5343.912,Seasonal,Credit Card,Cancelled,Returned,484.16
5414,981,P005,C0642,SP02,L11,2,114.4,4531.2,Promotional,Credit Card,Cancelled,Returned,423.36
5415,982,P003,C0928,SP01,L10,4,462.11,4283.1936,Promotional,Cash,Cancelled,Returned,441.06
5416,982,P003,C0929,SP04,L06,43,176.19,2674.8288,Seasonal,Installment,Delivered,No Returns,396.01
5417,982,P004,C0902,SP01,L09,15,243.03,1565.1504,Seasonal,Credit Card,Cancelled,Partially Returned,150.76
5418,982,P004,C0603,SP06,L02,26,166.47,2465.2656,No Discount,Credit Card,Delivered,No Returns,449.87
5419,982,P005,C1304,SP02,L03,22,155.54,3190.7358,Seasonal,Credit Card,Delivered,Returned,486.88
5420,982,P005,C0977,SP04,L10,28,204.49,8620.303999999998,Bulk Purchase,Online Payment,Pending,No Returns,76.56
5421,982,P006,C1030,SP06,L04,35,350.86,552.40704,Promotional,Installment,Pending,No Returns,290.7
5422,983,P001,C1504,SP05,L08,19,289.35,5477.895,No Discount,Credit Card,Cancelled,No Returns,72.93
5423,983,P003,C0993,SP02,L08,5,481.22,6121.710000000001,No Discount,Online Payment,Pending,Returned,478.41
5424,983,P003,C1714,SP02,L05,11,412.18,295.56072,Promotional,Cash,Cancelled,Returned,359.42
5425,983,P003,C0012,SP05,L09,24,149.49,179.7734400000001,Bulk Purchase,Installment,Delivered,Returned,261.13
5426,984,P005,C2064,SP05,L01,49,196.2,300.9216,No Discount,Cash,Pending,Partially Returned,388.44
5427,985,P002,C1298,SP03,L06,26,150.54,2935.7568,Promotional,Installment,Pending,Returned,193.48
5428,985,P003,C0820,SP03,L10,11,65.15,591.024,Promotional,Online Payment,Cancelled,Partially Returned,204.01
5429,985,P003,C0847,SP04,L12,7,350.57,5136.176,Promotional,Online Payment,Pending,Returned,464.97
5430,985,P004,C2011,SP04,L10,29,463.92,6958.447999999999,Seasonal,Online Payment,Cancelled,Partially Returned,377.89
5431,986,P002,C1209,SP03,L10,20,421.13,5046.215999999999,Seasonal,Credit Card,Delivered,Partially Returned,150.35
5432,986,P002,C1199,SP03,L06,28,499.67,1746.048,No Discount,Installment,Delivered,No Returns,84.54
5433,986,P004,C1265,SP04,L07,42,355.65,265.1355,Seasonal,Credit Card,Delivered,No Returns,475.31
5434,986,P004,C1857,SP05,L07,17,211.52,2103.2928,Promotional,Cash,Cancelled,Returned,72.45
5435,986,P005,C0720,SP01,L03,28,477.87,4446.576,No Discount,Online Payment,Delivered,Returned,258.44
5436,986,P005,C1467,SP02,L01,48,184.63,1709.2656,Seasonal,Cash,Cancelled,Returned,478.82
5437,986,P006,C1542,SP06,L02,35,329.88,931.44576,Promotional,Cash,Pending,Returned,288.19
5438,987,P001,C0676,SP06,L07,45,113.18,883.9404,Bulk Purchase,Cash,Delivered,No Returns,468.82
5439,987,P002,C0940,SP04,L11,32,265.34,2110.944,Promotional,Credit Card,Delivered,Returned,37.87
5440,987,P003,C0320,SP06,L07,16,450.38,803.208,No Discount,Online Payment,Cancelled,Partially Returned,152.63
5441,987,P005,C1344,SP02,L07,3,110.58,3039.75,Bulk Purchase,Credit Card,Pending,Returned,400.67
5442,988,P001,C1103,SP05,L08,35,231.35,2987.442,No Discount,Cash,Pending,Returned,326.0
5443,988,P001,C1792,SP06,L06,18,19.25,3411.7632,Bulk Purchase,Installment,Pending,Returned,349.48
5444,988,P003,C1579,SP01,L08,20,420.76,529.092,Seasonal,Cash,Pending,Partially Returned,476.92
5445,988,P003,C1760,SP06,L05,11,293.93,2585.31,Bulk Purchase,Credit Card,Cancelled,No Returns,126.52
5446,988,P005,C0164,SP04,L12,13,149.58,858.6931200000001,No Discount,Installment,Cancelled,Returned,163.25
5447,988,P006,C0674,SP06,L03,1,38.91,1143.03312,Promotional,Cash,Delivered,Returned,156.53
5448,989,P001,C0479,SP02,L01,30,284.75,2744.224,Seasonal,Online Payment,Pending,No Returns,73.71
5449,989,P001,C0201,SP06,L09,3,43.08,4209.76512,Bulk Purchase,Cash,Pending,Partially Returned,447.57
5450,989,P002,C0016,SP02,L04,19,319.46,381.348,No Discount,Credit Card,Delivered,No Returns,102.29
5451,989,P002,C1859,SP03,L01,19,25.24,1644.104,No Discount,Online Payment,Cancelled,No Returns,343.44
5452,989,P005,C1142,SP02,L08,1,322.84,3806.595,Seasonal,Credit Card,Pending,No Returns,189.62
5453,989,P005,C1990,SP02,L07,33,221.4,3918.348,Bulk Purchase,Online Payment,Delivered,Partially Returned,357.67
5454,989,P005,C1044,SP03,L01,30,123.08,912.576,Promotional,Credit Card,Pending,No Returns,98.2
5455,990,P001,C2156,SP05,L12,2,148.61,951.97824,Seasonal,Installment,Pending,No Returns,193.53
5456,990,P003,C0245,SP06,L11,23,360.13,2636.64,Promotional,Credit Card,Delivered,Returned,172.08
5457,990,P005,C1403,SP02,L03,19,222.26,6475.788,No Discount,Online Payment,Pending,No Returns,469.39
5458,990,P006,C0113,SP01,L04,21,454.55,801.7056000000001,Promotional,Installment,Delivered,Partially Returned,226.21
5459,991,P003,C0256,SP03,L02,36,202.3,918.7315200000002,Seasonal,Cash,Pending,Partially Returned,69.86
5460,991,P006,C0877,SP03,L09,5,31.71,582.7712000000001,Seasonal,Online Payment,Cancelled,No Returns,328.99
5461,991,P006,C1253,SP06,L01,15,356.28,2101.554,Seasonal,Credit Card,Delivered,Partially Returned,233.13
5462,992,P003,C0103,SP03,L09,44,342.48,1700.77952,Promotional,Installment,Delivered,Partially Returned,495.19
5463,993,P001,C0273,SP02,L12,17,433.27,1021.5504,No Discount,Credit Card,Delivered,Partially Returned,480.89
5464,993,P003,C0734,SP03,L02,47,338.85,229.21472,No Discount,Installment,Cancelled,Returned,351.25
5465,993,P004,C0051,SP05,L02,11,496.88,556.2547200000001,Promotional,Installment,Pending,No Returns,111.68
5466,993,P006,C0428,SP03,L07,29,31.7,612.3096,Promotional,Installment,Pending,Partially Returned,267.19
5467,993,P006,C0198,SP06,L08,18,62.26,1054.674,Promotional,Cash,Cancelled,Returned,80.45
5468,994,P004,C0274,SP03,L03,19,83.76,2309.4234,Seasonal,Credit Card,Delivered,No Returns,160.35
5469,994,P004,C1255,SP04,L11,45,311.6,1374.6432,Promotional,Installment,Cancelled,No Returns,43.79
5470,994,P005,C1416,SP05,L09,34,108.03,1751.4288,Promotional,Credit Card,Cancelled,Returned,237.74
5471,994,P006,C1453,SP05,L06,18,444.02,5974.944,Bulk Purchase,Online Payment,Cancelled,Returned,236.59
5472,995,P001,C0844,SP06,L12,7,269.81,1438.3224,Seasonal,Credit Card,Delivered,Partially Returned,30.91
5473,995,P002,C1358,SP04,L02,18,462.56,2825.927999999999,No Discount,Credit Card,Cancelled,No Returns,366.13
5474,995,P003,C1015,SP03,L10,2,333.95,4073.244,No Discount,Credit Card,Cancelled,Partially Returned,396.51
5475,995,P006,C1597,SP06,L04,29,171.33,1688.50656,No Discount,Cash,Cancelled,Partially Returned,254.61
5476,996,P001,C1438,SP03,L05,21,91.11,2097.1132,Bulk Purchase,Online Payment,Cancelled,No Returns,485.65
5477,996,P001,C0590,SP04,L06,11,86.31,1911.888,No Discount,Credit Card,Cancelled,Returned,451.75
5478,996,P001,C1642,SP05,L10,32,258.53,2744.4928,Bulk Purchase,Installment,Cancelled,Partially Returned,226.28
5479,996,P001,C1864,SP06,L12,40,63.74,2159.7888,Bulk Purchase,Cash,Cancelled,No Returns,51.73
5480,996,P002,C0782,SP06,L08,46,84.11,1889.676,Bulk Purchase,Cash,Pending,Partially Returned,6.47
5481,996,P003,C1410,SP01,L08,47,165.9,577.422,No Discount,Cash,Delivered,No Returns,277.37
5482,996,P003,C1104,SP04,L02,28,308.18,3592.4672,Promotional,Online Payment,Delivered,Returned,434.5
5483,996,P006,C1627,SP02,L09,39,313.38,221.95712,Bulk Purchase,Installment,Cancelled,Returned,223.16
5484,997,P001,C0454,SP06,L12,47,380.4,962.7712,Bulk Purchase,Installment,Pending,No Returns,466.95
5485,997,P003,C0241,SP02,L05,33,223.19,1142.9418,Promotional,Credit Card,Pending,No Returns,331.21
5486,997,P003,C1302,SP03,L03,17,208.96,1234.16784,Bulk Purchase,Cash,Delivered,Partially Returned,80.51
5487,997,P003,C0122,SP04,L07,42,152.81,1886.724,No Discount,Cash,Delivered,Returned,5.53
5488,997,P005,C0839,SP03,L06,6,279.27,678.9120000000001,Seasonal,Installment,Delivered,Returned,229.37
5489,997,P006,C0605,SP02,L05,25,462.31,3050.1744,Seasonal,Online Payment,Cancelled,Partially Returned,480.92
5490,998,P001,C1883,SP06,L02,37,355.66,1115.688,Promotional,Credit Card,Delivered,No Returns,442.95
5491,998,P005,C0592,SP04,L09,5,77.58,3191.61216,Seasonal,Cash,Cancelled,Partially Returned,343.61
5492,998,P005,C1941,SP04,L02,7,422.35,853.2608000000001,Seasonal,Online Payment,Pending,Partially Returned,72.75
5493,998,P005,C1259,SP04,L04,33,267.67,1046.61504,Seasonal,Installment,Pending,Partially Returned,375.02
5494,998,P005,C0072,SP05,L07,10,201.9,1728.1908,No Discount,Cash,Cancelled,Returned,288.27
5495,998,P005,C1561,SP06,L06,48,26.8,4091.759999999999,No Discount,Credit Card,Pending,Partially Returned,123.6
5496,998,P006,C1389,SP01,L08,24,230.27,2305.206,Seasonal,Cash,Delivered,Returned,328.84
5497,999,P001,C0540,SP02,L06,37,381.41,5591.736,Bulk Purchase,Credit Card,Pending,No Returns,47.98
5498,999,P003,C0899,SP04,L06,44,368.63,3201.984,Promotional,Credit Card,Pending,Partially Returned,155.62
5499,999,P006,C0730,SP01,L06,10,492.23,4640.16,No Discount,Online Payment,Cancelled,Partially Returned,427.6
5500,999,P006,C0998,SP03,L09,47,49.93,6305.868800000001,Bulk Purchase,Online Payment,Delivered,Returned,294.44
5501,1000,P001,C1693,SP01,L03,28,17.29,2762.15184,Promotional,Cash,Cancelled,Returned,430.4
5502,1000,P002,C1382,SP02,L01,24,372.45,1767.276,No Discount,Credit Card,Pending,No Returns,492.03
5503,1000,P004,C1228,SP03,L06,31,342.6,899.856,No Discount,Credit Card,Cancelled,No Returns,349.62
5504,1000,P004,C1217,SP04,L11,29,93.35,4587.84,No Discount,Online Payment,Cancelled,Returned,284.48
5505,1000,P006,C1702,SP03,L05,22,66.43,262.3712,Seasonal,Installment,Cancelled,Partially Returned,371.75
5506,1001,P002,C0842,SP05,L10,39,399.42,2503.7824,Seasonal,Installment,Delivered,No Returns,162.4
5507,1001,P003,C1987,SP02,L09,10,395.29,2275.59552,No Discount,Cash,Delivered,No Returns,493.39
5508,1001,P003,C1831,SP03,L12,33,343.1,2094.7944,No Discount,Credit Card,Cancelled,Partially Returned,407.05
5509,1001,P003,C0579,SP03,L03,9,451.98,2002.65696,Seasonal,Installment,Pending,Returned,210.92
5510,1001,P006,C1144,SP04,L09,11,48.59,1641.08032,Promotional,Installment,Pending,Partially Returned,146.5
5511,1002,P002,C2052,SP01,L07,26,316.05,859.068,No Discount,Installment,Pending,Partially Returned,342.87
5512,1002,P002,C0095,SP03,L11,20,73.4,4659.008000000001,Seasonal,Online Payment,Pending,Returned,458.73
5513,1002,P003,C0556,SP03,L07,20,483.1,912.6683999999998,Bulk Purchase,Cash,Cancelled,No Returns,147.37
5514,1002,P003,C1770,SP05,L02,42,187.28,431.1216,Seasonal,Credit Card,Delivered,No Returns,375.01
5515,1002,P006,C2123,SP03,L09,5,489.8,2027.77344,Promotional,Installment,Cancelled,Partially Returned,16.59
5516,1002,P006,C1096,SP04,L09,49,124.96,3624.5616,Seasonal,Credit Card,Cancelled,Partially Returned,249.85
5517,1002,P006,C1780,SP06,L04,21,123.39,128.1312,No Discount,Installment,Delivered,Returned,463.82
5518,1003,P003,C0068,SP04,L12,17,30.81,1582.58304,Promotional,Cash,Cancelled,No Returns,481.33
5519,1003,P004,C0035,SP04,L01,21,242.58,1936.872,Promotional,Credit Card,Pending,Partially Returned,438.91
5520,1004,P001,C0728,SP01,L08,4,136.31,823.284,No Discount,Cash,Delivered,Returned,38.75
5521,1004,P001,C1121,SP03,L08,41,45.0,2532.636,Promotional,Installment,Pending,No Returns,95.33
5522,1004,P001,C1664,SP05,L03,21,156.74,3853.824480000001,Bulk Purchase,Cash,Pending,Returned,267.9
5523,1004,P004,C1099,SP02,L12,4,88.38,948.0288000000002,No Discount,Credit Card,Pending,Returned,276.09
5524,1004,P005,C1819,SP06,L05,1,277.14,2558.9564,Seasonal,Online Payment,Delivered,Returned,136.46
5525,1004,P005,C2152,SP06,L05,31,433.74,1046.2452,No Discount,Credit Card,Delivered,Returned,37.69
5526,1004,P006,C1639,SP06,L02,14,328.58,3896.3456,Promotional,Online Payment,Cancelled,No Returns,165.63
5527,1005,P002,C0647,SP01,L02,36,270.76,1863.5904,Promotional,Credit Card,Pending,Partially Returned,123.3
5528,1005,P002,C0987,SP06,L01,13,197.34,2335.998,No Discount,Credit Card,Cancelled,Partially Returned,379.99
5529,1005,P003,C1832,SP03,L02,38,391.46,879.2896000000001,Promotional,Online Payment,Delivered,Partially Returned,320.86
5530,1005,P004,C1219,SP01,L12,12,471.79,5228.7104,Seasonal,Online Payment,Cancelled,Partially Returned,32.19
5531,1005,P004,C0437,SP02,L08,20,474.11,4173.336,No Discount,Cash,Delivered,Partially Returned,258.16
5532,1005,P005,C0411,SP03,L09,39,381.46,1346.8224,Promotional,Cash,Delivered,Partially Returned,377.79
5533,1006,P002,C0869,SP06,L07,10,251.12,3178.686,No Discount,Online Payment,Delivered,Returned,347.81
5534,1006,P004,C1478,SP01,L02,17,254.12,1087.5648,No Discount,Installment,Delivered,Returned,286.62
5535,1006,P005,C1390,SP03,L06,37,60.61,7082.784,No Discount,Credit Card,Delivered,Returned,491.88
5536,1007,P001,C0429,SP06,L10,37,52.74,7130.592,Promotional,Credit Card,Pending,Returned,207.34
5537,1007,P002,C1536,SP03,L11,5,43.8,429.8240000000001,Bulk Purchase,Installment,Delivered,No Returns,144.46
5538,1007,P004,C0220,SP02,L02,37,458.37,3685.9648,Seasonal,Online Payment,Delivered,No Returns,286.24
5539,1007,P006,C0402,SP03,L05,38,67.28,604.2582,Promotional,Credit Card,Delivered,No Returns,68.01
5540,1008,P001,C0717,SP01,L07,32,247.68,1334.004,Seasonal,Installment,Pending,No Returns,22.43
5541,1008,P001,C0297,SP03,L04,44,327.94,713.00736,Seasonal,Cash,Pending,Partially Returned,175.2
5542,1008,P002,C1750,SP04,L06,26,52.17,2297.3568,Promotional,Installment,Pending,No Returns,463.44
5543,1008,P002,C0213,SP06,L03,47,330.1,1784.47536,Seasonal,Cash,Pending,Partially Returned,382.28
5544,1008,P005,C2032,SP01,L06,10,144.11,3816.72,Promotional,Credit Card,Pending,No Returns,232.97
5545,1009,P001,C0412,SP02,L02,22,104.31,956.3232,Bulk Purchase,Credit Card,Delivered,Partially Returned,141.72
5546,1009,P001,C1273,SP03,L04,9,135.84,1340.34048,Bulk Purchase,Installment,Pending,Partially Returned,116.34
5547,1009,P002,C0509,SP06,L07,42,403.94,1370.88,Bulk Purchase,Cash,Delivered,No Returns,170.59
5548,1009,P006,C0020,SP04,L02,46,45.81,3202.113599999999,Seasonal,Credit Card,Cancelled,Returned,408.63
5549,1009,P006,C1334,SP06,L08,22,196.97,1512.972,Bulk Purchase,Cash,Pending,No Returns,354.79
5550,1010,P001,C1487,SP02,L03,21,49.37,2103.6672,No Discount,Installment,Cancelled,Returned,267.76
5551,1010,P001,C0007,SP03,L04,42,218.04,148.8672,Seasonal,Installment,Cancelled,Returned,398.58
5552,1010,P001,C0778,SP05,L05,7,300.11,1664.481,Seasonal,Credit Card,Delivered,Returned,390.69
5553,1010,P003,C0157,SP02,L09,40,249.58,5612.428800000001,Seasonal,Online Payment,Delivered,Returned,277.6
5554,1010,P005,C2097,SP05,L08,29,355.16,774.936,Promotional,Installment,Pending,Partially Returned,189.44
5555,1010,P005,C0319,SP05,L11,33,226.88,3743.104,Bulk Purchase,Online Payment,Delivered,Partially Returned,291.79
5556,1011,P001,C2006,SP01,L12,24,245.32,1362.0672,No Discount,Credit Card,Delivered,Returned,218.99
5557,1011,P001,C1829,SP03,L05,28,186.07,981.89,No Discount,Online Payment,Pending,Partially Returned,280.72
5558,1011,P002,C1443,SP06,L01,3,298.15,914.802,No Discount,Credit Card,Delivered,No Returns,219.75
5559,1011,P004,C0443,SP04,L03,18,346.77,5764.284000000001,Bulk Purchase,Online Payment,Delivered,Partially Returned,244.94
5560,1011,P004,C1097,SP05,L06,27,70.76,3524.5056,Seasonal,Installment,Pending,No Returns,259.79
5561,1011,P006,C0254,SP01,L04,25,66.54,2495.29248,Promotional,Cash,Delivered,No Returns,154.41
5562,1012,P003,C1349,SP02,L06,28,102.11,1492.1088,No Discount,Installment,Delivered,Returned,331.08
5563,1012,P004,C1937,SP04,L10,3,422.58,1871.3408,Seasonal,Installment,Delivered,Returned,291.24
5564,1012,P004,C1828,SP05,L08,21,449.96,8408.52,No Discount,Online Payment,Delivered,No Returns,194.71
5565,1012,P005,C1945,SP04,L10,39,249.96,4946.6592,Bulk Purchase,Cash,Pending,No Returns,366.64
5566,1012,P005,C1034,SP05,L01,38,494.42,969.696,Bulk Purchase,Cash,Cancelled,Returned,463.98
5567,1013,P004,C2124,SP02,L02,21,92.94,1977.9648,Seasonal,Credit Card,Pending,Returned,475.37
5568,1013,P004,C1123,SP06,L05,8,413.49,562.6347999999999,Promotional,Online Payment,Cancelled,Returned,340.64
5569,1013,P006,C1381,SP06,L04,37,31.32,1350.63936,Seasonal,Installment,Delivered,Returned,40.31
5570,1014,P003,C1290,SP02,L12,15,399.59,805.9904,Seasonal,Installment,Pending,Partially Returned,39.26
5571,1014,P003,C0074,SP06,L07,38,129.74,418.0848,Promotional,Installment,Delivered,Returned,422.21
5572,1014,P004,C0254,SP06,L12,34,431.74,1884.1984,Promotional,Installment,Delivered,Returned,47.26
5573,1014,P004,C2105,SP06,L01,36,51.47,1078.812,No Discount,Credit Card,Pending,No Returns,106.48
5574,1014,P006,C0428,SP06,L01,40,266.33,215.376,Bulk Purchase,Credit Card,Delivered,Partially Returned,212.91
5575,1015,P001,C0788,SP03,L01,45,130.13,1189.5072,Promotional,Installment,Pending,Partially Returned,170.96
5576,1015,P002,C0782,SP04,L11,21,36.46,1235.4816,No Discount,Installment,Delivered,Returned,157.9
5577,1015,P005,C2034,SP03,L11,1,196.0,743.472,Seasonal,Credit Card,Cancelled,Partially Returned,331.66
5578,1016,P002,C1867,SP03,L07,38,220.81,1696.741199999999,No Discount,Cash,Pending,Partially Returned,194.31
5579,1016,P004,C0649,SP02,L04,25,324.31,769.824,No Discount,Credit Card,Cancelled,Returned,127.54
5580,1016,P004,C0250,SP03,L03,2,206.66,3769.6104,Seasonal,Online Payment,Pending,No Returns,117.73
5581,1016,P005,C1080,SP02,L07,48,296.29,392.2379999999999,Promotional,Cash,Delivered,Returned,96.86
5582,1016,P006,C0723,SP02,L01,17,259.49,2514.0528,No Discount,Cash,Cancelled,Returned,253.81
5583,1016,P006,C0953,SP04,L11,30,43.49,2495.168,Bulk Purchase,Online Payment,Cancelled,No Returns,199.41
5584,1016,P006,C0912,SP06,L02,5,209.51,1838.3568,Seasonal,Credit Card,Delivered,No Returns,273.15
5585,1017,P001,C0308,SP01,L06,49,356.9,3834.0288,Promotional,Cash,Pending,Returned,21.22
5586,1017,P002,C1074,SP01,L01,2,274.39,349.4623999999999,Bulk Purchase,Installment,Cancelled,Partially Returned,226.92
5587,1017,P002,C1146,SP06,L07,11,140.57,2392.739999999999,Bulk Purchase,Cash,Delivered,Partially Returned,279.4
5588,1017,P004,C1656,SP05,L07,11,292.88,2916.7425,No Discount,Credit Card,Cancelled,Partially Returned,286.66
5589,1018,P001,C0110,SP02,L01,39,366.89,3288.348,No Discount,Credit Card,Pending,Returned,39.06
5590,1018,P001,C1343,SP02,L11,40,28.83,3915.408,Seasonal,Credit Card,Cancelled,No Returns,255.5
5591,1018,P001,C2132,SP06,L03,17,461.03,3093.8274,Seasonal,Credit Card,Cancelled,No Returns,495.09
5592,1018,P002,C0635,SP02,L11,36,299.91,881.0880000000002,Promotional,Credit Card,Delivered,Partially Returned,323.46
5593,1018,P004,C1168,SP06,L05,16,428.57,445.66704,Promotional,Cash,Pending,Returned,90.32
5594,1018,P005,C0046,SP01,L03,28,201.99,1457.6112,Promotional,Credit Card,Pending,Partially Returned,144.63
5595,1018,P005,C0306,SP02,L01,34,218.04,2081.9232,Promotional,Cash,Pending,Partially Returned,494.68
5596,1018,P006,C0664,SP05,L10,18,260.79,3683.232,No Discount,Cash,Cancelled,Partially Returned,263.26
5597,1019,P001,C0413,SP04,L01,16,346.88,537.054,No Discount,Credit Card,Pending,Partially Returned,201.94
5598,1019,P001,C1258,SP04,L01,35,39.36,637.812,Bulk Purchase,Credit Card,Delivered,Returned,52.7
5599,1019,P002,C1044,SP05,L09,43,144.69,3167.239680000001,Promotional,Cash,Cancelled,No Returns,14.64
5600,1019,P003,C0097,SP01,L02,20,479.79,1096.872,No Discount,Credit Card,Pending,No Returns,463.49
5601,1019,P003,C1470,SP01,L07,15,58.35,179.7768,No Discount,Installment,Delivered,Partially Returned,356.68
5602,1019,P003,C1986,SP04,L01,37,209.69,1303.848,No Discount,Cash,Delivered,Partially Returned,248.72
5603,1019,P004,C0937,SP01,L08,46,19.04,5148.5625,Seasonal,Credit Card,Cancelled,No Returns,69.3
5604,1019,P004,C1441,SP05,L07,25,118.97,2434.723199999999,Bulk Purchase,Cash,Pending,Returned,450.74
5605,1020,P002,C0504,SP01,L11,12,263.47,2283.8784,Bulk Purchase,Cash,Cancelled,Returned,238.62
5606,1020,P003,C1534,SP02,L11,39,194.6,939.52,No Discount,Online Payment,Delivered,Returned,373.37
5607,1020,P004,C1160,SP03,L09,29,91.55,2726.24,Bulk Purchase,Online Payment,Cancelled,Returned,369.26
5608,1020,P005,C0774,SP04,L06,22,426.34,1802.6112,Promotional,Installment,Delivered,Partially Returned,269.5
5609,1020,P006,C1522,SP06,L03,6,264.81,1767.64032,Promotional,Cash,Cancelled,Partially Returned,154.19
5610,1021,P002,C2101,SP01,L09,40,487.16,3356.93952,No Discount,Cash,Delivered,No Returns,100.37
5611,1021,P005,C1860,SP05,L07,35,66.48,3678.737999999999,Seasonal,Online Payment,Pending,Partially Returned,44.82
5612,1021,P006,C0955,SP04,L06,16,470.88,5441.644799999999,Promotional,Cash,Pending,Partially Returned,122.68
5613,1021,P006,C1576,SP06,L04,45,479.48,3710.9232,Bulk Purchase,Online Payment,Cancelled,Returned,53.74
5614,1022,P002,C0466,SP04,L06,39,159.57,3766.3104,No Discount,Installment,Delivered,Partially Returned,370.3
5615,1022,P002,C0303,SP06,L09,36,358.69,902.07744,No Discount,Cash,Delivered,Partially Returned,191.98
5616,1022,P002,C1340,SP06,L11,12,249.05,1408.4864,No Discount,Installment,Delivered,Partially Returned,362.15
5617,1022,P005,C0856,SP03,L06,7,98.15,2387.304,Promotional,Credit Card,Cancelled,Returned,354.88
5618,1022,P005,C2144,SP04,L11,34,482.61,2445.12,No Discount,Online Payment,Pending,No Returns,330.42
5619,1022,P006,C2133,SP01,L01,39,464.03,3956.679999999999,Promotional,Online Payment,Pending,Returned,459.95
5620,1023,P003,C1327,SP04,L06,9,369.85,2799.936,Bulk Purchase,Installment,Cancelled,Returned,160.89
5621,1023,P004,C1981,SP03,L09,42,275.08,3498.612480000001,Promotional,Cash,Delivered,Returned,293.14
5622,1023,P005,C2118,SP04,L04,23,286.56,2573.1108,No Discount,Credit Card,Delivered,No Returns,481.94
5623,1023,P006,C0757,SP01,L01,23,302.47,1308.7424,No Discount,Installment,Delivered,Returned,363.77
5624,1024,P001,C1422,SP02,L11,42,102.43,1142.272,Promotional,Installment,Pending,No Returns,245.47
5625,1024,P001,C1549,SP06,L07,27,369.06,461.9328,Seasonal,Installment,Delivered,Partially Returned,181.6
5626,1024,P003,C1969,SP05,L12,4,101.56,431.1743999999999,Seasonal,Cash,Pending,Partially Returned,402.85
5627,1024,P004,C0665,SP02,L05,42,462.0,1437.26128,Bulk Purchase,Installment,Delivered,Returned,389.61
5628,1024,P005,C1161,SP03,L03,4,121.81,1523.04624,Bulk Purchase,Cash,Pending,Returned,267.57
5629,1024,P005,C1431,SP04,L05,49,465.13,2468.5388,Seasonal,Online Payment,Delivered,No Returns,212.56
5630,1025,P001,C0341,SP02,L07,17,404.98,919.7664,No Discount,Installment,Pending,No Returns,23.67
5631,1025,P001,C1824,SP06,L03,34,33.73,451.8633600000001,Promotional,Installment,Delivered,Returned,70.17
5632,1025,P004,C1223,SP03,L08,26,126.76,706.392,Promotional,Installment,Delivered,No Returns,415.94
5633,1025,P004,C1437,SP03,L11,36,380.38,3483.360000000001,Seasonal,Credit Card,Pending,Returned,9.97
5634,1025,P005,C0513,SP05,L09,40,419.63,3866.1568,No Discount,Online Payment,Delivered,Returned,337.58
5635,1025,P005,C0109,SP06,L04,39,52.93,723.49632,Promotional,Installment,Delivered,Partially Returned,138.11
5636,1026,P002,C1948,SP01,L02,38,294.41,3263.68,No Discount,Online Payment,Cancelled,Returned,337.28
5637,1026,P002,C1737,SP02,L07,18,405.38,319.8132,No Discount,Cash,Cancelled,Partially Returned,432.71
5638,1026,P004,C0119,SP01,L04,42,499.16,595.69344,Seasonal,Cash,Cancelled,No Returns,116.76
5639,1026,P005,C0190,SP04,L04,42,353.96,853.0272,No Discount,Cash,Delivered,Returned,195.53
5640,1026,P006,C1790,SP01,L08,17,446.37,2926.296,No Discount,Installment,Cancelled,Returned,489.29
5641,1027,P001,C0293,SP05,L10,39,277.93,3682.4928,Seasonal,Cash,Pending,No Returns,434.91
5642,1027,P002,C0106,SP01,L10,48,115.46,5846.147999999999,Bulk Purchase,Credit Card,Delivered,Returned,137.44
5643,1027,P002,C1735,SP06,L07,17,312.81,629.0424,Seasonal,Installment,Delivered,Partially Returned,407.67
5644,1027,P004,C1866,SP04,L08,18,87.34,7667.820000000001,No Discount,Online Payment,Pending,Returned,346.57
5645,1027,P006,C0186,SP03,L05,8,113.21,1347.44064,Promotional,Installment,Cancelled,Partially Returned,328.61
5646,1028,P002,C1405,SP01,L04,7,147.03,1671.01056,Seasonal,Cash,Pending,Returned,358.5
5647,1028,P003,C0804,SP04,L03,45,79.01,1318.57632,Promotional,Installment,Delivered,No Returns,142.53
5648,1028,P003,C2087,SP04,L07,25,433.94,793.9680000000001,Bulk Purchase,Installment,Cancelled,Returned,373.33
5649,1028,P004,C0801,SP06,L11,49,442.86,1135.6416,Bulk Purchase,Installment,Delivered,No Returns,496.74
5650,1029,P001,C2073,SP01,L09,23,257.9,1037.24544,No Discount,Installment,Delivered,Returned,205.3
5651,1029,P002,C1268,SP01,L02,1,360.26,920.58624,Bulk Purchase,Cash,Delivered,Returned,80.82
5652,1029,P003,C1221,SP03,L11,34,306.01,746.7840000000001,Bulk Purchase,Credit Card,Delivered,Partially Returned,134.58
5653,1029,P005,C2131,SP03,L11,34,362.2,3782.5152,No Discount,Cash,Cancelled,Returned,427.72
5654,1030,P001,C0279,SP06,L09,28,447.02,686.5408000000001,No Discount,Online Payment,Cancelled,No Returns,279.71
5655,1030,P004,C0982,SP02,L03,18,469.58,2513.48832,Bulk Purchase,Installment,Cancelled,Partially Returned,390.55
5656,1031,P001,C1457,SP04,L05,13,407.44,456.65256,Seasonal,Cash,Pending,Returned,196.47
5657,1031,P003,C1837,SP06,L10,14,378.31,597.7439999999999,Seasonal,Credit Card,Delivered,Returned,125.16
5658,1031,P004,C2098,SP05,L03,20,469.5,1892.0304,No Discount,Installment,Delivered,No Returns,70.31
5659,1031,P006,C0167,SP02,L02,10,366.04,1626.72384,Seasonal,Cash,Delivered,Partially Returned,403.41
5660,1031,P006,C1547,SP06,L03,41,498.94,1049.1768,Promotional,Credit Card,Delivered,No Returns,496.85
5661,1032,P001,C1339,SP01,L12,30,398.62,1470.98688,Seasonal,Cash,Pending,Partially Returned,192.14
5662,1032,P001,C1603,SP02,L06,21,484.94,1329.5232,No Discount,Cash,Cancelled,Partially Returned,470.27
5663,1032,P002,C1226,SP04,L10,38,469.82,5902.959999999999,Bulk Purchase,Online Payment,Pending,No Returns,236.94
5664,1032,P003,C1081,SP03,L07,8,52.27,2675.4525,No Discount,Credit Card,Pending,No Returns,161.81
5665,1032,P005,C1558,SP06,L09,10,378.94,806.5200000000001,No Discount,Credit Card,Delivered,No Returns,326.41
5666,1032,P006,C1222,SP05,L04,36,215.48,3708.504,Bulk Purchase,Online Payment,Pending,No Returns,379.61
5667,1033,P001,C1574,SP04,L08,14,384.11,4832.19,Bulk Purchase,Cash,Cancelled,No Returns,486.09
5668,1033,P004,C1797,SP03,L10,37,62.29,5871.487999999999,Bulk Purchase,Online Payment,Delivered,Partially Returned,167.25
5669,1033,P005,C0099,SP01,L02,38,74.02,1006.5888,Bulk Purchase,Credit Card,Pending,No Returns,54.89
5670,1033,P005,C0387,SP01,L06,40,171.8,3325.824,No Discount,Cash,Pending,Returned,131.72
5671,1033,P006,C1074,SP01,L10,37,180.53,2403.2736,Bulk Purchase,Cash,Cancelled,Partially Returned,44.76
5672,1033,P006,C0609,SP06,L04,18,447.49,1340.99712,Seasonal,Installment,Pending,No Returns,303.19
5673,1034,P002,C0527,SP02,L05,49,320.2,237.42992,No Discount,Installment,Delivered,Returned,128.0
5674,1034,P003,C0934,SP01,L06,7,412.33,1495.7568,Promotional,Cash,Delivered,Returned,287.3
5675,1034,P003,C0431,SP02,L12,40,61.95,146.14016,Promotional,Installment,Pending,Partially Returned,309.22
5676,1034,P003,C2092,SP02,L11,17,427.01,1928.544,Seasonal,Credit Card,Pending,Partially Returned,225.62
5677,1034,P003,C2004,SP06,L07,3,172.17,1994.6808,Bulk Purchase,Cash,Cancelled,Returned,419.97
5678,1034,P005,C1392,SP01,L10,33,134.48,306.7904,Promotional,Installment,Delivered,No Returns,45.26
5679,1034,P005,C1021,SP03,L09,23,285.52,234.12224,Promotional,Installment,Pending,Partially Returned,25.49
5680,1034,P005,C1642,SP06,L10,20,158.65,3038.7,Promotional,Credit Card,Pending,No Returns,35.46
5681,1035,P001,C0891,SP02,L08,45,423.74,719.46,No Discount,Online Payment,Delivered,Returned,260.54
5682,1035,P001,C0756,SP03,L08,25,166.44,1825.848,No Discount,Cash,Cancelled,Returned,34.1
5683,1035,P002,C1912,SP03,L06,14,218.41,3666.456,Seasonal,Credit Card,Pending,Partially Returned,270.59
5684,1035,P002,C1221,SP04,L08,24,153.28,710.8425,Bulk Purchase,Credit Card,Pending,Partially Returned,296.93
5685,1035,P003,C1683,SP01,L09,22,291.37,818.1184000000001,Promotional,Online Payment,Pending,Partially Returned,344.88
5686,1035,P003,C1297,SP01,L09,38,390.38,5628.48,Promotional,Online Payment,Pending,Partially Returned,406.2
5687,1035,P003,C0719,SP01,L07,45,366.36,2142.8316,No Discount,Cash,Pending,Partially Returned,70.66
5688,1035,P003,C0615,SP04,L12,25,300.81,2358.20736,Bulk Purchase,Cash,Cancelled,Returned,291.95
5689,1035,P004,C0008,SP03,L02,12,252.35,2339.39328,Bulk Purchase,Cash,Cancelled,Returned,193.03
5690,1035,P006,C1781,SP01,L10,21,157.62,5057.7408,Seasonal,Cash,Cancelled,No Returns,252.72
5691,1035,P006,C0214,SP02,L03,20,442.45,2623.4928,Bulk Purchase,Online Payment,Cancelled,Partially Returned,159.51
5692,1035,P006,C1419,SP03,L02,42,408.32,4144.403200000001,Bulk Purchase,Online Payment,Delivered,Returned,447.74
5693,1036,P001,C1530,SP06,L02,2,165.86,3780.1792,No Discount,Online Payment,Pending,Partially Returned,257.82
5694,1036,P004,C0004,SP04,L07,33,236.27,1250.4912,Seasonal,Installment,Cancelled,Returned,115.41
5695,1036,P005,C1211,SP01,L06,33,188.44,3402.144,Seasonal,Credit Card,Pending,Returned,115.73
5696,1036,P005,C1690,SP04,L12,26,475.84,2544.51648,No Discount,Cash,Pending,Returned,436.88
5697,1037,P001,C1094,SP03,L01,39,452.24,530.264,No Discount,Online Payment,Pending,Partially Returned,128.72
5698,1037,P001,C1671,SP03,L01,47,406.58,1843.464,Seasonal,Cash,Cancelled,Returned,327.43
5699,1037,P002,C0368,SP03,L03,31,182.31,964.89792,Bulk Purchase,Installment,Delivered,Returned,233.06
5700,1037,P003,C0401,SP03,L06,33,325.3,9127.584,Bulk Purchase,Online Payment,Cancelled,No Returns,434.29
5701,1037,P004,C1213,SP02,L08,7,276.06,4746.33,Bulk Purchase,Cash,Cancelled,Returned,410.28
5702,1037,P004,C1738,SP04,L10,49,433.57,4222.344,Promotional,Credit Card,Cancelled,Returned,203.69
5703,1037,P005,C0578,SP06,L08,21,371.7,3476.9925,No Discount,Credit Card,Delivered,Partially Returned,0.73
5704,1037,P006,C0471,SP01,L01,19,199.63,2534.448,Promotional,Credit Card,Pending,Returned,460.25
5705,1038,P002,C0356,SP02,L07,24,46.04,574.182,Seasonal,Credit Card,Pending,No Returns,111.86
5706,1038,P004,C1688,SP06,L08,36,32.4,1794.4875,Bulk Purchase,Credit Card,Cancelled,Partially Returned,0.25
5707,1038,P005,C0260,SP05,L05,31,483.34,1224.91824,No Discount,Installment,Cancelled,No Returns,484.73
5708,1039,P001,C0011,SP06,L10,6,365.69,2976.691199999999,Seasonal,Cash,Cancelled,Returned,287.73
5709,1039,P003,C0831,SP02,L12,48,20.8,1799.83488,No Discount,Cash,Pending,Partially Returned,95.0
5710,1040,P001,C1468,SP01,L01,47,495.09,3328.709999999999,No Discount,Credit Card,Cancelled,Partially Returned,436.67
5711,1040,P005,C1744,SP06,L06,16,414.92,972.648,Bulk Purchase,Credit Card,Cancelled,No Returns,278.84
5712,1040,P006,C1202,SP01,L09,26,29.59,1697.784000000001,Promotional,Credit Card,Pending,No Returns,166.6
5713,1040,P006,C0402,SP02,L08,15,383.52,2842.83,Bulk Purchase,Credit Card,Pending,Returned,227.7
5714,1041,P002,C1235,SP03,L10,24,83.82,6126.4,Bulk Purchase,Online Payment,Cancelled,Returned,204.69
5715,1041,P003,C1277,SP03,L11,3,108.71,3083.6736,Bulk Purchase,Cash,Delivered,Returned,233.13
5716,1041,P006,C1733,SP04,L11,33,412.39,1910.016,Bulk Purchase,Cash,Delivered,No Returns,311.93
5717,1041,P006,C0149,SP06,L10,16,55.29,1525.888,Seasonal,Installment,Cancelled,No Returns,419.28
5718,1042,P002,C0878,SP01,L01,5,74.12,2094.904,Seasonal,Online Payment,Pending,Returned,93.62
5719,1042,P002,C0614,SP02,L12,46,479.19,248.3904,Bulk Purchase,Cash,Delivered,Returned,460.22
5720,1042,P003,C0136,SP03,L05,9,454.38,1917.2972,Bulk Purchase,Online Payment,Delivered,Partially Returned,212.22
5721,1042,P004,C2008,SP01,L08,32,253.37,1395.1575,Promotional,Credit Card,Cancelled,Partially Returned,298.65
5722,1043,P002,C1948,SP02,L12,18,111.24,4249.5104,No Discount,Online Payment,Delivered,Partially Returned,402.44
5723,1043,P002,C1151,SP02,L08,15,71.6,1741.635,Bulk Purchase,Credit Card,Cancelled,No Returns,404.08
5724,1043,P003,C0872,SP04,L09,7,223.12,444.33664,Promotional,Installment,Delivered,Partially Returned,38.66
5725,1043,P004,C0520,SP03,L10,13,282.38,893.2559999999999,Bulk Purchase,Credit Card,Pending,Partially Returned,236.96
5726,1043,P005,C1180,SP03,L02,46,77.52,1489.3312,Seasonal,Installment,Pending,No Returns,290.01
5727,1043,P006,C0710,SP03,L04,33,61.89,1292.0472,Bulk Purchase,Credit Card,Pending,Partially Returned,151.73
5728,1044,P002,C1735,SP05,L12,7,323.43,1846.064,Seasonal,Online Payment,Cancelled,Partially Returned,22.19
5729,1044,P003,C1067,SP03,L04,9,102.19,848.4264000000001,Promotional,Credit Card,Cancelled,Returned,10.49
5730,1044,P005,C1887,SP02,L05,6,279.19,908.8352,Seasonal,Online Payment,Cancelled,Returned,171.23
5731,1044,P005,C2093,SP03,L04,12,197.7,1441.74816,Promotional,Cash,Delivered,No Returns,172.28
5732,1044,P005,C1584,SP04,L05,44,200.93,449.4235200000001,Promotional,Installment,Delivered,No Returns,2.92
5733,1044,P006,C0873,SP03,L07,48,445.22,1658.2356,No Discount,Cash,Cancelled,Returned,246.26
5734,1045,P004,C0602,SP03,L06,2,211.67,2389.4784,Promotional,Cash,Cancelled,Returned,345.46
5735,1045,P004,C0494,SP05,L11,33,466.92,3575.04,Seasonal,Online Payment,Delivered,Partially Returned,86.43
5736,1045,P005,C0839,SP03,L09,8,332.5,1620.97408,Bulk Purchase,Installment,Cancelled,Returned,259.2
5737,1046,P002,C2127,SP02,L05,17,158.87,1173.94368,Promotional,Cash,Pending,No Returns,213.23
5738,1046,P003,C0269,SP02,L10,12,107.07,8353.184,Promotional,Online Payment,Pending,No Returns,441.87
5739,1046,P003,C1930,SP03,L01,42,56.04,618.912,Seasonal,Installment,Cancelled,Returned,117.45
5740,1046,P003,C0495,SP05,L03,22,134.67,4796.301600000001,Seasonal,Online Payment,Pending,Partially Returned,200.91
5741,1046,P004,C1187,SP04,L06,21,460.61,3804.1728,Promotional,Installment,Cancelled,No Returns,427.74
5742,1046,P006,C2067,SP04,L04,1,303.14,2442.744,Bulk Purchase,Online Payment,Cancelled,Returned,189.99
5743,1046,P006,C0240,SP04,L10,42,235.61,2930.256,Seasonal,Credit Card,Pending,Partially Returned,262.79
5744,1047,P005,C0100,SP01,L12,38,234.43,1523.5536,Promotional,Credit Card,Cancelled,Partially Returned,384.55
5745,1047,P006,C2094,SP06,L04,25,100.12,526.81536,Seasonal,Installment,Delivered,No Returns,131.62
5746,1048,P001,C2015,SP03,L05,33,308.77,3441.5108,Promotional,Online Payment,Delivered,Returned,151.45
5747,1048,P001,C1429,SP03,L11,30,371.79,6140.48,Seasonal,Online Payment,Cancelled,Returned,234.34
5748,1048,P003,C1243,SP03,L09,44,82.9,2537.94816,Promotional,Cash,Cancelled,Returned,143.11
5749,1048,P003,C1171,SP05,L09,4,219.54,5124.134400000001,Promotional,Credit Card,Cancelled,No Returns,497.45
5750,1048,P005,C0643,SP01,L08,46,49.3,543.456,Promotional,Installment,Cancelled,Returned,4.53
5751,1048,P005,C0014,SP05,L08,34,378.27,7881.03,Seasonal,Online Payment,Pending,Partially Returned,379.21
5752,1048,P006,C0717,SP02,L10,24,311.5,3613.4112,Seasonal,Cash,Cancelled,Partially Returned,488.16
5753,1048,P006,C1982,SP04,L03,24,437.22,775.8018,Promotional,Credit Card,Delivered,Returned,145.33
5754,1049,P003,C2020,SP06,L02,24,167.93,757.6128,Seasonal,Online Payment,Cancelled,Returned,257.47
5755,1049,P004,C1650,SP03,L03,32,173.76,4108.158,Promotional,Credit Card,Delivered,Partially Returned,471.3
5756,1049,P005,C1729,SP02,L07,7,291.76,747.5832,Promotional,Installment,Delivered,No Returns,188.93
5757,1049,P005,C0424,SP03,L08,22,194.75,2569.428,Seasonal,Cash,Pending,Partially Returned,207.23
5758,1049,P006,C0742,SP03,L11,19,326.12,6131.712,Seasonal,Online Payment,Cancelled,Partially Returned,50.15
5759,1049,P006,C1895,SP06,L01,4,239.97,793.0271999999999,Promotional,Installment,Delivered,No Returns,251.47
5760,1050,P001,C2043,SP04,L12,15,487.89,4760.7072,Promotional,Online Payment,Pending,Returned,142.3
5761,1050,P002,C0719,SP02,L12,12,447.25,1217.9072,No Discount,Installment,Cancelled,Returned,126.77
5762,1050,P002,C0293,SP04,L06,19,189.33,1210.464,No Discount,Online Payment,Pending,Returned,139.85
5763,1050,P002,C1050,SP06,L03,8,236.27,3600.599040000001,Promotional,Cash,Delivered,Returned,412.05
5764,1050,P003,C1993,SP01,L08,22,487.35,1935.522,Seasonal,Cash,Cancelled,Partially Returned,24.68
5765,1050,P003,C2147,SP06,L06,29,359.6,1733.256,Seasonal,Credit Card,Pending,No Returns,183.2
5766,1050,P005,C1631,SP06,L06,7,112.82,7149.528,No Discount,Credit Card,Delivered,Returned,328.93
5767,1051,P003,C1808,SP01,L02,43,449.32,350.3001600000001,Seasonal,Installment,Delivered,Returned,410.14
5768,1051,P003,C0469,SP04,L03,45,369.44,2965.61088,Promotional,Cash,Pending,Returned,290.06
5769,1051,P004,C0381,SP02,L03,12,158.91,5705.380800000001,Bulk Purchase,Online Payment,Cancelled,Returned,382.26
5770,1051,P005,C0844,SP04,L03,10,270.38,941.05152,Promotional,Cash,Pending,No Returns,89.15
5771,1051,P006,C1548,SP02,L01,41,32.68,2083.6928,Seasonal,Installment,Cancelled,Partially Returned,312.42
5772,1052,P002,C1557,SP03,L04,11,495.22,169.46496,Promotional,Installment,Pending,Returned,212.94
5773,1052,P003,C2135,SP06,L03,38,349.7,6158.4624,No Discount,Online Payment,Cancelled,Returned,427.44
5774,1052,P005,C1744,SP05,L09,3,170.36,2435.50208,Seasonal,Installment,Cancelled,Returned,59.27
5775,1052,P006,C2014,SP01,L03,33,323.32,6189.631200000001,Seasonal,Online Payment,Cancelled,Returned,175.66
5776,1052,P006,C1988,SP03,L05,20,257.92,2201.1808,Promotional,Online Payment,Cancelled,No Returns,8.36
5777,1052,P006,C1370,SP06,L10,9,201.31,1982.064,Seasonal,Credit Card,Pending,Returned,203.13
5778,1053,P001,C0505,SP05,L03,16,56.44,1197.99648,Seasonal,Installment,Pending,Partially Returned,155.94
5779,1053,P003,C1924,SP06,L08,38,77.44,1026.432,No Discount,Cash,Cancelled,No Returns,89.01
5780,1053,P004,C0328,SP03,L01,33,253.78,3736.194,Promotional,Credit Card,Pending,No Returns,83.69
5781,1053,P004,C0233,SP04,L05,15,88.06,1958.26176,Promotional,Cash,Delivered,Returned,283.59
5782,1053,P004,C2056,SP05,L08,34,226.86,2652.48,Promotional,Installment,Pending,Partially Returned,408.61
5783,1053,P005,C1345,SP01,L08,8,59.14,2948.04,Promotional,Installment,Pending,Partially Returned,187.85
5784,1053,P006,C0414,SP02,L08,31,79.17,3857.598,No Discount,Cash,Cancelled,Partially Returned,368.38
5785,1053,P006,C0760,SP04,L10,30,129.53,1839.5776,Seasonal,Installment,Cancelled,Returned,470.8
5786,1054,P001,C1899,SP01,L12,18,496.14,3311.2736,Promotional,Online Payment,Delivered,No Returns,234.28
5787,1054,P001,C0929,SP04,L10,30,409.62,7177.407999999999,No Discount,Online Payment,Delivered,Returned,216.58
5788,1054,P002,C0038,SP03,L02,36,56.84,1254.59712,Seasonal,Installment,Pending,Returned,166.08
5789,1054,P003,C2124,SP01,L06,41,485.38,2887.1424,Seasonal,Installment,Delivered,No Returns,481.28
5790,1055,P002,C0910,SP01,L06,42,52.99,5667.3216,Seasonal,Cash,Pending,Partially Returned,431.5
5791,1055,P003,C0399,SP01,L10,5,412.25,1793.232,Promotional,Credit Card,Pending,Returned,142.07
5792,1055,P004,C1847,SP04,L02,5,106.43,801.0060800000001,Bulk Purchase,Installment,Pending,No Returns,280.68
5793,1055,P004,C1176,SP05,L01,40,276.68,1567.7088,No Discount,Cash,Pending,Returned,249.73
5794,1055,P005,C1258,SP01,L06,6,376.59,3215.424,Promotional,Online Payment,Cancelled,Returned,91.99
5795,1055,P005,C2106,SP02,L06,17,252.36,1420.992,Promotional,Cash,Pending,Returned,323.8
5796,1055,P006,C1264,SP03,L05,36,67.04,2125.1776,Seasonal,Online Payment,Cancelled,Partially Returned,291.36
5797,1055,P006,C1957,SP06,L05,35,292.49,1906.34808,No Discount,Cash,Pending,Returned,155.38
5798,1056,P003,C0858,SP02,L09,38,71.26,3688.01664,No Discount,Cash,Cancelled,No Returns,21.78
5799,1056,P004,C0159,SP06,L09,49,206.65,1181.4,Promotional,Credit Card,Delivered,Returned,327.38
5800,1056,P005,C0904,SP01,L12,21,280.97,2128.38912,Bulk Purchase,Cash,Pending,Returned,370.71
5801,1056,P005,C1077,SP04,L09,19,471.56,405.3068800000001,Seasonal,Installment,Delivered,Partially Returned,369.71
5802,1056,P006,C0355,SP04,L04,28,255.99,894.70656,Seasonal,Cash,Cancelled,Partially Returned,464.23
5803,1056,P006,C1469,SP04,L03,44,337.31,1107.84672,Bulk Purchase,Installment,Cancelled,Partially Returned,279.33
5804,1057,P001,C1218,SP04,L10,4,175.88,5684.111999999999,No Discount,Online Payment,Delivered,Partially Returned,224.51
5805,1057,P004,C2089,SP03,L07,33,438.1,456.3972000000001,Promotional,Cash,Cancelled,Returned,206.43
5806,1057,P005,C0088,SP01,L01,33,230.18,4833.92,No Discount,Online Payment,Pending,No Returns,357.98
5807,1057,P006,C1064,SP04,L02,48,174.69,1838.2336,Promotional,Online Payment,Pending,No Returns,174.93
5808,1057,P006,C2139,SP05,L06,36,47.11,2777.8176,Seasonal,Cash,Cancelled,Returned,400.17
5809,1058,P002,C1881,SP03,L07,34,135.75,1361.3985,Promotional,Credit Card,Cancelled,Returned,439.65
5810,1058,P004,C0476,SP01,L12,32,424.09,704.6758400000001,Promotional,Installment,Delivered,Partially Returned,334.48
5811,1058,P004,C1564,SP04,L11,47,400.57,2691.84,Promotional,Credit Card,Cancelled,Returned,145.25
5812,1058,P004,C1542,SP05,L08,45,23.57,265.968,Promotional,Installment,Delivered,No Returns,214.67
5813,1058,P004,C0376,SP06,L05,15,374.9,2794.2824,Bulk Purchase,Online Payment,Delivered,No Returns,351.62
5814,1058,P006,C1132,SP05,L12,34,449.77,2668.22208,Bulk Purchase,Cash,Cancelled,No Returns,490.41
5815,1059,P002,C0768,SP03,L05,39,196.87,1216.35696,Bulk Purchase,Installment,Cancelled,Partially Returned,409.05
5816,1059,P002,C1333,SP06,L05,20,480.5,1981.80528,Bulk Purchase,Cash,Delivered,Returned,248.1
5817,1059,P003,C0134,SP01,L10,47,292.88,3742.451999999999,Promotional,Credit Card,Pending,Returned,223.32
5818,1059,P003,C0265,SP02,L07,10,180.81,2294.5545,Bulk Purchase,Credit Card,Cancelled,Returned,173.64
5819,1059,P003,C0169,SP02,L06,7,348.52,3698.568,No Discount,Credit Card,Delivered,No Returns,195.85
5820,1059,P003,C0461,SP04,L04,47,75.17,737.7177600000001,Bulk Purchase,Installment,Cancelled,Returned,182.1
5821,1059,P003,C0764,SP05,L07,28,190.31,2084.964,Seasonal,Online Payment,Cancelled,Returned,172.72
5822,1059,P005,C1706,SP01,L01,10,282.19,1904.49,No Discount,Credit Card,Pending,Returned,24.63
5823,1059,P005,C1585,SP04,L05,8,401.87,3064.516,Bulk Purchase,Online Payment,Pending,Partially Returned,498.41
5824,1060,P001,C1353,SP06,L05,9,190.22,993.1376,Seasonal,Installment,Delivered,No Returns,438.6
5825,1060,P006,C1300,SP01,L08,46,113.18,3683.79,Seasonal,Online Payment,Delivered,Returned,360.47
5826,1061,P002,C0541,SP05,L08,6,32.28,575.8919999999999,Bulk Purchase,Installment,Delivered,Partially Returned,298.57
5827,1061,P005,C0983,SP02,L08,37,278.15,1634.688,No Discount,Cash,Pending,Partially Returned,193.24
5828,1061,P006,C0346,SP01,L09,25,468.54,1971.42528,Bulk Purchase,Cash,Pending,No Returns,205.16
5829,1062,P001,C2126,SP03,L12,35,97.28,1609.38048,No Discount,Cash,Cancelled,Partially Returned,80.92
5830,1062,P003,C0033,SP03,L01,27,293.46,3584.154,Bulk Purchase,Credit Card,Delivered,Partially Returned,474.58
5831,1062,P004,C1881,SP01,L10,41,329.51,2220.3328,Seasonal,Installment,Pending,No Returns,414.33
5832,1062,P005,C2091,SP05,L08,16,335.92,1407.726,No Discount,Cash,Pending,No Returns,345.12
5833,1062,P005,C0233,SP05,L04,34,352.89,933.69024,No Discount,Installment,Pending,Partially Returned,344.8
5834,1063,P001,C0906,SP01,L11,32,234.63,1245.696,Seasonal,Cash,Pending,Returned,164.56
5835,1063,P002,C0435,SP02,L03,40,297.81,1290.19392,Seasonal,Installment,Cancelled,Returned,116.79
5836,1063,P002,C1797,SP03,L02,7,35.52,558.49472,No Discount,Installment,Cancelled,Partially Returned,469.43
5837,1063,P002,C1225,SP04,L04,8,89.93,545.9399999999999,Bulk Purchase,Credit Card,Pending,No Returns,33.59
5838,1063,P002,C1334,SP05,L02,2,12.44,1828.4448,Promotional,Credit Card,Delivered,Partially Returned,481.13
5839,1063,P003,C0479,SP01,L01,15,49.89,474.3424,Seasonal,Installment,Pending,No Returns,476.41
5840,1063,P004,C0738,SP05,L11,26,152.52,2434.7904,No Discount,Installment,Pending,No Returns,452.84
5841,1063,P005,C0092,SP04,L06,46,440.14,5569.632,No Discount,Cash,Delivered,No Returns,144.85
5842,1064,P003,C1468,SP03,L12,23,283.37,576.61824,Seasonal,Cash,Delivered,No Returns,297.47
5843,1064,P003,C1452,SP06,L04,6,280.5,419.8176,No Discount,Online Payment,Delivered,Partially Returned,460.13
5844,1064,P004,C1617,SP03,L03,29,373.89,477.0576000000001,Seasonal,Installment,Cancelled,No Returns,420.59
5845,1064,P006,C0559,SP02,L12,12,21.02,1758.8472,Bulk Purchase,Credit Card,Pending,Returned,423.22
5846,1064,P006,C0438,SP03,L05,17,310.38,3248.7,Seasonal,Online Payment,Delivered,Partially Returned,408.28
5847,1065,P001,C1193,SP06,L05,28,93.1,134.35968,Promotional,Cash,Cancelled,Returned,60.21
5848,1065,P002,C0138,SP04,L08,47,406.5,3069.18,Seasonal,Installment,Cancelled,No Returns,312.51
5849,1065,P003,C0086,SP02,L10,46,131.39,6277.908,Bulk Purchase,Credit Card,Pending,Returned,281.8
5850,1065,P003,C1224,SP04,L02,20,408.44,2499.7392,No Discount,Credit Card,Delivered,No Returns,465.77
5851,1065,P003,C0250,SP05,L10,40,189.89,4295.1552,Bulk Purchase,Installment,Delivered,No Returns,317.82
5852,1065,P003,C0286,SP06,L02,4,289.36,583.94112,Bulk Purchase,Cash,Pending,Partially Returned,184.57
5853,1065,P006,C0622,SP01,L04,34,184.18,359.7372000000001,No Discount,Credit Card,Delivered,Partially Returned,475.94
5854,1065,P006,C2107,SP05,L03,16,492.36,1009.86912,Bulk Purchase,Installment,Cancelled,Partially Returned,299.58
5855,1066,P001,C1854,SP06,L01,21,479.36,1839.8352,Promotional,Cash,Pending,No Returns,284.95
5856,1066,P002,C0024,SP01,L05,11,150.69,2221.0461,Bulk Purchase,Credit Card,Cancelled,No Returns,114.82
5857,1066,P004,C1985,SP02,L09,4,60.96,2536.849920000001,No Discount,Installment,Delivered,Partially Returned,366.1
5858,1067,P002,C0553,SP05,L02,37,243.59,851.16416,Promotional,Installment,Pending,Returned,145.99
5859,1067,P003,C0851,SP04,L09,11,89.27,2748.500480000001,Seasonal,Installment,Pending,No Returns,324.91
5860,1067,P004,C0478,SP04,L06,31,277.99,496.944,Bulk Purchase,Credit Card,Cancelled,Partially Returned,214.48
5861,1067,P004,C1612,SP05,L09,6,387.74,2326.53696,Seasonal,Cash,Cancelled,No Returns,206.21
5862,1067,P005,C2147,SP03,L05,6,215.34,1423.6677,No Discount,Credit Card,Pending,Returned,84.57
5863,1067,P005,C1204,SP04,L06,27,251.69,6136.608,No Discount,Online Payment,Pending,No Returns,43.49
5864,1068,P002,C0765,SP03,L07,33,227.59,2310.021,No Discount,Credit Card,Cancelled,Returned,232.67
5865,1068,P002,C1117,SP05,L06,37,169.99,4144.8,Promotional,Online Payment,Pending,Partially Returned,340.12
5866,1068,P004,C1284,SP05,L01,24,453.99,463.3104,Promotional,Cash,Cancelled,No Returns,16.92
5867,1068,P006,C0675,SP01,L08,39,405.75,1371.114,Bulk Purchase,Cash,Pending,Returned,213.76
5868,1069,P003,C1352,SP03,L01,41,75.01,1307.8912,No Discount,Installment,Pending,No Returns,491.56
5869,1069,P003,C1458,SP04,L02,13,484.95,513.9455999999999,Promotional,Cash,Delivered,Partially Returned,422.8
5870,1069,P005,C0054,SP02,L06,40,31.36,5673.959999999999,No Discount,Credit Card,Pending,Returned,304.81
5871,1070,P002,C0657,SP03,L03,3,429.72,2800.44864,Seasonal,Cash,Cancelled,Returned,418.91
5872,1070,P002,C1553,SP04,L09,44,480.29,2928.45696,Seasonal,Cash,Pending,Returned,105.93
5873,1070,P002,C1122,SP06,L01,49,438.06,363.216,Promotional,Installment,Cancelled,Returned,54.19
5874,1070,P003,C0359,SP01,L08,34,457.73,430.5825,Bulk Purchase,Credit Card,Delivered,No Returns,304.68
5875,1070,P004,C0812,SP02,L02,26,402.18,1534.81216,No Discount,Installment,Pending,No Returns,225.44
5876,1070,P005,C1709,SP06,L08,15,11.07,895.2659999999998,Bulk Purchase,Cash,Pending,No Returns,271.85
5877,1070,P006,C2024,SP02,L12,32,319.84,429.7817600000001,No Discount,Installment,Delivered,No Returns,48.2
5878,1070,P006,C1912,SP03,L01,10,139.59,444.9983999999999,No Discount,Cash,Pending,No Returns,119.94
5879,1071,P002,C0783,SP04,L09,39,429.97,576.6323200000002,Bulk Purchase,Installment,Delivered,No Returns,491.04
5880,1071,P003,C0946,SP02,L05,29,427.89,2340.8112,Bulk Purchase,Credit Card,Delivered,Returned,133.16
5881,1071,P003,C0642,SP04,L05,14,455.88,998.5248,Bulk Purchase,Installment,Cancelled,Returned,241.55
5882,1071,P004,C0070,SP01,L09,23,363.39,1765.9136,No Discount,Installment,Pending,Returned,163.78
5883,1071,P005,C0943,SP06,L10,48,319.66,5097.792,Bulk Purchase,Cash,Cancelled,Returned,120.49
5884,1071,P006,C1159,SP03,L01,34,103.47,1205.5008,Bulk Purchase,Installment,Delivered,Returned,371.85
5885,1071,P006,C0637,SP05,L10,35,35.8,3275.664,No Discount,Online Payment,Delivered,No Returns,32.62
5886,1071,P006,C0317,SP06,L08,35,132.98,3626.73,Bulk Purchase,Online Payment,Cancelled,Partially Returned,96.07
5887,1072,P002,C1910,SP06,L03,18,206.19,2618.06256,No Discount,Cash,Pending,Partially Returned,21.44
5888,1072,P003,C1178,SP05,L07,24,232.75,1323.5544,Seasonal,Cash,Cancelled,Partially Returned,172.98
5889,1072,P005,C1364,SP03,L08,12,107.22,1074.978,Promotional,Cash,Pending,Partially Returned,227.25
5890,1072,P006,C1878,SP02,L04,35,122.22,1273.42368,Promotional,Cash,Cancelled,Partially Returned,108.77
5891,1072,P006,C1740,SP03,L08,5,109.61,2680.074,Seasonal,Cash,Delivered,Partially Returned,450.44
5892,1073,P002,C0729,SP05,L10,47,333.28,634.9279999999999,No Discount,Online Payment,Cancelled,No Returns,173.25
5893,1073,P004,C0565,SP04,L01,33,146.31,719.0399999999998,Seasonal,Credit Card,Cancelled,No Returns,79.95
5894,1074,P002,C2011,SP01,L08,23,160.23,2064.15,Seasonal,Online Payment,Delivered,No Returns,349.8
5895,1074,P002,C1352,SP02,L11,26,430.03,2849.28,Bulk Purchase,Cash,Cancelled,Partially Returned,315.62
5896,1074,P002,C1917,SP04,L12,44,249.83,347.64864,No Discount,Cash,Delivered,Partially Returned,398.9
5897,1074,P003,C0372,SP04,L04,26,444.52,2856.384,Seasonal,Credit Card,Cancelled,Partially Returned,80.27
5898,1074,P003,C1853,SP04,L10,14,233.47,9741.984,Seasonal,Online Payment,Delivered,Partially Returned,423.71
5899,1074,P004,C1724,SP02,L08,33,108.38,1148.22,Promotional,Online Payment,Pending,No Returns,376.02
5900,1074,P004,C1542,SP03,L10,40,72.9,1962.6432,Promotional,Cash,Cancelled,No Returns,166.34
5901,1074,P005,C1448,SP05,L07,25,387.12,1298.052,Promotional,Installment,Delivered,No Returns,492.18
5902,1074,P006,C1930,SP01,L07,44,287.16,503.0592,Seasonal,Installment,Delivered,Partially Returned,12.63
5903,1074,P006,C0871,SP05,L12,8,480.76,1044.74112,Seasonal,Installment,Pending,No Returns,370.88
5904,1074,P006,C0400,SP06,L08,45,362.41,1893.0375,Promotional,Credit Card,Cancelled,Partially Returned,396.97
5905,1075,P002,C0796,SP05,L09,28,191.28,971.6608000000002,Seasonal,Installment,Pending,Returned,97.48
5906,1075,P006,C1870,SP03,L09,49,222.75,3800.248320000001,Promotional,Cash,Pending,Partially Returned,207.86
5907,1076,P003,C1991,SP01,L05,21,275.02,520.24336,Bulk Purchase,Installment,Delivered,Partially Returned,210.89
5908,1076,P003,C1627,SP02,L11,12,190.33,3276.288,No Discount,Credit Card,Delivered,Returned,70.61
5909,1076,P004,C2097,SP02,L03,28,476.57,617.4921599999999,Bulk Purchase,Cash,Delivered,No Returns,259.38
5910,1077,P001,C1166,SP01,L08,32,346.92,3792.204,Seasonal,Cash,Delivered,Partially Returned,1.62
5911,1077,P003,C2009,SP01,L12,4,394.64,802.03008,Seasonal,Cash,Pending,Partially Returned,475.7
5912,1077,P004,C0058,SP01,L09,32,372.0,4017.3408,Seasonal,Credit Card,Delivered,Returned,254.64
5913,1077,P005,C0685,SP05,L01,31,190.97,2803.3152,No Discount,Cash,Cancelled,Returned,470.47
5914,1078,P001,C2102,SP02,L02,32,130.54,2792.8992,Promotional,Credit Card,Pending,No Returns,421.85
5915,1078,P001,C0915,SP04,L12,10,163.77,2160.8904,Promotional,Credit Card,Cancelled,No Returns,467.15
5916,1078,P002,C0538,SP06,L07,31,353.11,1572.3456,Bulk Purchase,Installment,Delivered,Partially Returned,347.65
5917,1078,P003,C0932,SP03,L03,35,386.86,324.33696,Bulk Purchase,Cash,Delivered,Partially Returned,289.77
5918,1078,P003,C1518,SP05,L03,10,139.2,5674.6656,No Discount,Online Payment,Pending,Partially Returned,315.79
5919,1078,P006,C1142,SP04,L12,20,78.45,888.55872,Promotional,Cash,Pending,Returned,428.11
5920,1079,P002,C0927,SP04,L03,26,404.22,405.41472,Seasonal,Installment,Cancelled,Returned,445.43
5921,1079,P002,C2118,SP06,L09,37,371.39,6074.5344,Promotional,Online Payment,Pending,Partially Returned,373.04
5922,1079,P005,C0855,SP02,L08,18,446.39,6753.240000000001,Bulk Purchase,Online Payment,Pending,Returned,265.87
5923,1079,P005,C0169,SP04,L05,46,465.38,1860.8408,No Discount,Online Payment,Delivered,Returned,112.16
5924,1079,P005,C1655,SP05,L10,5,232.71,10823.568,No Discount,Online Payment,Pending,Returned,499.64
5925,1079,P006,C2031,SP01,L05,3,111.77,3407.5132,Bulk Purchase,Online Payment,Cancelled,No Returns,146.99
5926,1079,P006,C0767,SP06,L06,27,293.1,8649.024,No Discount,Online Payment,Pending,Partially Returned,355.86
5927,1080,P001,C0024,SP02,L08,24,36.14,3633.255,No Discount,Credit Card,Pending,Returned,306.45
5928,1080,P001,C1645,SP04,L06,3,48.02,4268.6208,Bulk Purchase,Cash,Cancelled,No Returns,430.02
5929,1080,P002,C0491,SP03,L07,39,310.86,1361.052,Bulk Purchase,Installment,Delivered,Returned,77.97
5930,1080,P002,C1570,SP05,L01,8,103.0,2844.744,Seasonal,Credit Card,Pending,Returned,117.63
5931,1080,P002,C0688,SP05,L05,20,217.29,447.5744,Seasonal,Online Payment,Pending,Returned,26.94
5932,1080,P003,C0599,SP06,L01,36,36.45,893.4659999999999,Bulk Purchase,Credit Card,Delivered,No Returns,451.07
5933,1081,P002,C1604,SP04,L07,21,145.54,1785.5145,No Discount,Credit Card,Cancelled,Returned,244.98
5934,1081,P002,C1987,SP05,L08,1,320.75,3475.035,Bulk Purchase,Credit Card,Cancelled,Partially Returned,3.26
5935,1081,P003,C1240,SP03,L10,30,448.2,2665.4656,No Discount,Installment,Pending,Returned,109.7
5936,1081,P003,C1024,SP05,L02,48,383.43,572.74112,Bulk Purchase,Installment,Delivered,Partially Returned,69.31
5937,1081,P004,C0187,SP01,L06,36,349.91,4024.32,Promotional,Online Payment,Delivered,No Returns,467.81
5938,1081,P004,C0661,SP06,L03,39,13.18,3867.733800000001,Seasonal,Credit Card,Cancelled,Partially Returned,291.0
5939,1081,P005,C0142,SP01,L08,47,277.2,1583.712,Seasonal,Cash,Pending,No Returns,438.74
5940,1081,P005,C1957,SP01,L05,33,378.4,1420.4736,Promotional,Online Payment,Cancelled,Returned,5.56
5941,1082,P001,C1233,SP02,L09,31,262.34,3763.3728,Seasonal,Credit Card,Delivered,No Returns,233.48
5942,1082,P001,C1712,SP06,L09,1,282.75,1112.77056,Seasonal,Installment,Cancelled,No Returns,209.63
5943,1083,P002,C1758,SP02,L02,40,400.71,3723.5968,Seasonal,Online Payment,Delivered,Partially Returned,248.88
5944,1083,P002,C1886,SP05,L04,1,427.12,648.6048,Promotional,Online Payment,Pending,Returned,195.61
5945,1083,P002,C1992,SP06,L11,26,489.76,3216.729600000001,Seasonal,Cash,Delivered,Returned,293.4
5946,1083,P004,C1891,SP01,L04,31,462.41,371.05344,Bulk Purchase,Installment,Delivered,Returned,111.64
5947,1083,P006,C1660,SP04,L10,3,260.39,3245.536,No Discount,Online Payment,Delivered,Returned,447.66
5948,1084,P003,C1857,SP03,L07,22,60.84,1170.3636,Seasonal,Cash,Delivered,Returned,33.61
5949,1084,P003,C0230,SP04,L04,46,286.95,1165.752,No Discount,Credit Card,Delivered,No Returns,369.2
5950,1084,P005,C1149,SP05,L07,33,127.99,1078.728,Seasonal,Online Payment,Delivered,Partially Returned,51.83
5951,1084,P006,C1073,SP01,L01,40,191.15,1173.6032,Bulk Purchase,Installment,Pending,Partially Returned,61.13
5952,1084,P006,C1236,SP04,L11,11,174.38,1415.2704,No Discount,Cash,Pending,No Returns,14.79
5953,1085,P001,C0656,SP01,L07,16,68.25,893.7936,No Discount,Installment,Cancelled,Partially Returned,451.87
5954,1085,P002,C0140,SP01,L09,23,494.63,2217.82528,Seasonal,Installment,Delivered,Partially Returned,161.1
5955,1085,P002,C1241,SP06,L05,44,97.49,943.1058,Bulk Purchase,Credit Card,Delivered,Returned,282.53
5956,1085,P003,C0150,SP03,L04,36,446.52,3449.8224,Seasonal,Online Payment,Cancelled,No Returns,385.06
5957,1085,P003,C2119,SP05,L03,12,384.68,1726.34976,Seasonal,Installment,Cancelled,No Returns,75.3
5958,1085,P004,C0794,SP02,L07,16,247.18,1487.556,No Discount,Online Payment,Cancelled,No Returns,215.52
5959,1085,P005,C0678,SP05,L09,33,200.46,1570.52544,No Discount,Cash,Delivered,Returned,488.95
5960,1085,P006,C1608,SP03,L09,24,321.45,2975.456,Seasonal,Online Payment,Pending,Returned,344.89
5961,1086,P001,C1608,SP03,L12,39,141.7,2774.10624,Bulk Purchase,Cash,Pending,Partially Returned,115.17
5962,1086,P002,C1096,SP01,L05,44,447.09,1844.8248,Promotional,Cash,Delivered,No Returns,24.25
5963,1086,P003,C2053,SP02,L08,2,264.22,2458.62,No Discount,Installment,Delivered,No Returns,399.64
5964,1086,P005,C0341,SP06,L03,9,368.73,1723.842,No Discount,Credit Card,Delivered,Returned,39.52
5965,1086,P006,C0505,SP02,L08,16,260.66,5630.2425,No Discount,Credit Card,Delivered,No Returns,53.15
5966,1087,P001,C0695,SP01,L02,37,460.45,2365.888,Bulk Purchase,Online Payment,Pending,Partially Returned,447.23
5967,1087,P001,C0213,SP01,L11,12,28.29,1371.4688,Promotional,Installment,Cancelled,No Returns,37.16
5968,1087,P001,C0303,SP04,L01,7,219.43,2299.038,Promotional,Credit Card,Delivered,Partially Returned,283.46
5969,1087,P002,C2143,SP06,L07,8,420.68,961.632,No Discount,Cash,Delivered,Returned,245.59
5970,1087,P003,C1417,SP06,L03,46,453.84,342.4550400000001,Bulk Purchase,Installment,Delivered,No Returns,341.79
5971,1087,P005,C1575,SP02,L08,46,435.04,1964.466,No Discount,Cash,Cancelled,Partially Returned,120.16
5972,1087,P005,C0298,SP03,L11,8,463.37,1042.9056,Seasonal,Cash,Pending,No Returns,308.2
5973,1087,P006,C1612,SP03,L05,25,239.95,690.3187200000001,Promotional,Installment,Delivered,Partially Returned,498.24
5974,1088,P001,C1257,SP06,L04,46,478.83,3652.9056,Bulk Purchase,Online Payment,Cancelled,Returned,375.53
5975,1088,P004,C2018,SP01,L01,13,365.85,1582.854,Seasonal,Credit Card,Cancelled,No Returns,215.1
5976,1088,P004,C0797,SP03,L06,9,197.03,5293.584,No Discount,Credit Card,Pending,Partially Returned,339.94
5977,1088,P005,C1737,SP06,L08,32,223.94,2316.24,Bulk Purchase,Online Payment,Pending,Returned,47.5
5978,1088,P006,C0386,SP01,L12,17,171.87,3920.0096,Bulk Purchase,Online Payment,Delivered,Returned,217.2
5979,1088,P006,C1570,SP04,L01,26,393.94,1955.3408,No Discount,Installment,Pending,No Returns,260.09
5980,1088,P006,C0544,SP06,L10,35,88.45,630.6944,Promotional,Installment,Delivered,No Returns,325.8
5981,1089,P001,C2104,SP03,L05,29,37.26,2818.9616,Seasonal,Online Payment,Pending,Partially Returned,454.43
5982,1089,P002,C1406,SP04,L10,19,67.38,3854.928,Bulk Purchase,Online Payment,Pending,No Returns,340.72
5983,1089,P002,C1283,SP05,L01,7,323.13,1868.4288,Seasonal,Cash,Cancelled,Returned,473.15
5984,1089,P004,C1610,SP06,L01,24,301.65,202.944,Seasonal,Installment,Delivered,Partially Returned,48.36
5985,1089,P004,C0735,SP06,L07,47,480.1,889.3752,Bulk Purchase,Installment,Delivered,Partially Returned,268.31
5986,1089,P005,C1221,SP01,L07,4,295.07,1098.9552,Promotional,Installment,Cancelled,Returned,108.42
5987,1089,P006,C0758,SP02,L04,26,95.67,1216.18368,Bulk Purchase,Installment,Cancelled,No Returns,107.44
5988,1090,P002,C0239,SP01,L01,32,427.04,1284.64,Bulk Purchase,Installment,Delivered,Returned,350.94
5989,1090,P002,C2140,SP04,L01,43,161.51,1801.296,Bulk Purchase,Installment,Cancelled,No Returns,79.33
5990,1090,P004,C0445,SP01,L05,49,167.46,1916.9787,No Discount,Credit Card,Pending,Returned,108.09
5991,1090,P005,C0062,SP02,L08,2,38.92,5818.5,Seasonal,Credit Card,Pending,No Returns,399.14
5992,1090,P006,C0951,SP02,L07,40,307.59,3012.6285,Promotional,Credit Card,Pending,Partially Returned,28.87
5993,1091,P001,C2148,SP02,L11,3,70.17,1947.392,Seasonal,Installment,Cancelled,Partially Returned,235.23
5994,1091,P001,C1417,SP04,L10,15,445.21,10074.96,Seasonal,Online Payment,Cancelled,Returned,71.82
5995,1091,P001,C0221,SP06,L09,42,407.66,4579.660800000001,Promotional,Online Payment,Cancelled,Returned,498.56
5996,1091,P002,C0242,SP02,L01,39,187.11,460.0512,No Discount,Installment,Delivered,Partially Returned,303.71
5997,1091,P003,C1857,SP01,L06,35,480.26,2637.7728,Bulk Purchase,Installment,Pending,Partially Returned,199.16
5998,1091,P004,C0319,SP01,L11,45,362.79,1615.232,Bulk Purchase,Online Payment,Cancelled,No Returns,27.38
5999,1091,P004,C0651,SP04,L05,32,35.52,863.6992,Bulk Purchase,Installment,Pending,No Returns,410.84
6000,1091,P006,C0725,SP05,L03,28,119.15,1636.61472,Bulk Purchase,Installment,Delivered,Partially Returned,226.09
